--scale company
--cambiar el valor de EnterpriseId A8248543-B5C7-4DCE-B518-E922D5DAEF00 
declare @EnterpriseId uniqueidentifier = (SELECT EnterpriseId FROM dbo.Enterprise WHERE Code = '20513427710')

INSERT INTO dbo.ScaleCompany (ScaleCompanyId,EnterpriseId,Code,Name,[MinValue],[MaxValue],ColorCode,SortOrder,IsActive,CreatedBy,CreationDate,UpdatedBy,UpdateDate) VALUES
	 (N'3133692F-C654-4700-A6D5-49D025FE2CC4',NULL,N'SC-0002',N'Riesgo Bajo',91.00,95.00,N'#4a90e2',2,1,N'admin',GETDATE(),N'admin',GETDATE()),
	 (N'66E26D24-327E-46B9-81E5-B1CB8BFD7DF0',NULL,N'SC-0003',N'Riesgo Moderado',81.00,90.00,N'#d4c713',3,1,N'admin',GETDATE(),N'admin',GETDATE()),
	 (N'E20E83F1-B95B-4FC5-8EC9-CEF3B4E6B43F',NULL,N'SC-0004',N'Riesgo Elevado',71.00,80.00,N'#f5a623',4,1,N'admin',GETDATE(),N'admin',GETDATE()),
	 (N'1BCFF8DB-6C90-4A2F-9BBD-D82C7E0BA929',NULL,N'SC-0005',N'Riesgo Critico',0.00,70.00,N'#d0021b',5,1,N'admin',GETDATE(),N'admin',GETDATE()),
	 (N'5E12A561-E43F-45E5-BC9D-F987A980F430',NULL,N'SC-0001',N'En Objetivo',96.00,100.00,N'#417505',1,1,N'system.admin',GETDATE(),N'admin',GETDATE());

-- GROUPS
-- Cambiar EnterpriseId A8248543-B5C7-4DCE-B518-E922D5DAEF00
INSERT INTO dbo.[Group] (GroupId,EnterpriseId,Name,Weighting,IsActive,CreatedBy,CreationDate,UpdatedBy,UpdateDate) VALUES
	 (N'4A55ADC7-CFBA-4979-660A-08DE122F9350',@EnterpriseId,N'DINERO (Caja / Bancos / Ventas)',30.00,1,N'admin',GETDATE(),N'admin',GETDATE()),
	 (N'4412D98D-E6D2-42EB-660B-08DE122F9350',@EnterpriseId,N'GESTION DE INVENTARIOS (Impacto en riesgos, lectura y resultados de P&L)',50.00,1,N'admin',GETDATE(),N'admin',GETDATE()),
	 (N'01B92D97-D1DD-427A-660C-08DE122F9350',@EnterpriseId,N'CUMPLIMIENTO NORMATIVO (Impacto en Gestión Inventarios)',10.00,1,N'admin',GETDATE(),N'admin',GETDATE()),
	 (N'663F6B67-5A08-4669-660D-08DE122F9350',@EnterpriseId,N'CUMPLIMIENTO NORMATIVO (Impacto en Back Office)',10.00,1,N'admin',GETDATE(),N'admin',GETDATE());

-- SCALE GROUPS
INSERT INTO DBAuditQA.dbo.ScaleGroup (ScaleGroupId,GroupId,Code,Name,HasSourceData,SortOrder,Weighting,IsActive,CreatedBy,CreationDate,UpdatedBy,UpdateDate) VALUES
	 (N'437C3B1B-ED05-4C48-8499-076C88618BD6',N'4412D98D-E6D2-42EB-660B-08DE122F9350',N'INV-1',N'Dif. Valorizada en ALMACEN - Fisico Vs Sistema',1,1,15.00,1,N'admin','2025-11-13 16:58:05.0833333',N'admin','2025-11-17 22:14:35.2696961'),
	 (N'335C76EC-3A8F-4CFF-8593-208A9F27ABDA',N'01B92D97-D1DD-427A-660C-08DE122F9350',N'CINV-1',N'Registro de Ingresos(asociadas,core u otros)',0,1,15.00,1,N'admin','2025-11-13 16:58:05.0833333',N'admin','2025-11-13 16:58:05.0833333'),
	 (N'44E5865F-7271-4D14-974B-2297B23946EB',N'4412D98D-E6D2-42EB-660B-08DE122F9350',N'INV-3',N'Control de Descarga x  Salidas (sin sustento)',0,3,10.00,1,N'admin','2025-11-13 16:58:05.0833333',N'admin','2025-11-13 16:58:05.0833333'),
	 (N'A3A7AA02-5770-400D-A235-31636E192121',N'01B92D97-D1DD-427A-660C-08DE122F9350',N'CINV-3',N'Aplicación de Descuentos Inventarios',0,3,30.00,1,N'admin','2025-11-13 16:58:05.0833333',N'admin','2025-11-13 16:58:05.0833333'),
	 (N'A3C72B7D-982B-4377-B181-33FB2A9D15D8',N'4A55ADC7-CFBA-4979-660A-08DE122F9350',N'DN-1',N'Arqueo Caja Chica',0,1,20.00,1,N'admin','2025-11-13 16:58:05.0833333',N'admin','2025-11-13 16:58:05.0833333'),
	 (N'D64BD028-45D1-4620-9F79-4D91B25F4096',N'4A55ADC7-CFBA-4979-660A-08DE122F9350',N'DN-5',N'Aplicación de Descuentos - Caja / Bancos / Ventas',0,5,15.00,1,N'admin','2025-11-13 16:58:05.0833333',N'admin','2025-11-13 16:58:05.0833333'),
	 (N'46A21C17-B379-4880-BBBE-55E7D7C8E383',N'4412D98D-E6D2-42EB-660B-08DE122F9350',N'INV-5',N'Vencimiento de Insumos / Mal Estado',0,5,10.00,1,N'admin','2025-11-13 16:58:05.0833333',N'admin','2025-11-13 16:58:05.0833333'),
	 (N'9C959014-5A7A-4F59-B2A5-61E2334EE9E4',N'4412D98D-E6D2-42EB-660B-08DE122F9350',N'INV-4',N'Descuento Aplicado en Auditoria',0,4,10.00,1,N'admin','2025-11-13 16:58:05.0833333',N'admin','2025-11-13 16:58:05.0833333'),
	 (N'2A73C0B1-6DD3-4EF8-A2EA-76142909BDFE',N'4A55ADC7-CFBA-4979-660A-08DE122F9350',N'DN-2',N'Arqueo Fondo de Sencillo',0,2,20.00,1,N'admin','2025-11-13 16:58:05.0833333',N'admin','2025-11-13 16:58:05.0833333'),
	 (N'DF93B3E9-7EEE-40C8-B8EE-78254D69B8AB',N'4412D98D-E6D2-42EB-660B-08DE122F9350',N'INV-6',N'Diferencia Real de Pollo',0,6,8.00,1,N'admin','2025-11-13 16:58:05.0833333',N'admin','2025-11-18 16:44:47.1956959');
INSERT INTO DBAuditQA.dbo.ScaleGroup (ScaleGroupId,GroupId,Code,Name,HasSourceData,SortOrder,Weighting,IsActive,CreatedBy,CreationDate,UpdatedBy,UpdateDate) VALUES
	 (N'8963D8F1-E642-4D9F-BEEC-985ABDAFB4B9',N'663F6B67-5A08-4669-660D-08DE122F9350',N'CBO-2',N'Verificación del Sistema CCTV',0,2,30.00,1,N'admin','2025-11-13 16:58:05.0833333',N'admin','2025-11-13 16:58:05.0833333'),
	 (N'74E60725-492E-40CA-B99A-9B177A96A3C4',N'663F6B67-5A08-4669-660D-08DE122F9350',N'CBO-1',N'Aprobación de venta a precio costo',0,1,40.00,1,N'admin','2025-11-13 16:58:05.0833333',N'admin','2025-11-13 16:58:05.0833333'),
	 (N'87A40461-5D99-472E-B86C-9E801F7173B7',N'4A55ADC7-CFBA-4979-660A-08DE122F9350',N'DN-4',N'Cuenta Corriente - Liquidaciones Tienda',0,4,15.00,1,N'admin','2025-11-13 16:58:05.0833333',N'admin','2025-11-13 16:58:05.0833333'),
	 (N'0FE32FE6-F6D7-4113-B775-A8B36743047A',N'4412D98D-E6D2-42EB-660B-08DE122F9350',N'INV-8',N'Diferencia Real de Lechuga',0,8,8.00,1,N'admin','2025-11-13 16:58:05.0833333',N'admin','2025-11-18 16:45:29.2672880'),
	 (N'40FED23C-B2F7-40C0-B36E-B21B1874E779',N'4412D98D-E6D2-42EB-660B-08DE122F9350',N'INV-7',N'Diferencia Real de Papa',0,7,8.00,1,N'admin','2025-11-13 16:58:05.0833333',N'admin','2025-11-18 16:44:55.3268480'),
	 (N'64266FFA-ABC7-4237-907C-B2C71191B0FB',N'4412D98D-E6D2-42EB-660B-08DE122F9350',N'INV-2',N'Dif. Valorizada en AREAS - Fisico Vs Sistema',1,2,15.00,1,N'admin','2025-11-13 16:58:05.0833333',N'admin','2025-11-17 22:13:45.9992735'),
	 (N'B3498FFE-0342-4172-9865-BA5B191A7AF7',N'663F6B67-5A08-4669-660D-08DE122F9350',N'CBO-3',N'Venta de Aceite Quemado',0,3,30.00,1,N'admin','2025-11-13 16:58:05.0833333',N'admin','2025-11-13 16:58:05.0833333'),
	 (N'77AEB317-256B-4F47-9BF1-BFE2A3AD3EF2',N'4412D98D-E6D2-42EB-660B-08DE122F9350',N'INV-9',N'Diferencia Real de Aji',0,9,8.00,1,N'admin','2025-11-13 16:58:05.0833333',N'admin','2025-11-18 16:45:11.4860776'),
	 (N'658A508A-F5DF-4DE8-B182-C5191B7346C8',N'01B92D97-D1DD-427A-660C-08DE122F9350',N'CINV-2',N'Aprobacion de bajas sin descuento',0,2,15.00,1,N'admin','2025-11-13 16:58:05.0833333',N'admin','2025-11-13 16:58:05.0833333'),
	 (N'62E6BB4B-9112-485B-B331-C736E4C832E3',N'4A55ADC7-CFBA-4979-660A-08DE122F9350',N'DN-3',N'Depositos de Dinero de Ventas',0,3,20.00,1,N'admin','2025-11-13 16:58:05.0833333',N'admin','2025-11-13 16:58:05.0833333');
INSERT INTO DBAuditQA.dbo.ScaleGroup (ScaleGroupId,GroupId,Code,Name,HasSourceData,SortOrder,Weighting,IsActive,CreatedBy,CreationDate,UpdatedBy,UpdateDate) VALUES
	 (N'228CE515-6FDB-4F8A-8F19-D0167B9D3C45',N'01B92D97-D1DD-427A-660C-08DE122F9350',N'CINV-4',N'Control Cortesias y Degustaciones',0,4,20.00,1,N'admin','2025-11-13 16:58:05.0833333',N'admin','2025-11-13 16:58:05.0833333'),
	 (N'16DBC1C4-B916-440C-866D-E5B10608DD4A',N'4412D98D-E6D2-42EB-660B-08DE122F9350',N'INV-10',N'Diferencia Real de Sazón',0,10,8.00,1,N'admin','2025-11-13 16:58:05.0833333',N'admin','2025-11-18 16:45:17.9327791'),
	 (N'8EF5F219-4E36-4602-8F37-EB7A36374BC5',N'01B92D97-D1DD-427A-660C-08DE122F9350',N'CINV-5',N'Aprobaciones de Transferencias entre tiendas',0,5,20.00,1,N'admin','2025-11-13 16:58:05.0833333',N'admin','2025-11-13 16:58:05.0833333'),
	 (N'0A3BB7EB-3CC8-4D11-B9E2-EE7EE119DCB2',N'4A55ADC7-CFBA-4979-660A-08DE122F9350',N'DN-6',N'HLDV (Hoja de Liquidación Diaria de Venta)',0,6,10.00,1,N'admin','2025-11-13 16:58:05.0833333',N'admin','2025-11-13 16:58:05.0833333');

--SCORING CRITERIA
INSERT INTO DBAuditQA.dbo.ScoringCriteria (ScoringCriteriaId,ScaleGroupId,CriteriaCode,CriteriaName,ResultFormula,ComparisonOperator,ExpectedValue,Score,SortOrder,ErrorMessage,SuccessMessage,IsActive,CreatedBy,CreationDate,UpdatedBy,UpdateDate) VALUES
	 (N'57B8A65C-33D6-4512-8620-0571806BA5D1',N'9C959014-5A7A-4F59-B2A5-61E2334EE9E4',N'SR-0072',N'CP-Descuentos Aplicados en Auditoria S/.',N'inv:total',N'<=',N'50',71.00,5,NULL,NULL,1,N'admin','2025-11-13 16:58:05.0833333',N'admin','2025-11-13 16:58:05.0833333'),
	 (N'70494239-53D3-41CF-AD90-083DDABBB37E',N'16DBC1C4-B916-440C-866D-E5B10608DD4A',N'SR-0093',N'La diferencia Real de Sazón es mayor a',N'rev_nivel_dife_real_sazon:porc_dif',N'<',N'1',100.00,2,NULL,NULL,1,N'admin','2025-11-13 16:58:05.0833333',N'70268709','2025-11-18 11:14:04.5461526'),
	 (N'028C6AEB-3EB7-45B3-84C8-0CE575439CB0',N'87A40461-5D99-472E-B86C-9E801F7173B7',N'SR-0018',N'CP-Observaciones',N'rev_cump:pregunta_uno.no + rev_cump:pregunta_dos.no + rev_cump:pregunta_tres.no',N'=',N'3',81.00,3,NULL,NULL,1,N'admin','2025-11-13 16:58:05.0833333',N'admin','2025-11-13 16:58:05.0833333'),
	 (N'3C4A39C5-8800-402B-B7A1-0FD587483F77',N'2A73C0B1-6DD3-4EF8-A2EA-76142909BDFE',N'SR-0021',N'Que el faltante en el cuadre del fondo de sencillo sea mayor a S/.',N'arqueo_tienda:total_arqueo - fondo_tienda:fondo_sencillo',N'<',N'-1',0.00,5,NULL,NULL,1,N'admin','2025-11-13 16:58:05.0833333',N'admin','2025-11-13 16:58:05.0833333'),
	 (N'64A01B52-7405-45DF-B582-13BB855B7208',N'44E5865F-7271-4D14-974B-2297B23946EB',N'SR-0066',N'Que el faltante neto de inventarios por sustentar sea mayor o igual a S/.',N'invent:total',N'>=',N'0.001',0.00,3,NULL,NULL,1,N'admin','2025-11-13 16:58:05.0833333',N'admin','2025-11-13 16:58:05.0833333'),
	 (N'A8407892-FFE1-49F9-83BD-13ED0AF76D85',N'16DBC1C4-B916-440C-866D-E5B10608DD4A',N'SR-0092',N'La diferencia Real de Sazón es mayor a',N'rev_nivel_dife_real_sazon:porc_dif',N'>',N'2',0.00,4,NULL,NULL,1,N'admin','2025-11-13 16:58:05.0833333',N'admin','2025-11-13 16:58:05.0833333'),
	 (N'DDF35356-E085-4378-8BAB-1445DC39CEC4',N'62E6BB4B-9112-485B-B331-C736E4C832E3',N'SR-0012',N'Deposito Integro y Deposito en Bóveda',N'revisio_cumplimiento:deposito_integro.Anomalia',N'>=',N'1',0.00,5,NULL,NULL,1,N'admin','2025-11-13 16:58:05.0833333',N'admin','2025-11-13 16:58:05.0833333'),
	 (N'A6820B44-30A0-422C-87D8-1477A0361998',N'437C3B1B-ED05-4C48-8499-076C88618BD6',N'SR-0055',N'CP-Faltantes Netos S/',N'diferencias:neto_soles',N'<=',N'20',91.00,3,NULL,NULL,1,N'admin','2025-11-13 16:58:05.0833333',N'admin','2025-11-13 16:58:05.0833333'),
	 (N'E9E6EC57-A257-4119-AD31-150838FD0277',N'0FE32FE6-F6D7-4113-B775-A8B36743047A',N'SR-0079',N'La diferencia Real de Papa es mayor a',N'inv:porcent_dif',N'>=',N'1',1.00,3,NULL,NULL,1,N'admin','2025-11-13 16:58:05.0833333',N'70268709','2025-11-18 10:54:09.3844668'),
	 (N'1C25514F-749E-4D28-802A-1525669DC075',N'40FED23C-B2F7-40C0-B36E-B21B1874E779',N'SR-0074',N'Criterio Principal',N'inv:diferencia',N'<=',N'0',100.00,1,NULL,NULL,1,N'admin','2025-11-13 16:58:05.0833333',N'70268709','2025-11-18 10:44:45.1336274');
INSERT INTO DBAuditQA.dbo.ScoringCriteria (ScoringCriteriaId,ScaleGroupId,CriteriaCode,CriteriaName,ResultFormula,ComparisonOperator,ExpectedValue,Score,SortOrder,ErrorMessage,SuccessMessage,IsActive,CreatedBy,CreationDate,UpdatedBy,UpdateDate) VALUES
	 (N'F785B879-3727-45E8-B07E-1A30FBA677E6',N'0FE32FE6-F6D7-4113-B775-A8B36743047A',N'SR-0078',N'Criterio principal',N'inv:porcent_dif',N'>',N'5',0.00,4,NULL,NULL,1,N'admin','2025-11-13 16:58:05.0833333',N'70268709','2025-11-18 10:53:09.0463302'),
	 (N'EBCCFF99-47DF-418C-8D4E-1B5A80EB123F',N'0A3BB7EB-3CC8-4D11-B9E2-EE7EE119DCB2',N'SR-0046',N'Cuadratura de Hoja de Liquidacipon - No cuadra-NO revelado en S.Cmrcial',N'rev_cump:hoja_cuadra.no_cuadra_no_revelado_en_sc_mrcial',N'>=',N'1',0.00,8,NULL,NULL,1,N'admin','2025-11-13 16:58:05.0833333',N'admin','2025-11-13 16:58:05.0833333'),
	 (N'227C06F0-1761-45DC-BB39-1CB0BA5DF99D',N'DF93B3E9-7EEE-40C8-B8EE-78254D69B8AB',N'SR-0085',N'La diferencia Real de Pollo es mayor a',N'ivn_dif_pollo:dif_pollos',N'>',N'0',0.00,3,NULL,NULL,1,N'admin','2025-11-13 16:58:05.0833333',N'admin','2025-11-18 16:50:47.8491493'),
	 (N'6CB36814-8D16-4BD9-8098-1CD32D8BCCC0',N'46A21C17-B379-4880-BBBE-55E7D7C8E383',N'SR-0081',N'Productos por vencer mayor a cero',N'inv:cond_producto.por_vencer',N'>',N'0',81.00,2,NULL,NULL,1,N'admin','2025-11-13 16:58:05.0833333',N'admin','2025-11-13 16:58:05.0833333'),
	 (N'EDAD5507-04C6-4C91-8E13-1DB6CCBE7DFB',N'8963D8F1-E642-4D9F-BEEC-985ABDAFB4B9',N'SR-0034',N'Nro de observaciones',N'cump_norm:observado.si',N'>',N'0',0.00,2,NULL,NULL,1,N'admin','2025-11-13 16:58:05.0833333',N'admin','2025-11-13 16:58:05.0833333'),
	 (N'C289F828-F8BC-4E3A-908B-1F207E7BE796',N'2A73C0B1-6DD3-4EF8-A2EA-76142909BDFE',N'SR-0024',N'CP-Faltanta de dinero S/.',N'arqueo_tienda:total_arqueo - fondo_tienda:fondo_sencillo',N'>',N'0',1.00,3,NULL,NULL,1,N'admin','2025-11-13 16:58:05.0833333',N'admin','2025-11-13 16:58:05.0833333'),
	 (N'38177649-6B16-4FDF-B13F-1FBE0407E931',N'F426EFDF-ECC6-48E6-9C81-3E3DE9173C64',N'SR-0093',N'La diferencia Real de Sazón es mayor a',N'rev_nivel_dife_real_sazon:porc_dif',N'>',N'1',1.00,3,NULL,NULL,1,N'admin','2025-11-17 09:31:29.7037203',N'admin','2025-11-17 09:31:29.7037214'),
	 (N'6B820421-8064-4BD1-9CEC-207B8AFC73F0',N'77AEB317-256B-4F47-9BF1-BFE2A3AD3EF2',N'SR-0086',N'Diferencia de ají en bolsa es menor a cero',N'dif_real:dif_aji_bolsas_ltrs',N'<=',N'0',100.00,1,NULL,NULL,1,N'admin','2025-11-13 16:58:05.0833333',N'70268709','2025-11-18 11:05:55.5760286'),
	 (N'ECB37F2C-AADD-42DC-8DC2-2152F72EF8C0',N'437C3B1B-ED05-4C48-8499-076C88618BD6',N'SR-0053',N'CP-Faltantes Netos S/',N'diferencias:neto_soles',N'>',N'0',100.00,1,NULL,NULL,1,N'admin','2025-11-13 16:58:05.0833333',N'admin','2025-11-13 16:58:05.0833333'),
	 (N'4F6F389C-953B-4702-BFD2-23081A84FD86',N'74E60725-492E-40CA-B99A-9B177A96A3C4',N'SR-0032',N'Nro de Observaciones',N'cump_norm:observado.si',N'>',N'0',0.00,2,NULL,NULL,1,N'admin','2025-11-13 16:58:05.0833333',N'admin','2025-11-13 16:58:05.0833333');
INSERT INTO DBAuditQA.dbo.ScoringCriteria (ScoringCriteriaId,ScaleGroupId,CriteriaCode,CriteriaName,ResultFormula,ComparisonOperator,ExpectedValue,Score,SortOrder,ErrorMessage,SuccessMessage,IsActive,CreatedBy,CreationDate,UpdatedBy,UpdateDate) VALUES
	 (N'BAC7D165-9672-4201-957B-25B8F7437389',N'437C3B1B-ED05-4C48-8499-076C88618BD6',N'SR-0056',N'CP-Faltantes Netos S/',N'diferencias:neto_soles',N'<=',N'30',81.00,4,NULL,NULL,1,N'admin','2025-11-13 16:58:05.0833333',N'admin','2025-11-13 16:58:05.0833333'),
	 (N'D2B5098C-0666-40D7-B5EF-26555CC2CBC1',N'16DBC1C4-B916-440C-866D-E5B10608DD4A',N'SR-0091',N'Diferencia de sazón menor igual a 0',N'rev_nivel_dife_real_sazon:dif_saz_kg',N'<=',N'0',100.00,1,NULL,NULL,1,N'admin','2025-11-13 16:58:05.0833333',N'70268709','2025-11-18 11:12:41.7805361'),
	 (N'E34D5D98-7D2D-485C-949A-26DB1074B479',N'0A3BB7EB-3CC8-4D11-B9E2-EE7EE119DCB2',N'SR-0045',N'Cuadratura de HLDV - No cuadra-revelado en S.Cmrcial > S/ 1',N'rev_cump:hoja_cuadra.no_cuadra_revelado_sc_mrcial_mayor_a_uno',N'>=',N'4',0.00,7,NULL,NULL,1,N'admin','2025-11-13 16:58:05.0833333',N'admin','2025-11-13 16:58:05.0833333'),
	 (N'32FB6962-7C18-4066-A81C-27857A5C3354',N'A3C72B7D-982B-4377-B181-33FB2A9D15D8',N'SR-0001',N'CP-Faltanta de dinero S/.',N'arqueo_tienda:total_arqueo - fondo_tienda:caja_chica',N'=',N'0',100.00,1,NULL,NULL,1,N'admin','2025-11-13 16:58:05.0833333',N'admin','2025-11-13 16:58:05.0833333'),
	 (N'7E749366-93E8-4BB0-B368-2A9F660F91CD',N'74E60725-492E-40CA-B99A-9B177A96A3C4',N'SR-0031',N'Nro de Observaciones',N'cump_norm:observado.si',N'=',N'0',100.00,1,NULL,NULL,1,N'admin','2025-11-13 16:58:05.0833333',N'admin','2025-11-13 16:58:05.0833333'),
	 (N'17428564-F090-4360-85F8-2B7B4EC0EBCE',N'D64BD028-45D1-4620-9F79-4D91B25F4096',N'SR-0026',N'Criterio general',N'revi_cump_uno:diferencia',N'=',N'0',100.00,1,NULL,NULL,1,N'admin','2025-11-13 16:58:05.0833333',N'admin','2025-11-13 16:58:05.0833333'),
	 (N'D7DBD627-724A-4ABC-9860-2D9162480430',N'44E5865F-7271-4D14-974B-2297B23946EB',N'SR-0065',N'CP-Faltantes Netos por sustentar S/.',N'invent:total',N'=',N'0',100.00,1,NULL,NULL,1,N'admin','2025-11-13 16:58:05.0833333',N'admin','2025-11-13 16:58:05.0833333'),
	 (N'F9416770-08B4-449C-8239-2DB04E178E87',N'437C3B1B-ED05-4C48-8499-076C88618BD6',N'SR-0058',N'CP-Faltantes Netos S/',N'diferencias:neto_soles',N'>=',N'50',1.00,6,NULL,NULL,1,N'admin','2025-11-13 16:58:05.0833333',N'admin','2025-11-13 16:58:05.0833333'),
	 (N'A692751B-592C-40E9-9101-2DE96AE43D9C',N'8963D8F1-E642-4D9F-BEEC-985ABDAFB4B9',N'SR-0033',N'Nro de observaciones',N'cump_norm:observado.si',N'=',N'0',100.00,1,NULL,NULL,1,N'admin','2025-11-13 16:58:05.0833333',N'admin','2025-11-13 16:58:05.0833333'),
	 (N'29539B4A-669F-4F8F-8BA6-2F92703E703F',N'62E6BB4B-9112-485B-B331-C736E4C832E3',N'SR-0010',N'Dia de retrazo mayor o igual a',N'revisio_cumplimiento:dias_retrazo',N'>=',N'3',0.00,3,NULL,NULL,1,N'admin','2025-11-13 16:58:05.0833333',N'admin','2025-11-13 16:58:05.0833333');
INSERT INTO DBAuditQA.dbo.ScoringCriteria (ScoringCriteriaId,ScaleGroupId,CriteriaCode,CriteriaName,ResultFormula,ComparisonOperator,ExpectedValue,Score,SortOrder,ErrorMessage,SuccessMessage,IsActive,CreatedBy,CreationDate,UpdatedBy,UpdateDate) VALUES
	 (N'351FDF07-D427-46E6-A0EE-31C5B7247A3B',N'9C959014-5A7A-4F59-B2A5-61E2334EE9E4',N'SR-0067',N'CP-Descuentos Aplicados en Auditoria S/.',N'inv:total',N'=',N'0',100.00,1,NULL,NULL,1,N'admin','2025-11-13 16:58:05.0833333',N'admin','2025-11-13 16:58:05.0833333'),
	 (N'D69550E3-4518-4FD6-8DC2-3445545FC5D3',N'2A73C0B1-6DD3-4EF8-A2EA-76142909BDFE',N'SR-0019',N'CP-Faltanta de dinero S/.',N'arqueo_tienda:total_arqueo - fondo_tienda:fondo_sencillo',N'=',N'0',100.00,1,NULL,NULL,1,N'admin','2025-11-13 16:58:05.0833333',N'admin','2025-11-13 16:58:05.0833333'),
	 (N'0F19863E-38FB-4610-BD77-3544EFBE520B',N'335C76EC-3A8F-4CFF-8593-208A9F27ABDA',N'SR-0037',N'Nro Observaciones',N'cump_norm:observado.si',N'=',N'0',100.00,1,NULL,NULL,1,N'admin','2025-11-13 16:58:05.0833333',N'admin','2025-11-13 16:58:05.0833333'),
	 (N'18442A98-8D5D-4085-96E9-368DB4B78BA7',N'8EF5F219-4E36-4602-8F37-EB7A36374BC5',N'SR-0041',N'Nro observaciones',N'cump_norm:obs.si',N'=',N'0',100.00,1,NULL,NULL,1,N'admin','2025-11-13 16:58:05.0833333',N'admin','2025-11-13 16:58:05.0833333'),
	 (N'9B14845B-9FDF-46A5-9D1C-36CC4A448806',N'0A3BB7EB-3CC8-4D11-B9E2-EE7EE119DCB2',N'SR-0044',N'Elaboración de Hoja de Liquidacion - No Elaboraron',N'rev_cump:elab_hoja_liq.no_hicieron',N'>=',N'1',0.00,6,NULL,NULL,1,N'admin','2025-11-13 16:58:05.0833333',N'admin','2025-11-13 16:58:05.0833333'),
	 (N'AE022270-DEC7-45CB-9DD0-3D5B305B199B',N'437C3B1B-ED05-4C48-8499-076C88618BD6',N'SR-0057',N'CP-Faltantes Netos S/',N'diferencias:neto_soles',N'<=',N'50',71.00,5,NULL,NULL,1,N'admin','2025-11-13 16:58:05.0833333',N'admin','2025-11-13 16:58:05.0833333'),
	 (N'520A6B00-6C15-4706-8B86-44A794983A70',N'0A3BB7EB-3CC8-4D11-B9E2-EE7EE119DCB2',N'SR-0030',N'Criterio principal',N'rev_cump:elab_hoja_liq.parcialmente + rev_cump:elab_hoja_liq.no_hicieron + rev_cump:hoja_cuadra.no_cuadra_no_revelado_en_sc_mrcial + rev_cump:hoja_cuadra.no_cuadra_revelado_sc_mrcial_mayor_a_uno',N'=',N'0',100.00,1,NULL,NULL,1,N'admin','2025-11-13 16:58:05.0833333',N'admin','2025-11-13 16:58:05.0833333'),
	 (N'33A3BE4A-EB35-40D7-A778-4B2946C587E3',N'B3498FFE-0342-4172-9865-BA5B191A7AF7',N'SR-0036',N'Nro observaciones',N'cump_norm:obs.si',N'>',N'0',0.00,2,NULL,NULL,1,N'admin','2025-11-13 16:58:05.0833333',N'admin','2025-11-13 16:58:05.0833333'),
	 (N'ABD524B6-DA96-4148-BD50-4EFAFDF9B8E7',N'44E5865F-7271-4D14-974B-2297B23946EB',N'SR-0064',N'CP-Faltantes Netos por sustentar S/.',N'invent:total',N'<=',N'10',96.00,2,NULL,NULL,1,N'admin','2025-11-13 16:58:05.0833333',N'admin','2025-11-13 16:58:05.0833333'),
	 (N'30DA3E24-A573-4682-A059-500097250FFA',N'9C959014-5A7A-4F59-B2A5-61E2334EE9E4',N'SR-0073',N'CP-Descuentos Aplicados en Auditoria S/.',N'inv:total',N'>=',N'50',1.00,6,NULL,NULL,1,N'admin','2025-11-13 16:58:05.0833333',N'admin','2025-11-13 16:58:05.0833333');
INSERT INTO DBAuditQA.dbo.ScoringCriteria (ScoringCriteriaId,ScaleGroupId,CriteriaCode,CriteriaName,ResultFormula,ComparisonOperator,ExpectedValue,Score,SortOrder,ErrorMessage,SuccessMessage,IsActive,CreatedBy,CreationDate,UpdatedBy,UpdateDate) VALUES
	 (N'63AA2EC4-2479-4FFC-ADD5-5278A37C585B',N'0FE32FE6-F6D7-4113-B775-A8B36743047A',N'SR-0078',N'Criterio principal',N'inv:dif_papa',N'<=',N'0',100.00,1,NULL,NULL,1,N'70268709','2025-11-18 10:51:53.4637623',N'70268709','2025-11-18 10:51:53.4637631'),
	 (N'6ECAE8B4-2530-4EFA-B110-5C1676AF7572',N'77AEB317-256B-4F47-9BF1-BFE2A3AD3EF2',N'SR-0089',N'Diferencia de ají en bolsa es mayor a 1',N'dif_real:pct_diferencia',N'>=',N'1',1.00,3,NULL,NULL,1,N'admin','2025-11-13 16:58:05.0833333',N'70268709','2025-11-18 11:07:55.5074555'),
	 (N'25457349-F0B5-4ADB-9036-5C2BAF2ACC2E',N'A3C72B7D-982B-4377-B181-33FB2A9D15D8',N'SR-0003',N'Que el faltante en el cuadre de caja chica sea mayor a S/.',N'arqueo_tienda:total_arqueo - fondo_tienda:caja_chica',N'<',N'-1',0.00,3,NULL,NULL,1,N'admin','2025-11-13 16:58:05.0833333',N'admin','2025-11-13 16:58:05.0833333'),
	 (N'EE83B4CD-34C3-4313-9130-5F2270422131',N'0A3BB7EB-3CC8-4D11-B9E2-EE7EE119DCB2',N'SR-0043',N'Elaboración de Hoja de Liquidación - Parcialmente',N'rev_cump:elab_hoja_liq.parcialmente',N'>=',N'2',0.00,5,NULL,NULL,1,N'admin','2025-11-13 16:58:05.0833333',N'admin','2025-11-13 16:58:05.0833333'),
	 (N'25A17676-654D-4405-9586-5F8173443A2A',N'658A508A-F5DF-4DE8-B182-C5191B7346C8',N'SR-0040',N'Nro Observaciones',N'cump_norm:observado.si',N'>',N'0',0.00,2,NULL,NULL,1,N'admin','2025-11-13 16:58:05.0833333',N'admin','2025-11-13 16:58:05.0833333'),
	 (N'C30B7AB5-CCDB-4FA9-A9AF-62E9CA09696E',N'64266FFA-ABC7-4237-907C-B2C71191B0FB',N'SR-0062',N'CC1-Suma de sobrantes + faltantes S/.',N'diferencias:faltantes_soles + - diferencias:sobrantes_soles',N'<=',N'20',96.00,2,NULL,NULL,1,N'admin','2025-11-13 16:58:05.0833333',N'admin','2025-11-13 16:58:05.0833333'),
	 (N'5A3038AF-A6B6-475D-8EFA-66937585F791',N'437C3B1B-ED05-4C48-8499-076C88618BD6',N'SR-0054',N'CP-Faltantes Netos S/',N'diferencias:neto_soles',N'<=',N'10',96.00,2,NULL,NULL,1,N'admin','2025-11-13 16:58:05.0833333',N'admin','2025-11-13 16:58:05.0833333'),
	 (N'F300748B-38DD-4B11-B853-69DEACBBC2AB',N'62E6BB4B-9112-485B-B331-C736E4C832E3',N'SR-0008',N'Criterio Principal',N'revisio_cumplimiento:incump_dia_deposito.Si + revisio_cumplimiento:registro_sistema.No + revisio_cumplimiento:deposito_integro.Anomalia',N'=',N'0',100.00,1,NULL,NULL,1,N'admin','2025-11-13 16:58:05.0833333',N'admin','2025-11-13 16:58:05.0833333'),
	 (N'6E43612A-EF78-4A64-9847-6A92D3F6196F',N'9C959014-5A7A-4F59-B2A5-61E2334EE9E4',N'SR-0068',N'CP-Descuentos Aplicados en Auditoria S/.',N'inv:total',N'<=',N'10',96.00,2,NULL,NULL,1,N'admin','2025-11-13 16:58:05.0833333',N'admin','2025-11-13 16:58:05.0833333'),
	 (N'E53BD953-3D1C-4208-AFD1-6ECA639EAC5B',N'658A508A-F5DF-4DE8-B182-C5191B7346C8',N'SR-0039',N'Nro Observaciones',N'cump_norm:observado.si',N'=',N'0',100.00,1,NULL,NULL,1,N'admin','2025-11-13 16:58:05.0833333',N'admin','2025-11-13 16:58:05.0833333');
INSERT INTO DBAuditQA.dbo.ScoringCriteria (ScoringCriteriaId,ScaleGroupId,CriteriaCode,CriteriaName,ResultFormula,ComparisonOperator,ExpectedValue,Score,SortOrder,ErrorMessage,SuccessMessage,IsActive,CreatedBy,CreationDate,UpdatedBy,UpdateDate) VALUES
	 (N'483FE313-3D31-4FF1-9F02-731DFE75E350',N'F426EFDF-ECC6-48E6-9C81-3E3DE9173C64',N'SR-0090',N'Diferencia de sazón menor a 0',N'rev_nivel_dife_real_sazon:dif_saz_kg',N'<',N'0',100.00,1,NULL,NULL,1,N'admin','2025-11-17 09:31:29.7040025',N'admin','2025-11-17 09:31:29.7040025'),
	 (N'6C15090E-F1E2-4042-8FE7-734AEF30B03D',N'D64BD028-45D1-4620-9F79-4D91B25F4096',N'SR-0027',N'Criterio general',N'revi_cump_uno:diferencia',N'>',N'0',1.00,2,NULL,NULL,1,N'admin','2025-11-13 16:58:05.0833333',N'admin','2025-11-13 16:58:05.0833333'),
	 (N'63AB636E-B81C-4FD4-B845-76DBA5982412',N'D64BD028-45D1-4620-9F79-4D91B25F4096',N'SR-0028',N'Que no se haya declarado descuentos por faltantes de caja en tareo por más de S/.',N'revi_cump_uno:diferencia',N'>',N'1',0.00,3,NULL,NULL,1,N'admin','2025-11-13 16:58:05.0833333',N'admin','2025-11-13 16:58:05.0833333'),
	 (N'51BF1D02-9F14-4FF4-B18C-77D2192F865B',N'D64BD028-45D1-4620-9F79-4D91B25F4096',N'SR-0029',N'Documentos no firmados',N'revi_cump_dos:firmados.no',N'>',N'0',0.00,4,NULL,NULL,1,N'admin','2025-11-13 16:58:05.0833333',N'admin','2025-11-13 16:58:05.0833333'),
	 (N'22EC527E-08E0-4028-8E8E-7BDE3C6160F9',N'0A3BB7EB-3CC8-4D11-B9E2-EE7EE119DCB2',N'SR-0081',N'No cuadra revelado >S/1',N'rev_cump:hoja_cuadra.no_cuadra_revelado_sc_mrcial_mayor_a_uno',N'=',N'2',81.00,3,NULL,NULL,1,N'admin','2025-11-18 17:07:08.0720034',N'admin','2025-11-18 17:07:08.0720039'),
	 (N'FE77F7B0-27A3-4FF0-826E-7D02353ACDE6',N'A3C72B7D-982B-4377-B181-33FB2A9D15D8',N'SR-0005',N'Cuando se detecte sobrantes de dinero no Justificados mayores a S/.',N'( arqueo_tienda:total_arqueo - fondo_tienda:caja_chica ) - justificacion_sobrantes:monto_soles',N'<',N'-1',0.00,5,NULL,NULL,1,N'admin','2025-11-13 16:58:05.0833333',N'admin','2025-11-13 16:58:05.0833333'),
	 (N'90029A30-4404-4795-A447-85ED899908B2',N'40FED23C-B2F7-40C0-B36E-B21B1874E779',N'SR-0075',N'La diferencia Real de Papa es mayor a',N'inv:porcent_dife',N'>',N'2',0.00,4,NULL,NULL,1,N'admin','2025-11-13 16:58:05.0833333',N'admin','2025-11-13 16:58:05.0833333'),
	 (N'9DA3BFE0-3C9D-4556-A989-95F28F026513',N'0A3BB7EB-3CC8-4D11-B9E2-EE7EE119DCB2',N'SR-0080',N'No cuadra revelado >S/1',N'rev_cump:hoja_cuadra.no_cuadra_revelado_sc_mrcial_mayor_a_uno',N'=',N'1',91.00,2,NULL,NULL,1,N'admin','2025-11-18 17:05:05.4744731',N'admin','2025-11-18 17:05:05.4744741'),
	 (N'5DD94CCB-1FB7-4569-ADEF-99D37016685E',N'F426EFDF-ECC6-48E6-9C81-3E3DE9173C64',N'SR-0092',N'La diferencia Real de Sazón es mayor a',N'rev_nivel_dife_real_sazon:porc_dif',N'>',N'2',0.00,4,NULL,NULL,1,N'admin','2025-11-17 09:31:29.7038441',N'admin','2025-11-17 09:31:29.7038441'),
	 (N'703AA394-1A61-4B03-A312-9E27559A29D4',N'64266FFA-ABC7-4237-907C-B2C71191B0FB',N'SR-0063',N'Que la suma de faltantes + sobrantes sea mayor a S/.',N'- ( diferencias:neto_soles )',N'>=',N'100',0.00,4,NULL,NULL,1,N'admin','2025-11-13 16:58:05.0833333',N'admin','2025-11-13 16:58:05.0833333');
INSERT INTO DBAuditQA.dbo.ScoringCriteria (ScoringCriteriaId,ScaleGroupId,CriteriaCode,CriteriaName,ResultFormula,ComparisonOperator,ExpectedValue,Score,SortOrder,ErrorMessage,SuccessMessage,IsActive,CreatedBy,CreationDate,UpdatedBy,UpdateDate) VALUES
	 (N'08047D19-82CB-49F4-8732-A17B9119AE17',N'40FED23C-B2F7-40C0-B36E-B21B1874E779',N'SR-0077',N'Criterio Principal',N'inv:porcent_dife',N'<',N'1',100.00,2,NULL,NULL,1,N'70268709','2025-11-18 10:49:05.0803965',N'70268709','2025-11-18 10:49:05.0804194'),
	 (N'50196E31-45DB-460D-BF5D-A2A55AF6EFD7',N'B3498FFE-0342-4172-9865-BA5B191A7AF7',N'SR-0035',N'Nro observaciones',N'cump_norm:obs.si',N'=',N'0',100.00,1,NULL,NULL,1,N'admin','2025-11-13 16:58:05.0833333',N'admin','2025-11-13 16:58:05.0833333'),
	 (N'BF9F8CFB-FF59-4A62-B406-A2F17057C3F8',N'46A21C17-B379-4880-BBBE-55E7D7C8E383',N'SR-0080',N'Productos por vencer igual a cero',N'inv:cond_producto.por_vencer',N'=',N'0',100.00,1,NULL,NULL,1,N'admin','2025-11-13 16:58:05.0833333',N'admin','2025-11-13 16:58:05.0833333'),
	 (N'2DCD0762-B166-45D4-92CE-A3F9D15F460C',N'9C959014-5A7A-4F59-B2A5-61E2334EE9E4',N'SR-0071',N'Que los descuentos por faltantes de inventarios sea mayor o igual a S/.',N'inv:total',N'>=',N'100',0.00,7,NULL,NULL,1,N'admin','2025-11-13 16:58:05.0833333',N'admin','2025-11-13 16:58:05.0833333'),
	 (N'CA8CD566-C18B-4EF3-9245-A758080F40F0',N'8EF5F219-4E36-4602-8F37-EB7A36374BC5',N'SR-0042',N'Nro observaciones',N'cump_norm:obs.si',N'>',N'0',0.00,2,NULL,NULL,1,N'admin','2025-11-13 16:58:05.0833333',N'admin','2025-11-13 16:58:05.0833333'),
	 (N'D8A2C79D-5582-4910-A514-AC4B9B447965',N'DF93B3E9-7EEE-40C8-B8EE-78254D69B8AB',N'SR-0083',N'Diferencia de pollos es igual a cero',N'ivn_dif_pollo:dif_pollos',N'<=',N'0',100.00,1,NULL,NULL,1,N'admin','2025-11-13 16:58:05.0833333',N'admin','2025-11-18 16:50:10.7105684'),
	 (N'E310ECD3-E437-41E5-8B64-ACD229B0EAB3',N'16DBC1C4-B916-440C-866D-E5B10608DD4A',N'SR-0079',N'La diferencia Real de Sazón es mayor a',N'rev_nivel_dife_real_sazon:porc_dif',N'>=',N'1',1.00,3,NULL,NULL,1,N'70268709','2025-11-18 11:13:37.5853999',N'70268709','2025-11-18 11:13:37.5854004'),
	 (N'970B3B5B-8CB2-4E7F-AE5D-AD0B39823940',N'64266FFA-ABC7-4237-907C-B2C71191B0FB',N'SR-0061',N'Cp - Faltante neto',N'diferencias:neto_soles',N'<=',N'10',96.00,1,NULL,NULL,1,N'admin','2025-11-13 16:58:05.0833333',N'admin','2025-11-13 16:58:05.0833333'),
	 (N'8A24E97C-D8FF-4DFF-8DB8-AF3767FC33D8',N'A3A7AA02-5770-400D-A235-31636E192121',N'SR-0047',N'Criterio principal',N'cump_norm_uno:diferencia',N'=',N'0',100.00,1,NULL,NULL,1,N'admin','2025-11-13 16:58:05.0833333',N'admin','2025-11-13 16:58:05.0833333'),
	 (N'37FD52C9-5860-45AE-9BE6-B0D879F8508B',N'77AEB317-256B-4F47-9BF1-BFE2A3AD3EF2',N'SR-0088',N'La diferencia real de ají es mayor a 3%',N'dif_real:pct_diferencia',N'>',N'3',0.00,4,NULL,NULL,1,N'admin','2025-11-13 16:58:05.0833333',N'admin','2025-11-13 16:58:05.0833333');
INSERT INTO DBAuditQA.dbo.ScoringCriteria (ScoringCriteriaId,ScaleGroupId,CriteriaCode,CriteriaName,ResultFormula,ComparisonOperator,ExpectedValue,Score,SortOrder,ErrorMessage,SuccessMessage,IsActive,CreatedBy,CreationDate,UpdatedBy,UpdateDate) VALUES
	 (N'07B7A6FA-B26A-4C8A-984E-B28759D3BCFD',N'0FE32FE6-F6D7-4113-B775-A8B36743047A',N'SR-0077',N'Criterio principal',N'inv:porcent_dif',N'<',N'1',100.00,2,NULL,NULL,1,N'admin','2025-11-13 16:58:05.0833333',N'70268709','2025-11-18 10:35:01.2186961'),
	 (N'BE0A6086-B125-4781-88C0-B53BA20A4FFA',N'9C959014-5A7A-4F59-B2A5-61E2334EE9E4',N'SR-0069',N'CP-Descuentos Aplicados en Auditoria S/.',N'inv:total',N'<=',N'20',91.00,3,NULL,NULL,1,N'admin','2025-11-13 16:58:05.0833333',N'admin','2025-11-13 16:58:05.0833333'),
	 (N'0991DC6E-FF57-447C-B128-BA0DFB7CD97F',N'46A21C17-B379-4880-BBBE-55E7D7C8E383',N'SR-0082',N'productos vencidos mayor a cero',N'inv:cond_producto.vencido',N'>',N'0',0.00,3,NULL,NULL,1,N'admin','2025-11-13 16:58:05.0833333',N'admin','2025-11-13 16:58:05.0833333'),
	 (N'345E0B22-25D9-41F1-966F-BA8693725931',N'228CE515-6FDB-4F8A-8F19-D0167B9D3C45',N'SR-0050',N'Nro observaciones =0',N'cump_norm:cortesia.x + cump_norm:degustacion.x + cump_norm:prueba.x',N'=',N'0',100.00,1,NULL,NULL,1,N'admin','2025-11-13 16:58:05.0833333',N'admin','2025-11-13 16:58:05.0833333'),
	 (N'B5EAE705-56E5-4F9A-AFD4-BB5D2FE0AEE1',N'A3C72B7D-982B-4377-B181-33FB2A9D15D8',N'SR-0004',N'Cuando la suma de documentos invalidos sean mayores a S/.',N'arqueo_tienda:comp_invalidos',N'>',N'1',0.00,4,NULL,NULL,1,N'admin','2025-11-13 16:58:05.0833333',N'admin','2025-11-13 16:58:05.0833333'),
	 (N'77D2F560-ED2B-412D-B32B-BC1D228948D1',N'62E6BB4B-9112-485B-B331-C736E4C832E3',N'SR-0009',N'Casos de incumplimiento en dia de deposito mayor o igual a',N'revisio_cumplimiento:incump_dia_deposito.Si',N'>=',N'2',0.00,2,NULL,NULL,1,N'admin','2025-11-13 16:58:05.0833333',N'admin','2025-11-13 16:58:05.0833333'),
	 (N'F2F35756-1949-4341-A796-BFC1448353B1',N'77AEB317-256B-4F47-9BF1-BFE2A3AD3EF2',N'SR-0087',N'Diferencia de ají en bolsa es igual a cero',N'dif_real:pct_diferencia',N'<',N'1',100.00,2,NULL,NULL,1,N'admin','2025-11-13 16:58:05.0833333',N'70268709','2025-11-18 11:07:45.8324068'),
	 (N'9E5A92F4-2F48-4F69-AC0B-C0A4F22E72A3',N'DF93B3E9-7EEE-40C8-B8EE-78254D69B8AB',N'SR-0084',N'Diferencia de pollos es mayor a cero',N'ivn_dif_pollo:dif_pollos',N'>',N'0',1.00,2,NULL,NULL,1,N'admin','2025-11-13 16:58:05.0833333',N'admin','2025-11-13 16:58:05.0833333'),
	 (N'89133075-E96A-46D4-B2D5-C42E82D82FA2',N'64266FFA-ABC7-4237-907C-B2C71191B0FB',N'SR-0060',N'Suma de sobrantes mas faltantes sea mayor a 200',N'diferencias:faltantes_soles + - diferencias:sobrantes_soles',N'>=',N'200',0.00,3,NULL,NULL,1,N'admin','2025-11-13 16:58:05.0833333',N'admin','2025-11-13 16:58:05.0833333'),
	 (N'12FF2B27-2AE3-4A99-8456-C45E9B646FB8',N'A3A7AA02-5770-400D-A235-31636E192121',N'SR-0048',N'Que no se haya declarado descuentos por faltantes de INVENTARIOS en tareo por más de S/.',N'cump_norm_uno:diferencia',N'>',N'1',0.00,2,NULL,NULL,1,N'admin','2025-11-13 16:58:05.0833333',N'admin','2025-11-13 16:58:05.0833333');
INSERT INTO DBAuditQA.dbo.ScoringCriteria (ScoringCriteriaId,ScaleGroupId,CriteriaCode,CriteriaName,ResultFormula,ComparisonOperator,ExpectedValue,Score,SortOrder,ErrorMessage,SuccessMessage,IsActive,CreatedBy,CreationDate,UpdatedBy,UpdateDate) VALUES
	 (N'5C01018A-573D-4536-BE37-C6D76E36FDA2',N'0A3BB7EB-3CC8-4D11-B9E2-EE7EE119DCB2',N'SR-0082',N'Elaboración de Hoja de Liquidación - Parcialmente',N'rev_cump:elab_hoja_liq.parcialmente',N'!=',N'2',1.00,4,NULL,NULL,1,N'admin','2025-11-18 17:08:22.7316098',N'admin','2025-11-18 17:08:22.7316103'),
	 (N'E4532B17-4299-42A0-A842-D09981F847AF',N'87A40461-5D99-472E-B86C-9E801F7173B7',N'SR-0017',N'CP-Observaciones',N'rev_cump:pregunta_uno.no + rev_cump:pregunta_dos.no + rev_cump:pregunta_tres.no',N'<=',N'2',91.00,2,NULL,NULL,1,N'admin','2025-11-13 16:58:05.0833333',N'admin','2025-11-13 16:58:05.0833333'),
	 (N'E70C2F37-FE46-4282-B51E-D0D5CB1FF702',N'2A73C0B1-6DD3-4EF8-A2EA-76142909BDFE',N'SR-0023',N'Cuando se detecte sobrantes de dinero no Justificados mayores a S/.',N'( arqueo_tienda:total_arqueo - fondo_tienda:fondo_sencillo ) - justi_sobrantes:monto_soles',N'>',N'1',0.00,7,NULL,NULL,1,N'admin','2025-11-13 16:58:05.0833333',N'admin','2025-11-13 16:58:05.0833333'),
	 (N'636A1521-09DB-404A-8421-D58F16F61558',N'F426EFDF-ECC6-48E6-9C81-3E3DE9173C64',N'SR-0091',N'Diferencia de sazón igual a 0',N'rev_nivel_dife_real_sazon:dif_saz_kg',N'=',N'0',100.00,2,NULL,NULL,1,N'admin','2025-11-17 09:31:29.7039208',N'admin','2025-11-17 09:31:29.7039209'),
	 (N'D84DA062-00AD-4A9C-BE4B-D810EE854AAA',N'228CE515-6FDB-4F8A-8F19-D0167B9D3C45',N'SR-0052',N'Nro observaciones >1',N'cump_norm:degustacion.x + cump_norm:prueba.x + cump_norm:cortesia.x',N'>',N'1',0.00,3,NULL,NULL,1,N'admin','2025-11-13 16:58:05.0833333',N'admin','2025-11-13 16:58:05.0833333'),
	 (N'FB134D71-4A0B-4C99-A859-D9FED5897FD1',N'A3A7AA02-5770-400D-A235-31636E192121',N'SR-0049',N'Cantidad de documentos no firmados',N'cump_norm_dos:firmados.no',N'>',N'0',0.00,3,NULL,NULL,1,N'admin','2025-11-13 16:58:05.0833333',N'admin','2025-11-13 16:58:05.0833333'),
	 (N'307BE7A4-4F74-4A8E-AE78-DFE390814849',N'A3C72B7D-982B-4377-B181-33FB2A9D15D8',N'SR-0002',N'CC1-Documentos invalidos S/.',N'arqueo_tienda:comp_invalidos',N'=',N'0',100.00,2,NULL,NULL,1,N'admin','2025-11-13 16:58:05.0833333',N'admin','2025-11-13 16:58:05.0833333'),
	 (N'D486D2B1-B533-40E7-A966-DFEDC8458C75',N'9C959014-5A7A-4F59-B2A5-61E2334EE9E4',N'SR-0070',N'CP-Descuentos Aplicados en Auditoria S/.',N'inv:total',N'<=',N'30',81.00,4,NULL,NULL,1,N'admin','2025-11-13 16:58:05.0833333',N'admin','2025-11-13 16:58:05.0833333'),
	 (N'91E3CC1A-DCB5-4B4B-993B-E41EE44848C8',N'87A40461-5D99-472E-B86C-9E801F7173B7',N'SR-0013',N'CP-Observaciones',N'rev_cump:pregunta_uno.no + rev_cump:pregunta_dos.no + rev_cump:pregunta_tres.no',N'=',N'0',100.00,1,NULL,NULL,1,N'admin','2025-11-13 16:58:05.0833333',N'admin','2025-11-13 16:58:05.0833333'),
	 (N'E7ADC148-1168-4B07-9763-E4D0D0FEBF64',N'2A73C0B1-6DD3-4EF8-A2EA-76142909BDFE',N'SR-0020',N'CC1-Documentos invalidos S/.',N'arqueo_tienda:comp_invalidos',N'=',N'0',100.00,2,NULL,NULL,1,N'admin','2025-11-13 16:58:05.0833333',N'admin','2025-11-13 16:58:05.0833333');
INSERT INTO DBAuditQA.dbo.ScoringCriteria (ScoringCriteriaId,ScaleGroupId,CriteriaCode,CriteriaName,ResultFormula,ComparisonOperator,ExpectedValue,Score,SortOrder,ErrorMessage,SuccessMessage,IsActive,CreatedBy,CreationDate,UpdatedBy,UpdateDate) VALUES
	 (N'A98175A8-F91B-42BD-8F72-E50F781ACB88',N'87A40461-5D99-472E-B86C-9E801F7173B7',N'SR-0014',N'Las diferencias detectadas sean responsabilidad de la administracion',N'rev_cump:pregunta_dos.si',N'>=',N'1',0.00,4,NULL,NULL,1,N'admin','2025-11-13 16:58:05.0833333',N'admin','2025-11-13 16:58:05.0833333'),
	 (N'2F678190-4B29-4723-A0F0-E607ABFF7CFE',N'335C76EC-3A8F-4CFF-8593-208A9F27ABDA',N'SR-0038',N'Nro Observaciones',N'cump_norm:observado.si',N'>',N'0',0.00,2,NULL,NULL,1,N'admin','2025-11-13 16:58:05.0833333',N'admin','2025-11-13 16:58:05.0833333'),
	 (N'0855F1AE-3FC2-420A-8093-E6D604D5D4DE',N'2A73C0B1-6DD3-4EF8-A2EA-76142909BDFE',N'SR-0025',N'CC1-Documentos invalidos S/.',N'arqueo_tienda:total_arqueo - fondo_tienda:fondo_sencillo',N'>',N'0',1.00,4,NULL,NULL,1,N'admin','2025-11-13 16:58:05.0833333',N'admin','2025-11-13 16:58:05.0833333'),
	 (N'0F24F07B-4307-43EE-B703-EF2C8F2148BF',N'2A73C0B1-6DD3-4EF8-A2EA-76142909BDFE',N'SR-0022',N'Cuando la suma de documentos invalidos sean mayores a S/.',N'arqueo_tienda:comp_invalidos',N'>',N'1',0.00,6,NULL,NULL,1,N'admin','2025-11-13 16:58:05.0833333',N'admin','2025-11-13 16:58:05.0833333'),
	 (N'41ADC8E4-2702-4714-B465-F43EC43FA60A',N'40FED23C-B2F7-40C0-B36E-B21B1874E779',N'SR-0076',N'La diferencia Real de Papa es mayor a',N'inv:porcent_dife',N'>=',N'1',1.00,3,NULL,NULL,1,N'admin','2025-11-13 16:58:05.0833333',N'70268709','2025-11-18 10:49:52.1388124'),
	 (N'3B628E10-D99B-4D8F-8BFD-F9B506745396',N'228CE515-6FDB-4F8A-8F19-D0167B9D3C45',N'SR-0051',N'Nro observaciones =1',N'cump_norm:cortesia.x + cump_norm:degustacion.x + cump_norm:prueba.x',N'=',N'1',1.00,2,NULL,NULL,1,N'admin','2025-11-13 16:58:05.0833333',N'admin','2025-11-13 16:58:05.0833333'),
	 (N'DF35A71B-1B01-4319-BB5F-FE0DC8E2F8ED',N'62E6BB4B-9112-485B-B331-C736E4C832E3',N'SR-0011',N'Casos de incumplimiento en registro del sistema mayor o igual a',N'revisio_cumplimiento:registro_sistema.No',N'>=',N'2',0.00,4,NULL,NULL,1,N'admin','2025-11-13 16:58:05.0833333',N'admin','2025-11-13 16:58:05.0833333');

-- CRITERIA SUB-RESULT

INSERT INTO dbo.CriteriaSubResult (CriteriaSubResultId,ScaleGroupId,CriteriaName,CriteriaCode,ResultFormula,ColorCode,Score,IsActive,CreatedBy,CreationDate,UpdatedBy,UpdateDate) VALUES
	 (N'8159E6F5-2E83-4451-9B9B-1233D5938D69',N'228CE515-6FDB-4F8A-8F19-D0167B9D3C45',N'Nro observaciones',N'CSR-0020',N'cump_norm:degustacion.x + cump_norm:prueba.x + cump_norm:cortesia.x',N'#c62424',NULL,1,N'admin',GETDATE(),N'admin',GETDATE()),
	 (N'DC7FDF1D-8C78-4C75-958F-19178E6F01DD',N'87A40461-5D99-472E-B86C-9E801F7173B7',N'Observaciones "Si"',N'CSR-0006',N'rev_cump:pregunta_uno.si + rev_cump:pregunta_dos.si + rev_cump:pregunta_tres.si',N'#1e4685',NULL,1,N'admin',GETDATE(),N'admin',GETDATE()),
	 (N'D91F9F3F-F44B-440E-B70E-20037CC4BEB4',N'335c76ec-3a8f-4cff-8593-208a9f27abda',N'Observaciones',N'CSR-0014',N'cump_norm:observado.si',N'#c31d1d',NULL,1,N'admin',GETDATE(),N'admin',GETDATE()),
	 (N'6E5BD339-F6F3-4936-88B2-31DD98152476',N'A3C72B7D-982B-4377-B181-33FB2A9D15D8',N'Resultado arqueo',N'CSR-0001',N'arqueo_tienda:total_arqueo - fondo_tienda:caja_chica',N'#7118b9',NULL,1,N'admin',GETDATE(),N'admin',GETDATE()),
	 (N'697F962D-E48D-412B-81B5-32CDE94D36CD',N'16DBC1C4-B916-440C-866D-E5B10608DD4A',N'Diferencia de sazón',N'CSR-0032',N'rev_nivel_dife_real_sazon:dif_saz_kg',N'#921616',NULL,1,N'admin',GETDATE(),N'admin',GETDATE()),
	 (N'4A67E4C9-0EC5-4593-878E-364558EA6B83',N'437C3B1B-ED05-4C48-8499-076C88618BD6',N'Faltante neto soles',N'CSR-0033',N'diferencias:neto_soles',N'#811818',NULL,1,N'admin',GETDATE(),N'admin',GETDATE()),
	 (N'6631D837-4E36-429B-B812-3AA94139B571',N'46A21C17-B379-4880-BBBE-55E7D7C8E383',N'Vencidos',N'CSR-0026',N'inv:cond_producto.vencido',N'#d01b1b',NULL,1,N'admin',GETDATE(),N'admin',GETDATE()),
	 (N'7AA25F8B-5BF0-4AE7-847A-415F20D744D6',N'77AEB317-256B-4F47-9BF1-BFE2A3AD3EF2',N'Dif aji bolsas',N'CSR-0029',N'dif_real:dif_aji_bolsas_ltrs',N'#ab1c1c',NULL,1,N'admin',GETDATE(),N'admin',GETDATE()),
	 (N'617550CD-A1AA-48B3-9649-54D220C7A4E0',N'B3498FFE-0342-4172-9865-BA5B191A7AF7',N'Observaciones',N'CSR-0013',N'cump_norm:obs.si',N'#a02727',NULL,1,N'admin',GETDATE(),N'admin',GETDATE()),
	 (N'4BEE9429-5218-496A-A00C-54F2145A5A16',N'0FE32FE6-F6D7-4113-B775-A8B36743047A',N'% de diferencia',N'CSR-0025',N'inv:porcent_dif',N'#b02121',NULL,1,N'admin',GETDATE(),N'admin',GETDATE());
INSERT INTO dbo.CriteriaSubResult (CriteriaSubResultId,ScaleGroupId,CriteriaName,CriteriaCode,ResultFormula,ColorCode,Score,IsActive,CreatedBy,CreationDate,UpdatedBy,UpdateDate) VALUES
	 (N'DFD6DC39-4FAF-4C3C-A138-5666F125B798',N'A3C72B7D-982B-4377-B181-33FB2A9D15D8',N'Total Justificados',N'CSR-0002',N'justificacion_sobrantes:monto_soles',N'#1c8fb5',NULL,1,N'admin',GETDATE(),N'admin',GETDATE()),
	 (N'9E217D2D-4329-4240-A02E-68D927C50225',N'0A3BB7EB-3CC8-4D11-B9E2-EE7EE119DCB2',N'Cri. Principal',N'CSR-0017',N'rev_cump:elab_hoja_liq.parcialmente + rev_cump:elab_hoja_liq.no_hicieron + rev_cump:hoja_cuadra.no_cuadra_no_revelado_en_sc_mrcial + rev_cump:hoja_cuadra.no_cuadra_revelado_sc_mrcial_mayor_a_uno',N'#19c298',NULL,1,N'admin',GETDATE(),N'admin',GETDATE()),
	 (N'8478CC24-F04F-4DE9-ABF0-6C7B39528E5B',N'8963D8F1-E642-4D9F-BEEC-985ABDAFB4B9',N'Nro observaciones',N'CSR-0012',N'cump_norm:observado.si',N'#c43636',NULL,1,N'admin',GETDATE(),N'admin',GETDATE()),
	 (N'A13954F5-ED00-400B-8E51-6DE1930DF3C0',N'62E6BB4B-9112-485B-B331-C736E4C832E3',N'Registro en sistema ok',N'CSR-0004',N'revisio_cumplimiento:registro_sistema.Si',N'#2db1d2',NULL,1,N'admin',GETDATE(),N'admin',GETDATE()),
	 (N'A353AB27-EDD2-4050-AD52-6DFA448129EB',N'658A508A-F5DF-4DE8-B182-C5191B7346C8',N'Observaciones',N'CSR-0015',N'cump_norm:observado.si',N'#ab2626',NULL,1,N'admin',GETDATE(),N'admin',GETDATE()),
	 (N'51B7DD0D-CA15-4570-B47D-79F7181CDE8A',N'8EF5F219-4E36-4602-8F37-EB7A36374BC5',N'Observaciones',N'CSR-0016',N'cump_norm:obs.si',N'#df1111',NULL,1,N'admin',GETDATE(),N'admin',GETDATE()),
	 (N'12A5185F-9DCD-4E8C-9A32-7B352D78CAB7',N'77AEB317-256B-4F47-9BF1-BFE2A3AD3EF2',N'Dif real ají',N'CSR-0030',N'dif_real:pct_diferencia',N'#295f99',NULL,1,N'admin',GETDATE(),N'admin',GETDATE()),
	 (N'12B726D9-5703-41DD-88A7-7EAD32460AA3',N'46A21C17-B379-4880-BBBE-55E7D7C8E383',N'Por vencer',N'CSR-0027',N'inv:cond_producto.por_vencer',N'#c37509',NULL,1,N'admin',GETDATE(),N'admin',GETDATE()),
	 (N'109D5C2A-2DDC-47FD-B1E1-8EB777236AE0',N'2A73C0B1-6DD3-4EF8-A2EA-76142909BDFE',N'Comp. inválidos',N'CSR-0008',N'arqueo_tienda:comp_invalidos',N'#a42828',NULL,1,N'admin',GETDATE(),N'admin',GETDATE()),
	 (N'E812BC0D-7F13-4E17-86EF-9F9016B23078',N'9C959014-5A7A-4F59-B2A5-61E2334EE9E4',N'Que los descuentos por faltantes de inventarios sea mayor o igual a S/.',N'CSR-0023',N'inv:total',N'#c62424',NULL,1,N'admin',GETDATE(),N'admin',GETDATE());
INSERT INTO dbo.CriteriaSubResult (CriteriaSubResultId,ScaleGroupId,CriteriaName,CriteriaCode,ResultFormula,ColorCode,Score,IsActive,CreatedBy,CreationDate,UpdatedBy,UpdateDate) VALUES
	 (N'8BF3FBAA-60D8-4E18-8EB4-A08C7D886802',N'62E6BB4B-9112-485B-B331-C736E4C832E3',N'Incump depósito',N'CSR-0003',N'revisio_cumplimiento:incump_dia_deposito.Si',N'#3651bf',NULL,1,N'admin',GETDATE(),N'admin',GETDATE()),
	 (N'A5A0CD6B-9022-489F-8C1B-A1BD2DAF7E08',N'A3A7AA02-5770-400D-A235-31636E192121',N'No firmados',N'CSR-0019',N'cump_norm_dos:firmados.no',N'#a70c0c',NULL,1,N'admin',GETDATE(),N'admin',GETDATE()),
	 (N'A988FCD3-5809-41DC-867E-A46131D06831',N'16DBC1C4-B916-440C-866D-E5B10608DD4A',N'% diferencia',N'CSR-0031',N'rev_nivel_dife_real_sazon:porc_dif',N'#24971c',NULL,1,N'admin',GETDATE(),N'admin',GETDATE()),
	 (N'FBF8195D-E718-416B-AD68-ACA015C027D6',N'44E5865F-7271-4D14-974B-2297B23946EB',N'Total diferencias por sustentar',N'CSR-0022',N'invent:total',N'#9f2323',NULL,1,N'admin',GETDATE(),N'admin',GETDATE()),
	 (N'D0311727-F81E-4D27-B2D2-AF4760E1A93E',N'DF93B3E9-7EEE-40C8-B8EE-78254D69B8AB',N'Diferencia de pollo',N'CSR-0028',N'ivn_dif_pollo:dif_pollos',N'#aa1d1d',NULL,1,N'admin',GETDATE(),N'admin',GETDATE()),
	 (N'1ED9AFD7-1761-4730-92D1-B2673E490DFA',N'64266FFA-ABC7-4237-907C-B2C71191B0FB',N'Neto soles',N'CSR-0034',N'diferencias:neto_soles',N'#9d2a2a',NULL,1,N'admin',GETDATE(),N'admin',GETDATE()),
	 (N'7AD5C6CB-10BF-4168-B25F-C6F0C2DC5E21',N'A3A7AA02-5770-400D-A235-31636E192121',N'Total diferencias',N'CSR-0018',N'cump_norm_uno:diferencia',N'#1981ae',NULL,1,N'admin',GETDATE(),N'admin',GETDATE()),
	 (N'AAE36E58-CD63-4376-B854-D022B3FD6929',N'228CE515-6FDB-4F8A-8F19-D0167B9D3C45',N'Excepciones',N'CSR-0021',N'cump_norm:degustacion.excep + cump_norm:prueba.excep + cump_norm:cortesia.excep',N'#158a17',NULL,1,N'admin',GETDATE(),N'admin',GETDATE()),
	 (N'CC283A9F-37A9-4254-AA35-EAE49B3B45F1',N'D64BD028-45D1-4620-9F79-4D91B25F4096',N'No firmados',N'CSR-0009',N'revi_cump_dos:firmados.no',N'#b21515',NULL,1,N'admin',GETDATE(),N'admin',GETDATE()),
	 (N'363210D7-1C39-4F18-8077-EC40556ED3DE',N'D64BD028-45D1-4620-9F79-4D91B25F4096',N'Diferencia acumulada',N'CSR-0010',N'revi_cump_uno:diferencia',N'#1d8cc3',NULL,1,N'admin',GETDATE(),N'admin',GETDATE());
INSERT INTO dbo.CriteriaSubResult (CriteriaSubResultId,ScaleGroupId,CriteriaName,CriteriaCode,ResultFormula,ColorCode,Score,IsActive,CreatedBy,CreationDate,UpdatedBy,UpdateDate) VALUES
	 (N'7DC53A77-99C2-43B3-BC3B-EC5955B05C8A',N'87A40461-5D99-472E-B86C-9E801F7173B7',N'Observaciones "No"',N'CSR-0005',N'rev_cump:pregunta_uno.no + rev_cump:pregunta_dos.no + rev_cump:pregunta_tres.no',N'#ab2626',NULL,1,N'admin',GETDATE(),N'admin',GETDATE()),
	 (N'12085432-170C-41C4-AC8F-ECFC5E4357B0',N'2A73C0B1-6DD3-4EF8-A2EA-76142909BDFE',N'Total arqueo',N'CSR-0007',N'arqueo_tienda:total_arqueo - fondo_tienda:fondo_sencillo',N'#3093df',NULL,1,N'admin',GETDATE(),N'admin',GETDATE()),
	 (N'74DF7A70-FCD2-4BB3-ABD4-F43C23641FD0',N'74E60725-492E-40CA-B99A-9B177A96A3C4',N'Nro observaciones',N'CSR-0011',N'cump_norm:observado.si',N'#38a2bc',NULL,1,N'admin',GETDATE(),N'admin',GETDATE()),
	 (N'C5F76EBB-96AD-42FF-BB89-F815D63CA1C1',N'40FED23C-B2F7-40C0-B36E-B21B1874E779',N'% de diferencia',N'CSR-0024',N'inv:porcent_dife',N'#af2828',NULL,1,N'admin',GETDATE(),N'admin',GETDATE());

--TABLESCALE TEMPLATE
INSERT INTO DBAuditQA.dbo.TableScaleTemplate (TableScaleTemplateId,ScaleGroupId,Code,Name,Orientation,SortOrder,TemplateData,IsActive,CreatedBy,CreationDate,UpdatedBy,UpdateDate) VALUES
	 (N'B975B8B6-F6D0-4D56-BEC7-094C4A788B5F',N'A3A7AA02-5770-400D-A235-31636E192121',N'cump_norm_uno',N'Tabla 1: Revisión de cumplimiento de procedimientos de aplicación de descuentos de INVENTARIO en sistema tareo',N'H',1,N'{}',1,N'admin','2025-11-13 16:58:05.0866667',N'admin','2025-11-13 16:58:05.0866667'),
	 (N'46B9E394-42A3-4705-BDE2-0B5E475A02B3',N'0FE32FE6-F6D7-4113-B775-A8B36743047A',N'inv',N'Revision de nivel de diferencias reales de Lechuga- Var% sobre VTA',N'H',1,N'{}',1,N'admin','2025-11-13 16:58:05.0866667',N'admin','2025-11-17 23:11:38.9930368'),
	 (N'FBF0F9D8-85A3-4032-BED6-0BADFE0EAD68',N'F426EFDF-ECC6-48E6-9C81-3E3DE9173C64',N'rev_nivel_dife_real_sazon',N'Revision de nivel de diferencias reales de Sazon - Var% sobre VTA',N'H',1,N'{}',1,N'admin','2025-11-17 09:31:29.6357305',N'admin','2025-11-17 09:31:29.6357305'),
	 (N'639F051C-5AD5-4110-8B7F-0CAB7E346F3C',N'658A508A-F5DF-4DE8-B182-C5191B7346C8',N'cump_norm',N'Revision de Cumplimiento de Registro de Salidas y Transferencias de Mercaderia',N'H',1,N'{}',1,N'admin','2025-11-13 16:58:05.0866667',N'admin','2025-11-13 16:58:05.0866667'),
	 (N'F20556B2-0D00-4DCE-ACAA-1B1021203E0A',N'44E5865F-7271-4D14-974B-2297B23946EB',N'invent',N'Resultado de diferencias de Inventarios por sustentar',N'H',1,N'{}',1,N'admin','2025-11-13 16:58:05.0866667',N'admin','2025-11-13 16:58:05.0866667'),
	 (N'AC17F068-EF70-49BC-9554-1FB07835DD69',N'A3C72B7D-982B-4377-B181-33FB2A9D15D8',N'arqueo_tienda',N'Arqueo Tienda',N'V',2,N'{}',1,N'admin','2025-11-13 16:58:05.0866667',N'admin','2025-11-13 16:58:05.0866667'),
	 (N'63F978E1-BB59-44AB-9164-21CBDA4BBD2B',N'74E60725-492E-40CA-B99A-9B177A96A3C4',N'cump_norm',N'Revision de Cumplimiento de Uso Correcto de Sellado de Documentos de Ingresos de Mercaderías',N'H',1,N'{}',1,N'admin','2025-11-13 16:58:05.0866667',N'admin','2025-11-13 16:58:05.0866667'),
	 (N'138FA4BB-712B-4CCD-B041-263316C32637',N'64266FFA-ABC7-4237-907C-B2C71191B0FB',N'rank_faltantes',N'Ranking faltantes en S/',N'H',2,N'{}',1,N'admin','2025-11-13 16:58:05.0866667',N'admin','2025-11-13 16:58:05.0866667'),
	 (N'F81BDC42-E8B1-4CB8-A87F-29F30D4F8583',N'8EF5F219-4E36-4602-8F37-EB7A36374BC5',N'cump_norm',N'Revisión de cumplimiento de aprobación previa y evidenciable, para transaferencias de mercaderias entre tiendas (TMSA=Transferencia de Mercaderia Sin Aprobación)',N'H',1,N'{}',1,N'admin','2025-11-13 16:58:05.0866667',N'admin','2025-11-13 16:58:05.0866667'),
	 (N'C9C009BF-7417-4240-A295-2EF1D4BDEB9F',N'64266FFA-ABC7-4237-907C-B2C71191B0FB',N'rank_sobrantes',N'Ranking sobrantes en S/',N'H',3,N'{}',1,N'admin','2025-11-13 16:58:05.0866667',N'admin','2025-11-13 16:58:05.0866667');
INSERT INTO DBAuditQA.dbo.TableScaleTemplate (TableScaleTemplateId,ScaleGroupId,Code,Name,Orientation,SortOrder,TemplateData,IsActive,CreatedBy,CreationDate,UpdatedBy,UpdateDate) VALUES
	 (N'E3CEB7C8-8EC6-43C5-8C4A-3204460F6807',N'87A40461-5D99-472E-B86C-9E801F7173B7',N'rev_cump',N'Revisión de Cumplimiento de cuadre de cuenta corriente de Tienda - Gestión de Observaciones y Descuadres',N'H',1,N'{}',1,N'admin','2025-11-13 16:58:05.0866667',N'admin','2025-11-13 16:58:05.0866667'),
	 (N'3F6DA6B5-553C-40EB-90AD-338EFF4B4513',N'2A73C0B1-6DD3-4EF8-A2EA-76142909BDFE',N'justi_sobrantes',N'Justificación de sobrantes',N'H',4,N'{}',1,N'admin','2025-11-13 16:58:05.0866667',N'admin','2025-11-13 16:58:05.0866667'),
	 (N'5F5BDC64-F471-464A-B0BC-3A2CF9914A0C',N'A3C72B7D-982B-4377-B181-33FB2A9D15D8',N'comprobantes_invalidos',N'Comprobantes inválidos',N'H',3,N'{}',1,N'admin','2025-11-13 16:58:05.0866667',N'admin','2025-11-13 16:58:05.0866667'),
	 (N'F72E9495-B6EC-4A26-900C-409B64454242',N'2A73C0B1-6DD3-4EF8-A2EA-76142909BDFE',N'fondo_tienda',N'Fondo de Tienda',N'V',1,N'{}',1,N'admin','2025-11-13 16:58:05.0866667',N'admin','2025-11-13 16:58:05.0866667'),
	 (N'07C06AB6-2A24-49E7-A976-48EBD049D970',N'437C3B1B-ED05-4C48-8499-076C88618BD6',N'faltantes_s',N'Ranking faltante soles',N'H',5,N'{}',1,N'admin','2025-11-17 22:40:48.1909596',N'admin','2025-11-17 22:40:48.1909598'),
	 (N'7AF24E1C-7117-4C57-8E10-4A3D883145CB',N'D64BD028-45D1-4620-9F79-4D91B25F4096',N'revi_cump_uno',N'Revision de cumplimiento de procedimientos de aplicación de descuentos de caja en sistema tareo (Tabla 1)',N'H',1,N'{}',1,N'admin','2025-11-13 16:58:05.0866667',N'admin','2025-11-13 16:58:05.0866667'),
	 (N'4B1EBA56-1DB9-4BDF-BF0B-561EA11A5034',N'228CE515-6FDB-4F8A-8F19-D0167B9D3C45',N'cump_norm',N'Revision de cumplimiento de procedimientos de cuadres diarios de insumos principales (X=no cuadro)',N'H',1,N'{}',1,N'admin','2025-11-13 16:58:05.0866667',N'admin','2025-11-13 16:58:05.0866667'),
	 (N'52E09CAE-5BD4-42A0-8F3D-67FA7E0F65C2',N'A3C72B7D-982B-4377-B181-33FB2A9D15D8',N'justificacion_sobrantes',N'Justificación sobrante',N'H',4,N'{}',1,N'admin','2025-11-13 16:58:05.0866667',N'admin','2025-11-13 16:58:05.0866667'),
	 (N'9E2BE3E0-6B7B-41C8-9542-83DCBD99D26C',N'64266FFA-ABC7-4237-907C-B2C71191B0FB',N'rank_neto',N'Ranking neto en S/',N'H',4,N'{}',1,N'admin','2025-11-17 17:08:52.7827464',N'admin','2025-11-17 17:08:52.7827476'),
	 (N'5B8AB8F3-04A1-48A3-A410-8C36BED23138',N'2A73C0B1-6DD3-4EF8-A2EA-76142909BDFE',N'comp_invalidos',N'Comprobantes Inválidos',N'H',3,N'{}',1,N'admin','2025-11-13 16:58:05.0866667',N'admin','2025-11-13 16:58:05.0866667');
INSERT INTO DBAuditQA.dbo.TableScaleTemplate (TableScaleTemplateId,ScaleGroupId,Code,Name,Orientation,SortOrder,TemplateData,IsActive,CreatedBy,CreationDate,UpdatedBy,UpdateDate) VALUES
	 (N'EE26B3CF-385A-4EBC-9396-8C4222BC2354',N'D64BD028-45D1-4620-9F79-4D91B25F4096',N'revi_cump_dos',N'Revision de cumplimiento de procedimientos de aplicación de descuentos de caja en sistema tareo (Tabla 2)',N'H',2,N'{}',1,N'admin','2025-11-13 16:58:05.0866667',N'admin','2025-11-13 16:58:05.0866667'),
	 (N'710FA9E3-FD8D-4DBA-85BA-995795E08170',N'40FED23C-B2F7-40C0-B36E-B21B1874E779',N'inv',N'Revision de nivel de diferencias reales de Papa - Var% sobre VTA',N'H',1,N'{}',1,N'admin','2025-11-13 16:58:05.0866667',N'admin','2025-11-13 16:58:05.0866667'),
	 (N'6AED8114-081F-4694-B24C-A26E7929F14A',N'46A21C17-B379-4880-BBBE-55E7D7C8E383',N'inv',N'Revisión de Fecha de Caducidad de Productos',N'H',1,N'{}',1,N'admin','2025-11-13 16:58:05.0866667',N'admin','2025-11-13 16:58:05.0866667'),
	 (N'8CB99D27-6A5A-4206-BBA9-A2B24141708A',N'DF93B3E9-7EEE-40C8-B8EE-78254D69B8AB',N'ivn_dif_pollo',N'Revision de nivel de diferencias reales de Pollo',N'H',1,N'{}',1,N'admin','2025-11-13 16:58:05.0866667',N'admin','2025-11-13 16:58:05.0866667'),
	 (N'B681099A-A5ED-4E02-BD57-B57361E09EF0',N'A3C72B7D-982B-4377-B181-33FB2A9D15D8',N'fondo_tienda',N'Fondo Tienda',N'V',1,N'{}',1,N'admin','2025-11-13 16:58:05.0866667',N'admin','2025-11-13 16:58:05.0866667'),
	 (N'188690D7-B460-488D-84C1-B74937FFBDD8',N'A3A7AA02-5770-400D-A235-31636E192121',N'cump_norm_dos',N'Tabla 2: Revisión de cumplimiento de procedimientos de aplicación de descuentos de INVENTARIO en sistema tareo',N'H',2,N'{}',1,N'admin','2025-11-13 16:58:05.0866667',N'admin','2025-11-13 16:58:05.0866667'),
	 (N'C31B3244-2A5C-41AE-9950-B79109D974F5',N'437C3B1B-ED05-4C48-8499-076C88618BD6',N'diferencias',N'Resultado de diferencias de Inventarios en Almacen Central (Fisico Vs Sistema)',N'H',1,N'{}',1,N'admin','2025-11-13 16:58:05.0866667',N'admin','2025-11-13 16:58:05.0866667'),
	 (N'788DB008-B705-4CFA-83FE-B8E5E49BC31C',N'8963D8F1-E642-4D9F-BEEC-985ABDAFB4B9',N'cump_norm',N'Revision de Casos de Variación de Precios en Sistema Vs Real por Registro Extemporaneo de Documento',N'H',1,N'{}',1,N'admin','2025-11-13 16:58:05.0866667',N'admin','2025-11-13 16:58:05.0866667'),
	 (N'F3811101-AC19-4952-AE67-BD7EAF18CCFB',N'437C3B1B-ED05-4C48-8499-076C88618BD6',N'neto_s',N'Ranking neto en S/.',N'H',4,N'{}',1,N'admin','2025-11-13 16:58:05.0866667',N'admin','2025-11-13 16:58:05.0866667'),
	 (N'03827B06-2E75-4DC5-BA6F-C0CCACD51275',N'437C3B1B-ED05-4C48-8499-076C88618BD6',N'sobrantes_s',N'Ranking sobrantes en S/',N'H',3,N'{}',1,N'admin','2025-11-13 16:58:05.0866667',N'admin','2025-11-13 16:58:05.0866667');
INSERT INTO DBAuditQA.dbo.TableScaleTemplate (TableScaleTemplateId,ScaleGroupId,Code,Name,Orientation,SortOrder,TemplateData,IsActive,CreatedBy,CreationDate,UpdatedBy,UpdateDate) VALUES
	 (N'7EFA860D-15ED-4076-AB0E-C8F5FC366321',N'335C76EC-3A8F-4CFF-8593-208A9F27ABDA',N'cump_norm',N'Revision de Cumplimiento de Registro de Ingresos de Mercadería',N'H',1,N'{}',1,N'admin','2025-11-13 16:58:05.0866667',N'admin','2025-11-13 16:58:05.0866667'),
	 (N'D09F6B29-3BA7-47EC-8F02-CAAB9A8C0A63',N'16DBC1C4-B916-440C-866D-E5B10608DD4A',N'rev_nivel_dife_real_sazon',N'Revision de nivel de diferencias reales de Sazon - Var% sobre VTA',N'H',1,N'{}',1,N'admin','2025-11-13 16:58:05.0866667',N'admin','2025-11-13 16:58:05.0866667'),
	 (N'BB05A45A-54AF-47F3-83FF-CE474D0D4CC3',N'77AEB317-256B-4F47-9BF1-BFE2A3AD3EF2',N'dif_real',N'Revision de nivel de diferencias reales de Aji - Var% sobre VTA',N'H',1,N'{}',1,N'admin','2025-11-13 16:58:05.0866667',N'admin','2025-11-13 16:58:05.0866667'),
	 (N'BEF36B90-3A98-4E5E-B082-D5A06CECBD56',N'B3498FFE-0342-4172-9865-BA5B191A7AF7',N'cump_norm',N'Revision de Cumplimiento de Proceso de Venta de Aceite Quemado',N'H',1,N'{}',1,N'admin','2025-11-13 16:58:05.0866667',N'admin','2025-11-13 16:58:05.0866667'),
	 (N'B6661C01-045D-484B-8EA1-D689518C081F',N'2A73C0B1-6DD3-4EF8-A2EA-76142909BDFE',N'arqueo_tienda',N'Arqueo Tienda/Restaurante',N'V',2,N'{}',1,N'admin','2025-11-13 16:58:05.0866667',N'admin','2025-11-13 16:58:05.0866667'),
	 (N'E6195349-5BFD-4E6C-A55F-E0A8C447CF35',N'62E6BB4B-9112-485B-B331-C736E4C832E3',N'revisio_cumplimiento',N'Revision de cumplimiento de procedimientos depósitos de dinero',N'H',1,N'{}',1,N'admin','2025-11-13 16:58:05.0866667',N'admin','2025-11-13 16:58:05.0866667'),
	 (N'A0C80AE0-4FA2-45C4-B995-E4EAFE551D5B',N'9C959014-5A7A-4F59-B2A5-61E2334EE9E4',N'inv',N'Resultado de diferencias de Inventarios aplicados como descuentos',N'H',1,N'{}',1,N'admin','2025-11-13 16:58:05.0866667',N'admin','2025-11-13 16:58:05.0866667'),
	 (N'EDD3492C-AE56-44DE-9E9C-E5D64CF6BC8F',N'64266FFA-ABC7-4237-907C-B2C71191B0FB',N'diferencias',N'Resultado de diferencias de Inventarios en Areas (Fisico Vs Sistema)',N'H',1,N'{}',1,N'admin','2025-11-13 16:58:05.0866667',N'admin','2025-11-13 16:58:05.0866667'),
	 (N'5B6E23ED-0F56-47A1-AD07-EEE718CA61A5',N'0A3BB7EB-3CC8-4D11-B9E2-EE7EE119DCB2',N'rev_cump',N'Revision de cumplimiento de procedimientos de elaboracion de Hoja de Liquidación Diaria de Ventas',N'H',1,N'{}',1,N'admin','2025-11-13 16:58:05.0866667',N'admin','2025-11-13 16:58:05.0866667');

--AUDIT_TEMPLATE_FIELDS
INSERT INTO DBAuditQA.dbo.AuditTemplateFields (AuditTemplateFieldId,TableScaleTemplateId,FieldCode,FieldName,FieldType,IsCalculated,CalculationFormula,AcumulationType,FieldOptions,SortOrder,DefaultValue,IsActive,CreatedBy,CreationDate,UpdatedBy,UpdateDate) VALUES
	 (N'37325029-45F7-487E-A5DB-00873B9C04EA',N'03827B06-2E75-4DC5-BA6F-C0CCACD51275',N'monto',N'Monto s/.',N'numeric',N'Excel',N'AX7:AX22',N'SUM',N'[]',2,N'',1,N'admin','2025-11-13 16:58:05.0866667',N'admin','2025-11-17 23:14:58.9370346'),
	 (N'C97201A8-8A18-454F-B946-0163D93B9AFE',N'EDD3492C-AE56-44DE-9E9C-E5D64CF6BC8F',N'neto_soles',N'Neto S/.',N'numeric',N'Excel',N'N3',N'SUM',N'[]',7,N'',1,N'admin','2025-11-13 16:58:05.0866667',N'admin','2025-11-17 22:22:57.2522844'),
	 (N'CABCC8E9-8AE5-40B2-8782-0184E73D0698',N'5F5BDC64-F471-464A-B0BC-3A2CF9914A0C',N'causa_invalides',N'Causa Invalidez Doc.',N'text',N'No aplica',N'',NULL,N'[]',3,N'',1,N'admin','2025-11-13 16:58:05.0866667',N'admin','2025-11-13 16:58:05.0866667'),
	 (N'5485A196-3AF1-44CF-8953-0196B277D2FD',N'6AED8114-081F-4694-B24C-A26E7929F14A',N'dias_vencer',N'Días por vencer',N'numeric',N'No aplica',N'',NULL,N'[]',4,N'',1,N'admin','2025-11-13 16:58:05.0866667',N'admin','2025-11-13 16:58:05.0866667'),
	 (N'1D8BB507-B289-42FF-B626-021D743224A3',N'BB05A45A-54AF-47F3-83FF-CE474D0D4CC3',N'cmt_rlv',N'Comentarios Relevantes',N'text',N'No aplica',N'',NULL,N'[]',7,N'',1,N'admin','2025-11-13 16:58:05.0866667',N'admin','2025-11-13 16:58:05.0866667'),
	 (N'A17C6C7A-C00D-47E4-8B66-040761D44B77',N'7AF24E1C-7117-4C57-8E10-4A3D883145CB',N'observaciones',N'Observaciones',N'text',N'No aplica',N'',NULL,N'[]',6,N'',1,N'admin','2025-11-13 16:58:05.0866667',N'admin','2025-11-13 16:58:05.0866667'),
	 (N'1B928B66-0C59-496F-B4D7-07A82C347FBB',N'710FA9E3-FD8D-4DBA-85BA-995795E08170',N'al',N'Al',N'date',N'No aplica',N'',NULL,N'[]',2,N'',1,N'admin','2025-11-13 16:58:05.0866667',N'admin','2025-11-13 16:58:05.0866667'),
	 (N'3B5F2C09-01C8-4B4D-83EE-07F140E4D968',N'E6195349-5BFD-4E6C-A55F-E0A8C447CF35',N'comentario',N'Comentario/Sustento',N'text',N'No aplica',N'',NULL,N'[]',7,N'',1,N'admin','2025-11-13 16:58:05.0866667',N'admin','2025-11-13 16:58:05.0866667'),
	 (N'956DB21C-84EB-4644-B6BB-08DE0CC67B3C',N'7EFA860D-15ED-4076-AB0E-C8F5FC366321',N'observado',N'Observado',N'select',N'No aplica',N'',N'COUNT',N'["si","excep"]',4,N'',1,N'admin','2025-11-13 16:58:05.0866667',N'admin','2025-11-13 16:58:05.0866667'),
	 (N'CDFBEFD4-7A84-4886-BA8F-0A51A20F640F',N'639F051C-5AD5-4110-8B7F-0CAB7E346F3C',N'tipo',N'Tipo de Observación',N'select',N'No aplica',N'',NULL,N'["Falta_de_registro","Registro_fuera_de_fecha","Registro_con_cantidades_diferentes","Otros_casos"]',1,N'',1,N'admin','2025-11-13 16:58:05.0866667',N'admin','2025-11-13 16:58:05.0866667');
INSERT INTO DBAuditQA.dbo.AuditTemplateFields (AuditTemplateFieldId,TableScaleTemplateId,FieldCode,FieldName,FieldType,IsCalculated,CalculationFormula,AcumulationType,FieldOptions,SortOrder,DefaultValue,IsActive,CreatedBy,CreationDate,UpdatedBy,UpdateDate) VALUES
	 (N'6283C2E4-7B62-4F0F-B929-0C12DDCA5C6C',N'788DB008-B705-4CFA-83FE-B8E5E49BC31C',N'detalle',N'Detalle de incumplimiento',N'text',N'No aplica',N'',NULL,N'[]',3,N'',1,N'admin','2025-11-13 16:58:05.0866667',N'admin','2025-11-13 16:58:05.0866667'),
	 (N'D35BC11B-4FE9-4CBB-B88C-0C42298C243C',N'9E2BE3E0-6B7B-41C8-9542-83DCBD99D26C',N'cant',N'Cantidad',N'numeric',N'Excel',N'BS8:BS23',N'SUM',N'[]',3,N'',1,N'admin','2025-11-17 23:02:41.4048144',N'admin','2025-11-17 23:02:41.4048145'),
	 (N'9153B223-71C1-4483-A245-109BEF9FFB2A',N'E6195349-5BFD-4E6C-A55F-E0A8C447CF35',N'incump_dia_deposito',N'Incumplimiento en día de depósito',N'select',N'No aplica',N'',N'COUNT',N'["Si","No","Excep"]',3,N'',1,N'admin','2025-11-13 16:58:05.0866667',N'admin','2025-11-13 16:58:05.0866667'),
	 (N'8159E6F5-2E83-4451-9B9B-1233D5938D69',N'F3811101-AC19-4952-AE67-BD7EAF18CCFB',N'coment',N'Comentarios relevantes',N'text',N'No aplica',N'',NULL,N'[]',5,N'Ninguna',1,N'admin','2025-11-13 16:58:05.0866667',N'admin','2025-11-17 15:14:37.5113175'),
	 (N'B20E779A-4906-4690-AC1D-128995E09714',N'138FA4BB-712B-4CCD-B041-263316C32637',N'cant',N'Cantidad',N'numeric',N'Excel',N'BI8:BI23',N'SUM',N'[]',3,N'',1,N'admin','2025-11-13 16:58:05.0866667',N'admin','2025-11-17 22:26:30.6795160'),
	 (N'A3BDBF8F-9A01-4D1E-AE4A-140BB59DA9B6',N'F81BDC42-E8B1-4CB8-A87F-29F30D4F8583',N'produc_trans',N'Productos Transferidos Sin Aprobación  (nombre / cantidad)',N'text',N'No aplica',N'',NULL,N'[]',3,N'',1,N'admin','2025-11-13 16:58:05.0866667',N'admin','2025-11-13 16:58:05.0866667'),
	 (N'12A84B55-1D71-4622-B645-14A83A829000',N'7EFA860D-15ED-4076-AB0E-C8F5FC366321',N'detalle',N'Detalle Incumplimiento',N'text',N'No aplica',N'',NULL,N'[]',3,N'',1,N'admin','2025-11-13 16:58:05.0866667',N'admin','2025-11-13 16:58:05.0866667'),
	 (N'023E25D0-3B86-4281-A44C-15204CEC18FA',N'EDD3492C-AE56-44DE-9E9C-E5D64CF6BC8F',N'faltantes_cant',N'Faltantes Cant.',N'numeric',N'Excel',N'P1',N'SUM',N'[]',2,N'',1,N'admin','2025-11-13 16:58:05.0866667',N'admin','2025-11-17 22:22:09.7842803'),
	 (N'AC55CCEB-9764-4F47-92AD-159C9372B4D9',N'6AED8114-081F-4694-B24C-A26E7929F14A',N'insumo',N'Nombe de Insumo',N'text',N'No aplica',N'',NULL,N'[]',1,N'',1,N'admin','2025-11-13 16:58:05.0866667',N'admin','2025-11-13 16:58:05.0866667'),
	 (N'4AF3BB0B-664D-4D12-99CF-1B77A219B9B9',N'5B8AB8F3-04A1-48A3-A410-8C36BED23138',N'causa',N'Causa invalidez',N'text',N'No aplica',N'',NULL,N'[]',3,N'',1,N'admin','2025-11-13 16:58:05.0866667',N'admin','2025-11-13 16:58:05.0866667');
INSERT INTO DBAuditQA.dbo.AuditTemplateFields (AuditTemplateFieldId,TableScaleTemplateId,FieldCode,FieldName,FieldType,IsCalculated,CalculationFormula,AcumulationType,FieldOptions,SortOrder,DefaultValue,IsActive,CreatedBy,CreationDate,UpdatedBy,UpdateDate) VALUES
	 (N'BC12A4AB-AA5D-4B37-9A94-1BB7AB5A5A42',N'C31B3244-2A5C-41AE-9950-B79109D974F5',N'sobrantes_cant',N'Sobrantes Cant',N'numeric',N'Excel',N'P2',N'SUM',N'[]',4,N'',1,N'admin','2025-11-13 16:58:05.0866667',N'admin','2025-11-17 16:31:19.1445701'),
	 (N'1642667A-9AA2-4661-945A-1C1B31EED4CD',N'63F978E1-BB59-44AB-9164-21CBDA4BBD2B',N'tipo',N'Tipo de Observación',N'select',N'No aplica',N'',NULL,N'["Falta_de_registro","Registro_fuera_de_fecha","Registro_con_cantidades_diferentes","Otros_casos"]',1,N'',1,N'admin','2025-11-13 16:58:05.0866667',N'admin','2025-11-13 16:58:05.0866667'),
	 (N'9F527DF0-170C-49B7-98E1-1D25FC232739',N'52E09CAE-5BD4-42A0-8F3D-67FA7E0F65C2',N'justificacion',N'Justificación',N'text',N'No aplica',N'',NULL,N'[]',2,N'',1,N'admin','2025-11-13 16:58:05.0866667',N'admin','2025-11-13 16:58:05.0866667'),
	 (N'7281702A-6426-4AB5-BC9C-1EAD34ADCF42',N'4B1EBA56-1DB9-4BDF-BF0B-561EA11A5034',N'degustacion',N'Degustación',N'select',N'No aplica',N'',N'COUNT',N'["x","excep"]',3,N'',1,N'admin','2025-11-13 16:58:05.0866667',N'admin','2025-11-13 16:58:05.0866667'),
	 (N'CE2F194C-0CFD-4622-80AE-20596394CA61',N'BB05A45A-54AF-47F3-83FF-CE474D0D4CC3',N'dif_aji_bolsas_ltrs',N'Diferencia de Aji en bolsas de 4ltrs',N'numeric',N'No aplica',N'',NULL,N'[]',5,N'',1,N'admin','2025-11-13 16:58:05.0866667',N'admin','2025-11-13 16:58:05.0866667'),
	 (N'09EE0616-8DA5-45EF-9834-2188CB834737',N'7AF24E1C-7117-4C57-8E10-4A3D883145CB',N'descuento_sis',N'Descuento en Sistema Tareo',N'numeric',N'No aplica',N'',N'SUM',N'[]',4,N'',1,N'admin','2025-11-13 16:58:05.0866667',N'admin','2025-11-13 16:58:05.0866667'),
	 (N'F7E9F6F3-7E5D-409B-911E-2292B7276227',N'EDD3492C-AE56-44DE-9E9C-E5D64CF6BC8F',N'coment_sobrantes',N'Cometario Sobrantes',N'text',N'No aplica',N'',NULL,N'[]',6,N'',1,N'admin','2025-11-13 16:58:05.0866667',N'admin','2025-11-13 16:58:05.0866667'),
	 (N'D296FDD2-5D3E-49CE-972D-2311EDE48D03',N'9E2BE3E0-6B7B-41C8-9542-83DCBD99D26C',N'um',N'UM',N'text',N'Excel',N'BT8:BT23',NULL,N'[]',4,N'',1,N'admin','2025-11-17 23:03:29.2041672',N'admin','2025-11-17 23:03:29.2041679'),
	 (N'622FDDF8-FEA9-4353-B8AC-231AF7AAC00B',N'03827B06-2E75-4DC5-BA6F-C0CCACD51275',N'insumo',N'Insumo',N'text',N'Excel',N'AS7:AS22',NULL,N'[]',1,N'',1,N'admin','2025-11-13 16:58:05.0866667',N'admin','2025-11-17 23:18:17.2664116'),
	 (N'F2E320F4-DE28-4042-8FA0-280B79C4E1C1',N'7EFA860D-15ED-4076-AB0E-C8F5FC366321',N'tipo',N'Tipo de Observación',N'select',N'No aplica',N'',NULL,N'["Falta_de_registro","Registro_fuera_de_fecha","Registro_con_cantidades_diferentes","Otros_casos"]',1,N'',1,N'admin','2025-11-13 16:58:05.0866667',N'admin','2025-11-13 16:58:05.0866667');
INSERT INTO DBAuditQA.dbo.AuditTemplateFields (AuditTemplateFieldId,TableScaleTemplateId,FieldCode,FieldName,FieldType,IsCalculated,CalculationFormula,AcumulationType,FieldOptions,SortOrder,DefaultValue,IsActive,CreatedBy,CreationDate,UpdatedBy,UpdateDate) VALUES
	 (N'499B4F07-6CEF-40F2-9C45-2A854DF7DF48',N'EE26B3CF-385A-4EBC-9396-8C4222BC2354',N'del',N'Del',N'date',N'No aplica',N'',NULL,N'[]',1,N'',1,N'admin','2025-11-13 16:58:05.0866667',N'admin','2025-11-13 16:58:05.0866667'),
	 (N'53EA118E-847D-49E6-814B-2B6D66F60F61',N'E3CEB7C8-8EC6-43C5-8C4A-3204460F6807',N'comentario_preg_dos',N'P2: Comentario/Sustento',N'text',N'No aplica',N'',NULL,N'[]',4,N'',1,N'admin','2025-11-13 16:58:05.0866667',N'admin','2025-11-13 16:58:05.0866667'),
	 (N'43B4B015-4845-4781-8F56-2CC7A454BDAD',N'C31B3244-2A5C-41AE-9950-B79109D974F5',N'faltantes_cant',N'Faltantes cant.',N'numeric',N'Excel',N'P1',NULL,N'[]',2,N'',1,N'admin','2025-11-13 16:58:05.0866667',N'admin','2025-11-17 16:30:39.6236373'),
	 (N'376A4FA2-6836-4380-94EA-2E1D5BDF8F08',N'710FA9E3-FD8D-4DBA-85BA-995795E08170',N'porcent_dife',N'% de diferencia',N'numeric',N'Tablas',N'diferencia / descarga_vta',N'SUM',N'[]',6,N'',1,N'admin','2025-11-13 16:58:05.0866667',N'admin','2025-11-13 16:58:05.0866667'),
	 (N'431B0F22-0E77-4D6B-B485-2E775E76D832',N'C31B3244-2A5C-41AE-9950-B79109D974F5',N'faltantes_soles',N'Faltantes S/.',N'numeric',N'Excel',N'N1',NULL,N'[]',1,N'',1,N'admin','2025-11-13 16:58:05.0866667',N'admin','2025-11-17 16:30:17.5757246'),
	 (N'5364E052-FF42-4BC4-8FA9-2EC9AB5056E2',N'C31B3244-2A5C-41AE-9950-B79109D974F5',N'coment_faltante',N'Cometario- Faltante',N'text',N'No aplica',N'',NULL,N'[]',7,N'ningun',1,N'admin','2025-11-13 16:58:05.0866667',N'admin','2025-11-17 15:14:56.4911036'),
	 (N'6E5BD339-F6F3-4936-88B2-31DD98152476',N'F3811101-AC19-4952-AE67-BD7EAF18CCFB',N'cant',N'Cantidad',N'numeric',N'Excel',N'BS7:BS22',N'SUM',N'[]',3,N'',1,N'admin','2025-11-13 16:58:05.0866667',N'admin','2025-11-17 23:15:34.4082464'),
	 (N'A9D8926D-E8F5-4932-BBA0-31F5B0A1FC60',N'B975B8B6-F6D0-4D56-BEC7-094C4A788B5F',N'observaciones',N'Observaciones relevantes',N'text',N'No aplica',N'',NULL,N'[]',6,N'',1,N'admin','2025-11-13 16:58:05.0866667',N'admin','2025-11-13 16:58:05.0866667'),
	 (N'60B3DF68-CE54-4A29-91F1-321BD9CC08A3',N'E3CEB7C8-8EC6-43C5-8C4A-3204460F6807',N'comentario_preg_uno',N'P1: Comentario/Sustento',N'text',N'No aplica',N'',NULL,N'[]',2,N'',1,N'admin','2025-11-13 16:58:05.0866667',N'admin','2025-11-13 16:58:05.0866667'),
	 (N'6BD50659-4CD9-45C6-8D66-324BB561E332',N'F81BDC42-E8B1-4CB8-A87F-29F30D4F8583',N'fecha',N'Fecha',N'date',N'No aplica',N'',NULL,N'[]',1,N'',1,N'admin','2025-11-13 16:58:05.0866667',N'admin','2025-11-13 16:58:05.0866667');
INSERT INTO DBAuditQA.dbo.AuditTemplateFields (AuditTemplateFieldId,TableScaleTemplateId,FieldCode,FieldName,FieldType,IsCalculated,CalculationFormula,AcumulationType,FieldOptions,SortOrder,DefaultValue,IsActive,CreatedBy,CreationDate,UpdatedBy,UpdateDate) VALUES
	 (N'56F942A4-A156-402A-8C13-33A6831D7F65',N'BEF36B90-3A98-4E5E-B082-D5A06CECBD56',N'obs',N'Obs',N'select',N'No aplica',N'',N'COUNT',N'["si","excep"]',6,N'',1,N'admin','2025-11-13 16:58:05.0866667',N'admin','2025-11-13 16:58:05.0866667'),
	 (N'342CD7FF-7EA8-4AFD-9115-35DE9A213EFA',N'B975B8B6-F6D0-4D56-BEC7-094C4A788B5F',N'del',N'Del',N'date',N'No aplica',N'',NULL,N'[]',1,N'',1,N'admin','2025-11-13 16:58:05.0900000',N'admin','2025-11-13 16:58:05.0900000'),
	 (N'AE8E0FF7-2331-4FDB-96F1-36866CC4DACF',N'639F051C-5AD5-4110-8B7F-0CAB7E346F3C',N'datos_documento',N'Datos del documento (Nro Doc / Cantidad / Proveedor)',N'text',N'No aplica',N'',NULL,N'[]',2,N'',1,N'admin','2025-11-13 16:58:05.0900000',N'admin','2025-11-13 16:58:05.0900000'),
	 (N'A3EB4207-EA4E-4543-BBD9-38D9196A3426',N'FBF0F9D8-85A3-4032-BED6-0BADFE0EAD68',N'cmt_rlv',N'Comentarios Relevantes',N'text',N'No aplica',N'',NULL,N'[]',7,N'',1,N'admin','2025-11-17 09:31:29.6707483',N'admin','2025-11-17 09:31:29.6707483'),
	 (N'D4F90B82-C36C-4F6A-AC41-392C8BE5DFAC',N'46B9E394-42A3-4705-BDE2-0B5E475A02B3',N'decargada_vta',N'lechuga descargada por VTA en Kg',N'numeric',N'No aplica',N'',N'SUM',N'[]',4,N'',1,N'admin','2025-11-13 16:58:05.0900000',N'admin','2025-11-18 16:53:10.2231824'),
	 (N'55589403-2254-442E-80C4-3BCBAF495214',N'7EFA860D-15ED-4076-AB0E-C8F5FC366321',N'datos_documento',N'Datos documento (Nro Doc/Cantidad/Proveedor)',N'text',N'No aplica',N'',NULL,N'[]',2,N'',1,N'admin','2025-11-13 16:58:05.0900000',N'admin','2025-11-13 16:58:05.0900000'),
	 (N'63DF3B2A-9605-4A4B-AE82-3BCFB1796FC8',N'138FA4BB-712B-4CCD-B041-263316C32637',N'um',N'UM',N'text',N'Excel',N'BJ8:BJ23',NULL,N'[]',4,N'',1,N'admin','2025-11-13 16:58:05.0900000',N'admin','2025-11-17 22:26:54.7959773'),
	 (N'7ABDC676-B29F-4CA8-A0E9-3BD0BFE06C78',N'FBF0F9D8-85A3-4032-BED6-0BADFE0EAD68',N'desca_vta',N'Sazon descargado por VTA x KG',N'numeric',N'Excel',N'A2',N'SUM',N'[]',4,N'',1,N'admin','2025-11-17 09:31:29.6711324',N'admin','2025-11-17 09:31:29.6711325'),
	 (N'E40EF0E0-6EAF-429A-A82E-3DE00793EDEE',N'AC17F068-EF70-49BC-9554-1FB07835DD69',N'efectivo',N'Efectivo',N'numeric',N'No aplica',N'',NULL,N'[]',1,N'',1,N'admin','2025-11-13 16:58:05.0900000',N'admin','2025-11-13 16:58:05.0900000'),
	 (N'DD218987-1F9F-4108-B149-3F1E2A57C3FF',N'E6195349-5BFD-4E6C-A55F-E0A8C447CF35',N'fecha_venta',N'Fecha venta',N'date',N'No aplica',N'',NULL,N'[]',1,N'',1,N'admin','2025-11-13 16:58:05.0900000',N'admin','2025-11-13 16:58:05.0900000');
INSERT INTO DBAuditQA.dbo.AuditTemplateFields (AuditTemplateFieldId,TableScaleTemplateId,FieldCode,FieldName,FieldType,IsCalculated,CalculationFormula,AcumulationType,FieldOptions,SortOrder,DefaultValue,IsActive,CreatedBy,CreationDate,UpdatedBy,UpdateDate) VALUES
	 (N'0DC151BE-1F33-4F5F-966C-413DA98514FB',N'EE26B3CF-385A-4EBC-9396-8C4222BC2354',N'al',N'Al',N'date',N'No aplica',N'',NULL,N'[]',2,N'',1,N'admin','2025-11-13 16:58:05.0900000',N'admin','2025-11-13 16:58:05.0900000'),
	 (N'AB4ABA0C-A5FC-4809-B51E-4205A473837A',N'46B9E394-42A3-4705-BDE2-0B5E475A02B3',N'coment',N'Cometarios',N'text',N'No aplica',N'',NULL,N'[]',7,N'.',1,N'admin','2025-11-13 16:58:05.0900000',N'admin','2025-11-18 16:53:26.8516883'),
	 (N'F0006670-6F9A-4496-8EB3-438DF4EF4699',N'C9C009BF-7417-4240-A295-2EF1D4BDEB9F',N'monto',N'Faltante(-) / Sobrante(+)',N'numeric',N'Excel',N'AX8:AX23',N'SUM',N'[]',2,N'',1,N'admin','2025-11-17 22:55:38.3094470',N'admin','2025-11-17 22:56:50.7327534'),
	 (N'53E30C82-A365-496F-9D3B-44A4D54C894E',N'BEF36B90-3A98-4E5E-B082-D5A06CECBD56',N'motivo',N'Motivo',N'select',N'No aplica',N'',N'COUNT',N'["no_facturado_en_fecha_correcta","no_registro_en_fecha_en_spring","no_coincide_con_formato_control_aq","no_cuenta_con_aprobacion_gg","cantidad_fisica_no_coincide","otros"]',7,N'',1,N'admin','2025-11-13 16:58:05.0900000',N'admin','2025-11-13 16:58:05.0900000'),
	 (N'D2BE3599-4158-4CB5-B827-44B92B26DE80',N'C31B3244-2A5C-41AE-9950-B79109D974F5',N'coment_neto',N'Comentario-Neto',N'text',N'No aplica',N'',NULL,N'[]',9,N'',1,N'admin','2025-11-13 16:58:05.0900000',N'admin','2025-11-13 16:58:05.0900000'),
	 (N'1B32C973-6360-495C-8374-459E5639DF66',N'C9C009BF-7417-4240-A295-2EF1D4BDEB9F',N'insumo',N'Insumo',N'text',N'Excel',N'AS8:AS23',NULL,N'[]',1,N'',1,N'admin','2025-11-17 22:54:09.3478468',N'admin','2025-11-17 22:54:09.3478471'),
	 (N'1B4B8027-0912-4D4A-909B-45D88A3FA71A',N'188690D7-B460-488D-84C1-B74937FFBDD8',N'firmados',N'Todos los descuentos estan firmados (SI/NO)',N'select',N'No aplica',N'',N'COUNT',N'["si","no"]',3,N'',1,N'admin','2025-11-13 16:58:05.0900000',N'admin','2025-11-13 16:58:05.0900000'),
	 (N'B229DF33-2E1A-4E3F-8976-4635B12222EF',N'AC17F068-EF70-49BC-9554-1FB07835DD69',N'total_arqueo',N'Total arqueo',N'numeric',N'Tablas',N'efectivo + comp_validos + comp_invalidos',NULL,N'[]',4,N'',1,N'admin','2025-11-13 16:58:05.0900000',N'admin','2025-11-13 16:58:05.0900000'),
	 (N'251086D5-0832-4EA0-820A-484BE3464109',N'5B8AB8F3-04A1-48A3-A410-8C36BED23138',N'documento',N'Documento',N'text',N'No aplica',N'',NULL,N'[]',1,N'',1,N'admin','2025-11-13 16:58:05.0900000',N'admin','2025-11-13 16:58:05.0900000'),
	 (N'8C9BBA49-DE32-41EF-9611-49ACE694B9A7',N'EDD3492C-AE56-44DE-9E9C-E5D64CF6BC8F',N'sobrantes_cant',N'Sobrantes Cant.',N'numeric',N'Excel',N'P2',N'SUM',N'[]',5,N'',1,N'admin','2025-11-13 16:58:05.0900000',N'admin','2025-11-17 22:22:34.5694689');
INSERT INTO DBAuditQA.dbo.AuditTemplateFields (AuditTemplateFieldId,TableScaleTemplateId,FieldCode,FieldName,FieldType,IsCalculated,CalculationFormula,AcumulationType,FieldOptions,SortOrder,DefaultValue,IsActive,CreatedBy,CreationDate,UpdatedBy,UpdateDate) VALUES
	 (N'CE02D7A3-0B13-496F-BA2F-4AD933BF51FB',N'BEF36B90-3A98-4E5E-B082-D5A06CECBD56',N'acumulado',N'Acumulado',N'numeric',N'Tablas',N'( saldo_inicial + ingresos ) - salidas',N'SUM',N'[]',4,N'',1,N'admin','2025-11-13 16:58:05.0900000',N'admin','2025-11-13 16:58:05.0900000'),
	 (N'A9E46EA5-D487-4054-87E9-4ADF9C4CC176',N'07C06AB6-2A24-49E7-A976-48EBD049D970',N'cant',N'Cantidad',N'numeric',N'Excel',N'BI7:BI22',N'SUM',N'[]',3,N'',1,N'admin','2025-11-17 22:48:15.1231965',N'admin','2025-11-17 22:57:17.5054157'),
	 (N'D7E048D8-6507-4837-98B6-4AE4F223E945',N'B975B8B6-F6D0-4D56-BEC7-094C4A788B5F',N'al',N'Al',N'date',N'No aplica',N'',NULL,N'[]',2,N'',1,N'admin','2025-11-13 16:58:05.0900000',N'admin','2025-11-13 16:58:05.0900000'),
	 (N'C72440D8-BB2B-4179-9AB5-4B15642ED74B',N'5B6E23ED-0F56-47A1-AD07-EEE718CA61A5',N'hoja_cuadra',N'Hoja de Liquidacion Cuadra?',N'select',N'No aplica',N'',N'COUNT',N'["cuadra","no_cuadra_sobrantes","no_cuadra_no_revelado_en_sc_mrcial","no_cuadra_revelado_sc_mrcial_mayor_a_uno"]',3,N'',1,N'admin','2025-11-13 16:58:05.0900000',N'admin','2025-11-13 16:58:05.0900000'),
	 (N'509D0722-ECFD-46E0-9A64-4BB6FBC7706B',N'6AED8114-081F-4694-B24C-A26E7929F14A',N'comentarios',N'Comentarios',N'text',N'No aplica',N'',NULL,N'[]',6,N'',1,N'admin','2025-11-13 16:58:05.0900000',N'admin','2025-11-13 16:58:05.0900000'),
	 (N'07081B94-CE5B-41DE-A815-4C9394EC535F',N'F20556B2-0D00-4DCE-ACAA-1B1021203E0A',N'cant',N'Cant.',N'numeric',N'No aplica',N'',N'SUM',N'[]',2,N'',1,N'admin','2025-11-13 16:58:05.0900000',N'admin','2025-11-13 16:58:05.0900000'),
	 (N'609F7B88-F947-4B2E-B88C-4CA69CC9E213',N'EDD3492C-AE56-44DE-9E9C-E5D64CF6BC8F',N'faltantes_soles',N'Faltantes S/.',N'numeric',N'Excel',N'N1',N'SUM',N'[]',1,N'',1,N'admin','2025-11-13 16:58:05.0900000',N'admin','2025-11-17 22:21:26.8029970'),
	 (N'BFBF8023-B3E6-45B9-BFA0-4D983EB2C68C',N'FBF0F9D8-85A3-4032-BED6-0BADFE0EAD68',N'porc_dif',N'% de diferencia',N'numeric',N'Tablas',N'dif_saz_kg / desca_vta',N'SUM',N'[]',6,N'',1,N'admin','2025-11-17 09:31:29.6710477',N'admin','2025-11-17 09:31:29.6710477'),
	 (N'FEE22744-47D2-4E4C-9DC6-4DB92E816605',N'D09F6B29-3BA7-47EC-8F02-CAAB9A8C0A63',N'dif_saz_kg',N'Diferencia de Sazon x KG',N'numeric',N'No aplica',N'',N'SUM',N'[]',5,N'',1,N'admin','2025-11-13 16:58:05.0900000',N'admin','2025-11-13 16:58:05.0900000'),
	 (N'B1F4180C-BF02-42EC-B7B6-4E1CAEA30727',N'B6661C01-045D-484B-8EA1-D689518C081F',N'comp_validos',N'Comprobantes válidos',N'numeric',N'No aplica',N'',NULL,N'[]',2,N'',1,N'admin','2025-11-13 16:58:05.0900000',N'admin','2025-11-13 16:58:05.0900000');
INSERT INTO DBAuditQA.dbo.AuditTemplateFields (AuditTemplateFieldId,TableScaleTemplateId,FieldCode,FieldName,FieldType,IsCalculated,CalculationFormula,AcumulationType,FieldOptions,SortOrder,DefaultValue,IsActive,CreatedBy,CreationDate,UpdatedBy,UpdateDate) VALUES
	 (N'93FFCF4D-C44F-4D10-8910-4E3E90AFAD16',N'5F5BDC64-F471-464A-B0BC-3A2CF9914A0C',N'documento',N'Documento',N'text',N'No aplica',N'',NULL,N'[]',1,N'',1,N'admin','2025-11-13 16:58:05.0900000',N'admin','2025-11-13 16:58:05.0900000'),
	 (N'D00C7B16-EF25-42D4-9851-51609C429857',N'F81BDC42-E8B1-4CB8-A87F-29F30D4F8583',N'detalle_obs',N'Observaciones Relevantes',N'text',N'No aplica',N'',NULL,N'[]',4,N'',1,N'admin','2025-11-13 16:58:05.0900000',N'admin','2025-11-13 16:58:05.0900000'),
	 (N'FDA8B24C-EB9C-4F5E-856A-5378EBFD5F13',N'E6195349-5BFD-4E6C-A55F-E0A8C447CF35',N'monto_deposito',N'Monto del depósito',N'numeric',N'No aplica',N'',NULL,N'[]',4,N'',1,N'admin','2025-11-13 16:58:05.0900000',N'admin','2025-11-13 16:58:05.0900000'),
	 (N'50F86657-468D-4843-BBCA-55E534E1A81D',N'B6661C01-045D-484B-8EA1-D689518C081F',N'total_arqueo',N'Total Arqueo',N'numeric',N'Tablas',N'efectivo + comp_validos + comp_invalidos + reembolso',NULL,N'[]',5,N'',1,N'admin','2025-11-13 16:58:05.0900000',N'admin','2025-11-13 16:58:05.0900000'),
	 (N'1973ED89-E6A7-47F7-A2C7-570FBB98DEA5',N'AC17F068-EF70-49BC-9554-1FB07835DD69',N'comp_invalidos',N'Comprobantes inválidos',N'numeric',N'No aplica',N'',NULL,N'[]',3,N'',1,N'admin','2025-11-13 16:58:05.0900000',N'admin','2025-11-13 16:58:05.0900000'),
	 (N'5C1512C4-EB7D-481F-B04E-57595B6C9BCD',N'E6195349-5BFD-4E6C-A55F-E0A8C447CF35',N'dias_retrazo',N'Días de retrazo',N'numeric',N'No aplica',N'',N'SUM',N'[]',8,N'',1,N'admin','2025-11-13 16:58:05.0900000',N'admin','2025-11-13 16:58:05.0900000'),
	 (N'144F7A9C-2002-4883-9780-58043E208E11',N'8CB99D27-6A5A-4206-BBA9-A2B24141708A',N'dif_pollos',N'Diferencia de pollos',N'numeric',N'No aplica',N'',N'SUM',N'[]',5,N'',1,N'admin','2025-11-13 16:58:05.0900000',N'admin','2025-11-13 16:58:05.0900000'),
	 (N'1C64EAE6-3E58-471E-B59D-5A166929295C',N'D09F6B29-3BA7-47EC-8F02-CAAB9A8C0A63',N'cmt_rlv',N'Comentarios Relevantes',N'text',N'No aplica',N'',NULL,N'[]',7,N'',1,N'admin','2025-11-13 16:58:05.0900000',N'admin','2025-11-13 16:58:05.0900000'),
	 (N'20C81192-0465-43DF-95A6-5C86572BFCF5',N'710FA9E3-FD8D-4DBA-85BA-995795E08170',N'del',N'Del',N'date',N'No aplica',N'',NULL,N'[]',1,N'',1,N'admin','2025-11-13 16:58:05.0900000',N'admin','2025-11-13 16:58:05.0900000'),
	 (N'4580F446-708B-4653-841A-5D707134FCFA',N'07C06AB6-2A24-49E7-A976-48EBD049D970',N'um',N'UM',N'text',N'Excel',N'BJ7:BJ22',NULL,N'[]',4,N'',1,N'admin','2025-11-17 22:49:16.3637802',N'admin','2025-11-17 22:49:16.3637806');
INSERT INTO DBAuditQA.dbo.AuditTemplateFields (AuditTemplateFieldId,TableScaleTemplateId,FieldCode,FieldName,FieldType,IsCalculated,CalculationFormula,AcumulationType,FieldOptions,SortOrder,DefaultValue,IsActive,CreatedBy,CreationDate,UpdatedBy,UpdateDate) VALUES
	 (N'55ED6C6F-7A62-46B9-B48E-5DDB314196CE',N'788DB008-B705-4CFA-83FE-B8E5E49BC31C',N'tipo',N'Tipo de Observación',N'select',N'No aplica',N'',NULL,N'["Falta_de_registro","Registro_fuera_de_fecha","Registro_con_cantidades_diferentes","Otros_casos"]',1,N'',1,N'admin','2025-11-13 16:58:05.0900000',N'admin','2025-11-13 16:58:05.0900000'),
	 (N'B869DA46-AE3D-4BBE-ABD0-5EDB31EE9064',N'BEF36B90-3A98-4E5E-B082-D5A06CECBD56',N'saldo_inicial',N'Saldo inicial',N'numeric',N'No aplica',N'',N'SUM',N'[]',9,N'',1,N'admin','2025-11-13 16:58:05.0900000',N'admin','2025-11-13 16:58:05.0900000'),
	 (N'66019315-17BA-4D57-9163-6236FC29CF19',N'5F5BDC64-F471-464A-B0BC-3A2CF9914A0C',N'monto_soles',N'S/.',N'numeric',N'No aplica',N'',NULL,N'[]',2,N'',1,N'admin','2025-11-13 16:58:05.0900000',N'admin','2025-11-13 16:58:05.0900000'),
	 (N'F8EA5934-B763-47F3-8E7F-626AAD615EC4',N'A0C80AE0-4FA2-45C4-B995-E4EAFE551D5B',N'total',N'Total S/.',N'numeric',N'No aplica',N'',N'SUM',N'[]',3,N'',1,N'admin','2025-11-13 16:58:05.0900000',N'admin','2025-11-13 16:58:05.0900000'),
	 (N'CCA88C85-8B0E-4F28-93ED-64CBF93D52EC',N'B6661C01-045D-484B-8EA1-D689518C081F',N'comp_invalidos',N'Comprobantes inválidos',N'numeric',N'No aplica',N'',NULL,N'[]',4,N'',1,N'admin','2025-11-13 16:58:05.0900000',N'admin','2025-11-13 16:58:05.0900000'),
	 (N'63DB5998-85A9-44CD-BF99-6580A54A0AA1',N'FBF0F9D8-85A3-4032-BED6-0BADFE0EAD68',N'del',N'Del',N'date',N'No aplica',N'',NULL,N'[]',1,N'',1,N'admin','2025-11-17 09:31:29.6710028',N'admin','2025-11-17 09:31:29.6710029'),
	 (N'347A2EA5-63B5-4629-A82E-676A701CE88B',N'C31B3244-2A5C-41AE-9950-B79109D974F5',N'coment_sobrante',N'Comentario -Sobrante',N'text',N'No aplica',N'',NULL,N'[]',8,N'ninguna',1,N'admin','2025-11-13 16:58:05.0900000',N'admin','2025-11-17 15:15:11.3947852'),
	 (N'B361D40C-D445-4087-9E60-6811652FD5D4',N'EE26B3CF-385A-4EBC-9396-8C4222BC2354',N'firmados',N'Todos los descuentos estan firmados (SI/NO)',N'select',N'No aplica',N'',N'COUNT',N'["si","no"]',3,N'',1,N'admin','2025-11-13 16:58:05.0900000',N'admin','2025-11-13 16:58:05.0900000'),
	 (N'CA3385CB-C189-4F1C-A293-6C4027D677ED',N'A0C80AE0-4FA2-45C4-B995-E4EAFE551D5B',N'prod',N'Producto',N'text',N'No aplica',N'',NULL,N'[]',1,N'',1,N'admin','2025-11-13 16:58:05.0900000',N'admin','2025-11-13 16:58:05.0900000'),
	 (N'8D1B6A98-1354-41F0-98A1-6CE0805C16B8',N'788DB008-B705-4CFA-83FE-B8E5E49BC31C',N'observado',N'Observado',N'select',N'No aplica',N'',N'COUNT',N'["si","excep"]',4,N'',1,N'admin','2025-11-13 16:58:05.0900000',N'admin','2025-11-13 16:58:05.0900000');
INSERT INTO DBAuditQA.dbo.AuditTemplateFields (AuditTemplateFieldId,TableScaleTemplateId,FieldCode,FieldName,FieldType,IsCalculated,CalculationFormula,AcumulationType,FieldOptions,SortOrder,DefaultValue,IsActive,CreatedBy,CreationDate,UpdatedBy,UpdateDate) VALUES
	 (N'C522D0EB-B5AF-47B9-8F5D-6E57D7285DF3',N'63F978E1-BB59-44AB-9164-21CBDA4BBD2B',N'detalle',N'Detalle Incumplimiento',N'text',N'No aplica',N'',NULL,N'[]',3,N'',1,N'admin','2025-11-13 16:58:05.0900000',N'admin','2025-11-13 16:58:05.0900000'),
	 (N'51B100E2-D336-4A05-99D6-6F9401425C9B',N'BEF36B90-3A98-4E5E-B082-D5A06CECBD56',N'salidas',N'Salidas',N'numeric',N'No aplica',N'',N'SUM',N'[]',3,N'',1,N'admin','2025-11-13 16:58:05.0900000',N'admin','2025-11-13 16:58:05.0900000'),
	 (N'6C61F4F3-2B35-45CA-9EBF-70C3CD821365',N'E3CEB7C8-8EC6-43C5-8C4A-3204460F6807',N'pregunta_dos',N'P2:Las diferencias son reponsabilidad de la administración, ya sea por falta de registro o dif real',N'select',N'No aplica',N'',N'COUNT',N'["si","no"]',3,N'',1,N'admin','2025-11-13 16:58:05.0900000',N'admin','2025-11-13 16:58:05.0900000'),
	 (N'8B4545D9-6302-48B0-B20D-75C9BFD46D12',N'C9C009BF-7417-4240-A295-2EF1D4BDEB9F',N'um',N'UM',N'text',N'Excel',N'AZ8:AZ23',NULL,N'[]',4,N'',1,N'admin','2025-11-17 22:58:25.2681759',N'admin','2025-11-17 22:58:25.2681760'),
	 (N'192FDEA2-4D02-4649-A44E-75D023709BEA',N'EDD3492C-AE56-44DE-9E9C-E5D64CF6BC8F',N'coment_faltantes',N'Cometario faltantes',N'text',N'No aplica',N'',NULL,N'[]',3,N'',1,N'admin','2025-11-13 16:58:05.0900000',N'admin','2025-11-13 16:58:05.0900000'),
	 (N'E336B365-153C-4195-8CF3-765992E16200',N'F72E9495-B6EC-4A26-900C-409B64454242',N'fondo_sencillo',N'Fondo de sencillo',N'numeric',N'No aplica',N'',NULL,N'[]',1,N'',1,N'admin','2025-11-13 16:58:05.0900000',N'admin','2025-11-13 16:58:05.0900000'),
	 (N'ECB6E297-39D2-4595-9732-773D449E630A',N'C31B3244-2A5C-41AE-9950-B79109D974F5',N'sobrantes_soles',N'Sobrantes S/.',N'numeric',N'Excel',N'N2',NULL,N'[]',3,N'',1,N'admin','2025-11-13 16:58:05.0900000',N'admin','2025-11-17 16:30:58.5870880'),
	 (N'9F00BDD6-B9CB-4666-B6BC-783DD1DFE915',N'46B9E394-42A3-4705-BDE2-0B5E475A02B3',N'porcent_dif',N'% de diferencia',N'numeric',N'Tablas',N'dif_papa / decargada_vta',N'SUM',N'[]',6,N'',1,N'admin','2025-11-13 16:58:05.0900000',N'admin','2025-11-13 16:58:05.0900000'),
	 (N'2B3159AB-27A0-44EE-AE91-78545200574B',N'8CB99D27-6A5A-4206-BBA9-A2B24141708A',N'porcent_dif',N'% de Diferencia',N'numeric',N'Tablas',N'dif_pollos / num_p_descargads',N'SUM',N'[]',6,N'',1,N'admin','2025-11-13 16:58:05.0900000',N'admin','2025-11-13 16:58:05.0900000'),
	 (N'FC368D55-6593-48AE-937F-79CB2BF8F418',N'6AED8114-081F-4694-B24C-A26E7929F14A',N'cantidad',N'Cantidad',N'numeric',N'No aplica',N'',N'SUM',N'[]',2,N'0',1,N'admin','2025-11-13 16:58:05.0900000',N'admin','2025-11-13 16:58:05.0900000');
INSERT INTO DBAuditQA.dbo.AuditTemplateFields (AuditTemplateFieldId,TableScaleTemplateId,FieldCode,FieldName,FieldType,IsCalculated,CalculationFormula,AcumulationType,FieldOptions,SortOrder,DefaultValue,IsActive,CreatedBy,CreationDate,UpdatedBy,UpdateDate) VALUES
	 (N'D8DFF5AC-1E2C-4FC9-A5C8-7AD3F0B32168',N'BB05A45A-54AF-47F3-83FF-CE474D0D4CC3',N'al',N'Al',N'date',N'No aplica',N'',NULL,N'[]',2,N'',1,N'admin','2025-11-13 16:58:05.0900000',N'admin','2025-11-13 16:58:05.0900000'),
	 (N'8623981A-EF75-40F1-AD42-7C0DA24A1DA4',N'C31B3244-2A5C-41AE-9950-B79109D974F5',N'neto_cant',N'Neto cant.',N'numeric',N'Excel',N'P3',N'SUM',N'[]',6,N'',1,N'admin','2025-11-13 16:58:05.0900000',N'admin','2025-11-17 16:32:00.6276413'),
	 (N'58468602-0810-4622-8CF2-7EC8B91A4B6C',N'46B9E394-42A3-4705-BDE2-0B5E475A02B3',N'dif_papa',N'Diferencia de Lechuga en Kg',N'numeric',N'No aplica',N'',N'SUM',N'[]',5,N'0',1,N'admin','2025-11-13 16:58:05.0900000',N'admin','2025-11-17 23:11:20.1457485'),
	 (N'E5B1B791-A735-4E77-8647-7EFDE9F845ED',N'5B8AB8F3-04A1-48A3-A410-8C36BED23138',N'monto_soles',N'S/.',N'numeric',N'No aplica',N'',N'SUM',N'[]',2,N'',1,N'admin','2025-11-13 16:58:05.0900000',N'admin','2025-11-13 16:58:05.0900000'),
	 (N'5CFB9EE9-E639-4934-AA6F-7FC62EF594C3',N'BB05A45A-54AF-47F3-83FF-CE474D0D4CC3',N'pct_diferencia',N'% de diferencia',N'numeric',N'Tablas',N'dif_aji_bolsas_ltrs / descarg_vta',N'SUM',N'[]',6,N'',1,N'admin','2025-11-13 16:58:05.0900000',N'admin','2025-11-13 16:58:05.0900000'),
	 (N'56E860F0-F1FF-4B67-983C-805F65DC6692',N'C9C009BF-7417-4240-A295-2EF1D4BDEB9F',N'coment',N'Comentario',N'text',N'No aplica',N'',NULL,N'[]',5,N'Ninguna',1,N'admin','2025-11-17 22:59:24.7898421',N'admin','2025-11-17 22:59:24.7898424'),
	 (N'8F8531A3-14E6-480F-866D-81430E810C74',N'BB05A45A-54AF-47F3-83FF-CE474D0D4CC3',N'descarg_vta',N'Aji descargado por VTA en bolsas de 4trs',N'numeric',N'No aplica',N'',N'SUM',N'[]',4,N'',1,N'admin','2025-11-13 16:58:05.0900000',N'admin','2025-11-18 16:53:52.6934445'),
	 (N'261AC6D8-4D23-49A9-86FC-816F51200CCB',N'BEF36B90-3A98-4E5E-B082-D5A06CECBD56',N'facturado',N'Facturado',N'numeric',N'No aplica',N'',NULL,N'[]',5,N'',1,N'admin','2025-11-13 16:58:05.0900000',N'admin','2025-11-13 16:58:05.0900000'),
	 (N'64ED3823-9721-473F-80B1-825F8D9FA9A2',N'E3CEB7C8-8EC6-43C5-8C4A-3204460F6807',N'pregunta_tres',N'P3:De no ser responsabilidad de la administración - Fueron informadas al area correspondiente del Back Office.',N'select',N'No aplica',N'',N'COUNT',N'["si","no"]',5,N'',1,N'admin','2025-11-13 16:58:05.0900000',N'admin','2025-11-13 16:58:05.0900000'),
	 (N'14939E02-F620-4C80-BC67-83C6F05E8C63',N'188690D7-B460-488D-84C1-B74937FFBDD8',N'del',N'Del',N'date',N'No aplica',N'',NULL,N'[]',1,N'',1,N'admin','2025-11-13 16:58:05.0900000',N'admin','2025-11-13 16:58:05.0900000');
INSERT INTO DBAuditQA.dbo.AuditTemplateFields (AuditTemplateFieldId,TableScaleTemplateId,FieldCode,FieldName,FieldType,IsCalculated,CalculationFormula,AcumulationType,FieldOptions,SortOrder,DefaultValue,IsActive,CreatedBy,CreationDate,UpdatedBy,UpdateDate) VALUES
	 (N'4A3C65B3-CBFD-43B2-B4AA-847FDD4E64C3',N'D09F6B29-3BA7-47EC-8F02-CAAB9A8C0A63',N'nro_dias_eval',N'Nro de Dias evaluados',N'numeric',N'No aplica',N'',NULL,N'[]',3,N'',1,N'admin','2025-11-13 16:58:05.0900000',N'admin','2025-11-13 16:58:05.0900000'),
	 (N'D4944ED5-C84D-437A-AC03-850532EECA69',N'710FA9E3-FD8D-4DBA-85BA-995795E08170',N'coment',N'Comentario',N'text',N'No aplica',N'',NULL,N'[]',7,N'',1,N'admin','2025-11-13 16:58:05.0900000',N'admin','2025-11-13 16:58:05.0900000'),
	 (N'37FB420D-2ABD-4FA3-A64C-8673339AB5DE',N'A0C80AE0-4FA2-45C4-B995-E4EAFE551D5B',N'cant',N'Cantidad',N'numeric',N'No aplica',N'',N'SUM',N'[]',2,N'',1,N'admin','2025-11-13 16:58:05.0900000',N'admin','2025-11-13 16:58:05.0900000'),
	 (N'2A5E0D24-E4F2-4EAA-8397-86E21036379C',N'138FA4BB-712B-4CCD-B041-263316C32637',N'monto',N'Faltante(-) / Sobrante(+)',N'numeric',N'Excel',N'BH8:BH23',N'SUM',N'[]',2,N'',1,N'admin','2025-11-13 16:58:05.0900000',N'admin','2025-11-17 22:26:16.6989864'),
	 (N'7B988E25-7BCE-42E8-A628-8982C9C819F7',N'E3CEB7C8-8EC6-43C5-8C4A-3204460F6807',N'pregunta_uno',N'P1:Las cuenta corriente de las liquidaciones de dinero de tienda se encuentran sin observaciones - Reporte 205 Spring',N'select',N'No aplica',N'',N'COUNT',N'["si","no"]',1,N'',1,N'admin','2025-11-13 16:58:05.0900000',N'admin','2025-11-13 16:58:05.0900000'),
	 (N'9896FE74-15EF-42F0-A046-89D5F5B6F65B',N'D09F6B29-3BA7-47EC-8F02-CAAB9A8C0A63',N'al',N'Al',N'date',N'No aplica',N'',NULL,N'[]',2,N'',1,N'admin','2025-11-13 16:58:05.0900000',N'admin','2025-11-13 16:58:05.0900000'),
	 (N'F8F5C47D-1972-4A0A-92BE-8A1B85629BD1',N'3F6DA6B5-553C-40EB-90AD-338EFF4B4513',N'monto_soles',N'S/.',N'numeric',N'No aplica',N'',N'SUM',N'[]',1,N'',1,N'admin','2025-11-13 16:58:05.0900000',N'admin','2025-11-13 16:58:05.0900000'),
	 (N'D299820E-22DF-4CB9-8A2E-8A4CAEB4AD36',N'FBF0F9D8-85A3-4032-BED6-0BADFE0EAD68',N'al',N'Al',N'date',N'No aplica',N'',NULL,N'[]',2,N'',1,N'admin','2025-11-17 09:31:29.6709199',N'admin','2025-11-17 09:31:29.6709200'),
	 (N'A45CDB94-481F-4693-81C8-8C7DC3EEA6AA',N'52E09CAE-5BD4-42A0-8F3D-67FA7E0F65C2',N'es_valida',N'¿Es valida?',N'select',N'No aplica',N'',N'COUNT',N'["Si","No"]',3,N'',1,N'admin','2025-11-13 16:58:05.0900000',N'admin','2025-11-13 16:58:05.0900000'),
	 (N'280A3DE6-A50E-4999-8010-8D561E6F2D6A',N'63F978E1-BB59-44AB-9164-21CBDA4BBD2B',N'observado',N'Observado',N'select',N'No aplica',N'',N'COUNT',N'["si","excep"]',4,N'',1,N'admin','2025-11-13 16:58:05.0900000',N'admin','2025-11-13 16:58:05.0900000');
INSERT INTO DBAuditQA.dbo.AuditTemplateFields (AuditTemplateFieldId,TableScaleTemplateId,FieldCode,FieldName,FieldType,IsCalculated,CalculationFormula,AcumulationType,FieldOptions,SortOrder,DefaultValue,IsActive,CreatedBy,CreationDate,UpdatedBy,UpdateDate) VALUES
	 (N'8BF5A061-5A96-40CE-93A8-8D7E59A1C019',N'C31B3244-2A5C-41AE-9950-B79109D974F5',N'neto_soles',N'Neto en S/.',N'numeric',N'Excel',N'N3',N'SUM',N'[]',5,N'',1,N'admin','2025-11-13 16:58:05.0900000',N'admin','2025-11-17 16:31:39.0727412'),
	 (N'7279B912-A878-4B39-BCF9-8EFCB8B7C9FF',N'BEF36B90-3A98-4E5E-B082-D5A06CECBD56',N'fecha',N'Fecha',N'date',N'No aplica',N'',NULL,N'[]',1,N'',1,N'admin','2025-11-13 16:58:05.0900000',N'admin','2025-11-13 16:58:05.0900000'),
	 (N'32300346-4AA2-4574-844C-92FD88C8C348',N'639F051C-5AD5-4110-8B7F-0CAB7E346F3C',N'detalle',N'Detalle incumplimiento',N'text',N'No aplica',N'',NULL,N'[]',3,N'',1,N'admin','2025-11-13 16:58:05.0900000',N'admin','2025-11-13 16:58:05.0900000'),
	 (N'2FAD3F41-5781-46E9-85AA-94C077ADDE94',N'7AF24E1C-7117-4C57-8E10-4A3D883145CB',N'al',N'Al',N'date',N'No aplica',N'',NULL,N'[]',2,N'',1,N'admin','2025-11-13 16:58:05.0900000',N'admin','2025-11-13 16:58:05.0900000'),
	 (N'BEF14776-55A8-40D5-8AEF-958F78E7B15E',N'B6661C01-045D-484B-8EA1-D689518C081F',N'reembolso',N'C.Chicas P. Reembolso',N'numeric',N'No aplica',N'',NULL,N'[]',3,N'',1,N'admin','2025-11-13 16:58:05.0900000',N'admin','2025-11-13 16:58:05.0900000'),
	 (N'1503AD05-D009-478D-8A2C-95B9BE6A1F67',N'710FA9E3-FD8D-4DBA-85BA-995795E08170',N'diferencia',N'Diferencia de Papa en Kg',N'numeric',N'No aplica',N'',N'SUM',N'[]',5,N'',1,N'admin','2025-11-13 16:58:05.0900000',N'admin','2025-11-13 16:58:05.0900000'),
	 (N'6FE7E950-948A-4D3A-834D-95F96E995277',N'F81BDC42-E8B1-4CB8-A87F-29F30D4F8583',N'adminis',N'Administrador que Gestionó TMSA',N'text',N'No aplica',N'',NULL,N'[]',2,N'',1,N'admin','2025-11-13 16:58:05.0900000',N'admin','2025-11-13 16:58:05.0900000'),
	 (N'6C20E5E8-C639-499C-9C6B-97F788C93719',N'46B9E394-42A3-4705-BDE2-0B5E475A02B3',N'del',N'Del',N'date',N'No aplica',N'',NULL,N'[]',1,N'',1,N'admin','2025-11-13 16:58:05.0900000',N'admin','2025-11-13 16:58:05.0900000'),
	 (N'12107F6D-E60B-41EF-9006-9C06777DE46D',N'EE26B3CF-385A-4EBC-9396-8C4222BC2354',N'detalle',N'Detalle de observaciones / incumplimientos',N'text',N'No aplica',N'',NULL,N'[]',4,N'',1,N'admin','2025-11-13 16:58:05.0900000',N'admin','2025-11-13 16:58:05.0900000'),
	 (N'86393C76-FD50-4F45-B9E9-9F55DD5CBCF9',N'F20556B2-0D00-4DCE-ACAA-1B1021203E0A',N'prod',N'Producto',N'text',N'No aplica',N'',NULL,N'[]',1,N'',1,N'admin','2025-11-13 16:58:05.0900000',N'admin','2025-11-13 16:58:05.0900000');
INSERT INTO DBAuditQA.dbo.AuditTemplateFields (AuditTemplateFieldId,TableScaleTemplateId,FieldCode,FieldName,FieldType,IsCalculated,CalculationFormula,AcumulationType,FieldOptions,SortOrder,DefaultValue,IsActive,CreatedBy,CreationDate,UpdatedBy,UpdateDate) VALUES
	 (N'DA41C235-4173-4D4F-BC82-A01ACAA5659B',N'07C06AB6-2A24-49E7-A976-48EBD049D970',N'coment',N'Comentarios',N'text',N'No aplica',N'',NULL,N'[]',5,N'Ninguna',1,N'admin','2025-11-17 22:50:31.9567377',N'admin','2025-11-17 22:50:31.9567381'),
	 (N'1628167C-2B3C-4B1C-B206-A074C30CD1E7',N'138FA4BB-712B-4CCD-B041-263316C32637',N'insumo',N'Insumo',N'text',N'Excel',N'BC8:BC23',NULL,N'[]',1,N'',1,N'admin','2025-11-13 16:58:05.0900000',N'admin','2025-11-17 22:25:02.6676400'),
	 (N'C56924B2-2143-427C-8F8B-A17E55FED1D7',N'6AED8114-081F-4694-B24C-A26E7929F14A',N'fecha_venc',N'Fecha vencimiento',N'date',N'No aplica',N'',NULL,N'[]',3,N'',1,N'admin','2025-11-13 16:58:05.0900000',N'admin','2025-11-13 16:58:05.0900000'),
	 (N'A1C537E1-9CFF-441D-AAA5-A1819639686B',N'4B1EBA56-1DB9-4BDF-BF0B-561EA11A5034',N'observaciones',N'Observaciones relevantes',N'text',N'No aplica',N'',NULL,N'[]',5,N'',1,N'admin','2025-11-13 16:58:05.0900000',N'admin','2025-11-13 16:58:05.0900000'),
	 (N'A5A0CD6B-9022-489F-8C1B-A1BD2DAF7E08',N'F3811101-AC19-4952-AE67-BD7EAF18CCFB',N'um',N'UM',N'text',N'Excel',N'BT7:BT22',NULL,N'[]',4,N'',1,N'admin','2025-11-13 16:58:05.0900000',N'admin','2025-11-17 16:36:19.3772064'),
	 (N'7CF95BB9-BFA7-4378-B305-A39B06FB4BB5',N'8CB99D27-6A5A-4206-BBA9-A2B24141708A',N'num_dias_evaluados',N'Número de días evaluados',N'numeric',N'No aplica',N'',N'SUM',N'[]',3,N'',1,N'admin','2025-11-13 16:58:05.0900000',N'admin','2025-11-13 16:58:05.0900000'),
	 (N'94614099-2D66-41F7-B5A5-A3D5D45E2124',N'6AED8114-081F-4694-B24C-A26E7929F14A',N'cond_producto',N'¿Condición del producto?',N'select',N'No aplica',N'',N'COUNT',N'["por_vencer","vencido","vigente"]',5,N'',1,N'admin','2025-11-13 16:58:05.0900000',N'admin','2025-11-13 16:58:05.0900000'),
	 (N'D592A79E-94F4-4632-BF80-A459C2F994CB',N'5B6E23ED-0F56-47A1-AD07-EEE718CA61A5',N'observacion',N'Observaciones Detalle',N'text',N'No aplica',N'',NULL,N'[]',4,N'',1,N'admin','2025-11-13 16:58:05.0900000',N'admin','2025-11-13 16:58:05.0900000'),
	 (N'8F0A10CE-B2CC-4492-917D-A5123E884CAC',N'B975B8B6-F6D0-4D56-BEC7-094C4A788B5F',N'descuento_sis',N'Descuento en Sistema Tareo',N'numeric',N'No aplica',N'',N'SUM',N'[]',4,N'',1,N'admin','2025-11-13 16:58:05.0900000',N'admin','2025-11-13 16:58:05.0900000'),
	 (N'C77F5934-2BE4-4332-B4A0-A52DBBDF179D',N'9E2BE3E0-6B7B-41C8-9542-83DCBD99D26C',N'coment',N'Comentario',N'text',N'No aplica',N'',NULL,N'[]',5,N'Ninguna',1,N'admin','2025-11-17 23:03:58.2721894',N'admin','2025-11-17 23:03:58.2721898');
INSERT INTO DBAuditQA.dbo.AuditTemplateFields (AuditTemplateFieldId,TableScaleTemplateId,FieldCode,FieldName,FieldType,IsCalculated,CalculationFormula,AcumulationType,FieldOptions,SortOrder,DefaultValue,IsActive,CreatedBy,CreationDate,UpdatedBy,UpdateDate) VALUES
	 (N'4941B679-4FD7-421D-AA35-A56BC9D7117A',N'B975B8B6-F6D0-4D56-BEC7-094C4A788B5F',N'diferencia',N'Diferencias por Aplicar S/.',N'numeric',N'Tablas',N'faltante_inv - descuento_sis',N'SUM',N'[]',5,N'',1,N'admin','2025-11-13 16:58:05.0900000',N'admin','2025-11-13 16:58:05.0900000'),
	 (N'9A51A318-4C29-4918-B6D5-A58FB0C77507',N'639F051C-5AD5-4110-8B7F-0CAB7E346F3C',N'observado',N'Obs.',N'select',N'No aplica',N'',N'COUNT',N'["si","excep"]',4,N'',1,N'admin','2025-11-13 16:58:05.0900000',N'admin','2025-11-13 16:58:05.0900000'),
	 (N'077343EA-B427-4089-9E49-A7129BB3A60C',N'8CB99D27-6A5A-4206-BBA9-A2B24141708A',N'comentario',N'Comentario',N'text',N'No aplica',N'',NULL,N'[]',7,N'',1,N'admin','2025-11-13 16:58:05.0900000',N'admin','2025-11-13 16:58:05.0900000'),
	 (N'0B46ADFD-474A-4364-B811-A77D4E397CD9',N'BEF36B90-3A98-4E5E-B082-D5A06CECBD56',N'ingresos',N'Ingresos',N'numeric',N'No aplica',N'',N'SUM',N'[]',2,N'',1,N'admin','2025-11-13 16:58:05.0900000',N'admin','2025-11-13 16:58:05.0900000'),
	 (N'0BCB402A-E355-4E81-A920-AD03A9C92497',N'F81BDC42-E8B1-4CB8-A87F-29F30D4F8583',N'obs',N'Obs.',N'select',N'No aplica',N'',N'COUNT',N'["si","excep"]',5,N'',1,N'admin','2025-11-13 16:58:05.0900000',N'admin','2025-11-13 16:58:05.0900000'),
	 (N'AC9E2A71-269C-40A2-9380-AE94798CFE22',N'E6195349-5BFD-4E6C-A55F-E0A8C447CF35',N'deposito_integro',N'Depósito Integro - Conteo Dinero y Depósito en Bóveda / Sin Observac.',N'select',N'No aplica',N'',N'COUNT',N'["Si","Anomalia","Excep"]',6,N'',1,N'admin','2025-11-13 16:58:05.0900000',N'admin','2025-11-13 16:58:05.0900000'),
	 (N'9B316216-C833-4695-B7DE-B0B93E250442',N'9E2BE3E0-6B7B-41C8-9542-83DCBD99D26C',N'monto',N'Faltante(-) / Sobrante(+)',N'numeric',N'Excel',N'BR8:BR23',N'SUM',N'[]',2,N'',1,N'admin','2025-11-17 23:02:02.1016575',N'admin','2025-11-17 23:02:02.1016576'),
	 (N'153E93DD-38A9-48D4-BC04-B0C34CDC9D74',N'788DB008-B705-4CFA-83FE-B8E5E49BC31C',N'datos_documento',N'Datos documento (Nro Doc / Cantidad / Proveedor)',N'text',N'No aplica',N'',NULL,N'[]',2,N'',1,N'admin','2025-11-13 16:58:05.0900000',N'admin','2025-11-13 16:58:05.0900000'),
	 (N'B440A406-36FB-4605-BF9A-B0C56EC7413C',N'7AF24E1C-7117-4C57-8E10-4A3D883145CB',N'diferencia',N'Diferencias por Aplicar S/.',N'numeric',N'Tablas',N'faltante_caja - descuento_sis',N'SUM',N'[]',5,N'',1,N'admin','2025-11-13 16:58:05.0900000',N'admin','2025-11-13 16:58:05.0900000'),
	 (N'ACD2DAF5-97BA-4BB5-A4A0-B204743D6597',N'D09F6B29-3BA7-47EC-8F02-CAAB9A8C0A63',N'del',N'Del',N'date',N'No aplica',N'',NULL,N'[]',1,N'',1,N'admin','2025-11-13 16:58:05.0900000',N'admin','2025-11-13 16:58:05.0900000');
INSERT INTO DBAuditQA.dbo.AuditTemplateFields (AuditTemplateFieldId,TableScaleTemplateId,FieldCode,FieldName,FieldType,IsCalculated,CalculationFormula,AcumulationType,FieldOptions,SortOrder,DefaultValue,IsActive,CreatedBy,CreationDate,UpdatedBy,UpdateDate) VALUES
	 (N'F75B62B1-959A-4006-9B4E-B5248633CCD3',N'07C06AB6-2A24-49E7-A976-48EBD049D970',N'insumo',N'Insumo',N'text',N'Excel',N'BC7:BC22',NULL,N'[]',1,N'',1,N'admin','2025-11-17 22:44:56.4533425',N'admin','2025-11-17 22:45:54.6288347'),
	 (N'6D391A2A-4B94-4345-8628-B91DAD59B7FD',N'4B1EBA56-1DB9-4BDF-BF0B-561EA11A5034',N'cortesia',N'Cortesía',N'select',N'No aplica',N'',N'COUNT',N'["x","excep"]',2,N'',1,N'admin','2025-11-13 16:58:05.0900000',N'admin','2025-11-13 16:58:05.0900000'),
	 (N'8A367BE5-7EBA-4364-ADE1-B93174D37A49',N'710FA9E3-FD8D-4DBA-85BA-995795E08170',N'descarga_vta',N'Papa descargada por VTA en Kg',N'numeric',N'No aplica',N'',N'SUM',N'[]',4,N'',1,N'admin','2025-11-13 16:58:05.0900000',N'admin','2025-11-18 16:52:43.6631363'),
	 (N'6CA2131E-D6ED-4DE4-83C3-BA4484E5864F',N'07C06AB6-2A24-49E7-A976-48EBD049D970',N'monto',N'Monto s/',N'numeric',N'Excel',N'BH7:BH22',N'SUM',N'[]',2,N'',1,N'admin','2025-11-17 22:47:13.8395838',N'admin','2025-11-17 22:57:11.9483364'),
	 (N'1F5BDAA3-A525-4F25-9793-BB1AFD14F42E',N'138FA4BB-712B-4CCD-B041-263316C32637',N'coment',N'Comentario',N'text',N'No aplica',N'',NULL,N'[]',5,N'Ninguna',1,N'admin','2025-11-13 16:58:05.0900000',N'admin','2025-11-17 23:22:50.4196206'),
	 (N'03A91423-9F5D-4759-BDDC-BB629251861D',N'EDD3492C-AE56-44DE-9E9C-E5D64CF6BC8F',N'sobrantes_soles',N'Sobrantes S/.',N'numeric',N'Excel',N'N2',N'SUM',N'[]',4,N'',1,N'admin','2025-11-13 16:58:05.0900000',N'admin','2025-11-17 22:21:53.4831932'),
	 (N'E4492201-FE62-4D15-8BC0-BB7BEA30B7C2',N'9E2BE3E0-6B7B-41C8-9542-83DCBD99D26C',N'insumo',N'Insumo',N'text',N'Excel',N'BM8:BM23',NULL,N'[]',1,N'',1,N'admin','2025-11-17 23:00:59.2084072',N'admin','2025-11-17 23:00:59.2084074'),
	 (N'50CAC88F-87AA-4560-BE8C-BCA4D8774E88',N'FBF0F9D8-85A3-4032-BED6-0BADFE0EAD68',N'nro_dias_eval',N'Nro de Dias evaluados',N'numeric',N'No aplica',N'',NULL,N'[]',3,N'',1,N'admin','2025-11-17 09:31:29.6708923',N'admin','2025-11-17 09:31:29.6708926'),
	 (N'DB1BD9B1-B7FB-440B-95D5-BCC6431B7201',N'F20556B2-0D00-4DCE-ACAA-1B1021203E0A',N'total',N'Total',N'numeric',N'No aplica',N'',N'SUM',N'[]',3,N'',1,N'admin','2025-11-13 16:58:05.0900000',N'admin','2025-11-13 16:58:05.0900000'),
	 (N'36F37081-4C33-4725-8773-C0433B37FD7B',N'BB05A45A-54AF-47F3-83FF-CE474D0D4CC3',N'del',N'Del',N'date',N'No aplica',N'',NULL,N'[]',1,N'',1,N'admin','2025-11-13 16:58:05.0900000',N'admin','2025-11-13 16:58:05.0900000');
INSERT INTO DBAuditQA.dbo.AuditTemplateFields (AuditTemplateFieldId,TableScaleTemplateId,FieldCode,FieldName,FieldType,IsCalculated,CalculationFormula,AcumulationType,FieldOptions,SortOrder,DefaultValue,IsActive,CreatedBy,CreationDate,UpdatedBy,UpdateDate) VALUES
	 (N'4A2D250F-CED5-47B0-9BD2-C10FE0DEEE9F',N'5B6E23ED-0F56-47A1-AD07-EEE718CA61A5',N'fecha',N'Fecha',N'date',N'No aplica',N'',NULL,N'[]',1,N'',1,N'admin','2025-11-13 16:58:05.0900000',N'admin','2025-11-13 16:58:05.0900000'),
	 (N'4A67462F-9FCF-4A19-86EB-C1CFD2E0E787',N'63F978E1-BB59-44AB-9164-21CBDA4BBD2B',N'datos_documento',N'Datos documento (Nro Doc/Cantidad/Proveedor)',N'text',N'No aplica',N'',NULL,N'[]',2,N'',1,N'admin','2025-11-13 16:58:05.0900000',N'admin','2025-11-13 16:58:05.0900000'),
	 (N'5D0C7241-6ED0-44AB-B592-C4D49930489F',N'D09F6B29-3BA7-47EC-8F02-CAAB9A8C0A63',N'porc_dif',N'% de diferencia',N'numeric',N'Tablas',N'dif_saz_kg / desca_vta',N'SUM',N'[]',6,N'',1,N'admin','2025-11-13 16:58:05.0900000',N'admin','2025-11-13 16:58:05.0900000'),
	 (N'5A4DEC06-24B4-4A8E-84A3-C5CC9D963F2F',N'BB05A45A-54AF-47F3-83FF-CE474D0D4CC3',N'nro_dias_evaluados',N'Nro de Dias evaluados',N'numeric',N'No aplica',N'',NULL,N'[]',3,N'',1,N'admin','2025-11-13 16:58:05.0900000',N'admin','2025-11-13 16:58:05.0900000'),
	 (N'3D4D71F3-9EA6-41F8-8ACE-C80CEF9CE911',N'710FA9E3-FD8D-4DBA-85BA-995795E08170',N'dias_eval',N'Nro de días evaluados',N'numeric',N'No aplica',N'',N'SUM',N'[]',3,N'',1,N'admin','2025-11-13 16:58:05.0900000',N'admin','2025-11-13 16:58:05.0900000'),
	 (N'5DC4773A-0485-47ED-ACFC-CAD3602AE8DA',N'3F6DA6B5-553C-40EB-90AD-338EFF4B4513',N'es_valida',N'¿Es valida?',N'select',N'No aplica',N'',N'COUNT',N'["si","no"]',3,N'',1,N'admin','2025-11-13 16:58:05.0900000',N'admin','2025-11-13 16:58:05.0900000'),
	 (N'1DE031D8-62F3-4E08-A3E9-CDDCE442BC7B',N'BEF36B90-3A98-4E5E-B082-D5A06CECBD56',N'comentario',N'Comentario',N'text',N'No aplica',N'',NULL,N'[]',8,N'',1,N'admin','2025-11-13 16:58:05.0900000',N'admin','2025-11-13 16:58:05.0900000'),
	 (N'58ECE080-D43D-4EEF-9D52-CDE9F47B0E0E',N'8CB99D27-6A5A-4206-BBA9-A2B24141708A',N'al',N'Al',N'date',N'No aplica',N'',NULL,N'[]',2,N'',1,N'admin','2025-11-13 16:58:05.0900000',N'admin','2025-11-13 16:58:05.0900000'),
	 (N'E20E83F1-B95B-4FC5-8EC9-CEF3B4E6B43F',N'03827B06-2E75-4DC5-BA6F-C0CCACD51275',N'coment',N'Comentarios relevantes',N'text',N'No aplica',N'',NULL,N'[]',5,N'Ninguna',1,N'admin','2025-11-13 16:58:05.0900000',N'admin','2025-11-17 15:14:25.7886570'),
	 (N'346466A5-BE9D-444C-8E4B-D21560161B3E',N'EDD3492C-AE56-44DE-9E9C-E5D64CF6BC8F',N'coment_neto',N'Comentario Neto',N'text',N'No aplica',N'',NULL,N'[]',9,N'',1,N'admin','2025-11-13 16:58:05.0900000',N'admin','2025-11-13 16:58:05.0900000');
INSERT INTO DBAuditQA.dbo.AuditTemplateFields (AuditTemplateFieldId,TableScaleTemplateId,FieldCode,FieldName,FieldType,IsCalculated,CalculationFormula,AcumulationType,FieldOptions,SortOrder,DefaultValue,IsActive,CreatedBy,CreationDate,UpdatedBy,UpdateDate) VALUES
	 (N'EE5D1FDA-ADB2-4843-9CEC-D2E1ED2B7AB0',N'8CB99D27-6A5A-4206-BBA9-A2B24141708A',N'del',N'Del',N'date',N'No aplica',N'',NULL,N'[]',1,N'',1,N'admin','2025-11-13 16:58:05.0900000',N'admin','2025-11-13 16:58:05.0900000'),
	 (N'F12DD5E5-47ED-4422-A760-D387D785DF76',N'46B9E394-42A3-4705-BDE2-0B5E475A02B3',N'al',N'Al',N'date',N'No aplica',N'',NULL,N'[]',2,N'',1,N'admin','2025-11-13 16:58:05.0900000',N'admin','2025-11-13 16:58:05.0900000'),
	 (N'1F63646E-186C-4D86-9D53-D62A77017C65',N'188690D7-B460-488D-84C1-B74937FFBDD8',N'detalle_obs',N'Detalle de observaciones / incumplimientos',N'text',N'No aplica',N'',NULL,N'[]',4,N'',1,N'admin','2025-11-13 16:58:05.0900000',N'admin','2025-11-13 16:58:05.0900000'),
	 (N'1BCFF8DB-6C90-4A2F-9BBD-D82C7E0BA929',N'03827B06-2E75-4DC5-BA6F-C0CCACD51275',N'cant',N'Cantidad',N'numeric',N'Excel',N'AY7:AY22',N'SUM',N'[]',3,N'',1,N'admin','2025-11-13 16:58:05.0900000',N'admin','2025-11-17 23:15:11.4585264'),
	 (N'E20182C1-4C4F-4A35-8957-D8F76FEFFE89',N'B681099A-A5ED-4E02-BD57-B57361E09EF0',N'caja_chica',N'Caja chica',N'numeric',N'No aplica',N'',NULL,N'[]',1,N'1000',1,N'admin','2025-11-13 16:58:05.0900000',N'admin','2025-11-13 16:58:05.0900000'),
	 (N'0C2935D6-D647-4D09-8663-DB20336A3488',N'FBF0F9D8-85A3-4032-BED6-0BADFE0EAD68',N'dif_saz_kg',N'Diferencia de Sazon x KG',N'numeric',N'No aplica',N'',N'SUM',N'[]',5,N'',1,N'admin','2025-11-17 09:31:29.6707327',N'admin','2025-11-17 09:31:29.6707328'),
	 (N'47AA88C1-2563-4D05-B206-DBE299856E68',N'F3811101-AC19-4952-AE67-BD7EAF18CCFB',N'monto',N'Monto',N'numeric',N'Excel',N'BR7:BR22',N'SUM',N'[]',2,N'',1,N'admin','2025-11-13 16:58:05.0933333',N'admin','2025-11-17 23:15:25.5143582'),
	 (N'D0022634-C367-41C0-BB26-DEAE195C3115',N'E6195349-5BFD-4E6C-A55F-E0A8C447CF35',N'registro_sistema',N'Registro en Sistema OK',N'select',N'No aplica',N'',N'COUNT',N'["Si","No","Excep"]',5,N'',1,N'admin','2025-11-13 16:58:05.0933333',N'admin','2025-11-13 16:58:05.0933333'),
	 (N'59AE0B74-5A18-4C8A-8363-DF6941FBD071',N'7AF24E1C-7117-4C57-8E10-4A3D883145CB',N'del',N'Del',N'date',N'No aplica',N'',NULL,N'[]',1,N'',1,N'admin','2025-11-13 16:58:05.0933333',N'admin','2025-11-13 16:58:05.0933333'),
	 (N'49F012E1-F9D4-43BC-8CC1-E39527E8DD19',N'4B1EBA56-1DB9-4BDF-BF0B-561EA11A5034',N'fecha',N'Fecha',N'date',N'No aplica',N'',NULL,N'[]',1,N'',1,N'admin','2025-11-13 16:58:05.0933333',N'admin','2025-11-13 16:58:05.0933333');
INSERT INTO DBAuditQA.dbo.AuditTemplateFields (AuditTemplateFieldId,TableScaleTemplateId,FieldCode,FieldName,FieldType,IsCalculated,CalculationFormula,AcumulationType,FieldOptions,SortOrder,DefaultValue,IsActive,CreatedBy,CreationDate,UpdatedBy,UpdateDate) VALUES
	 (N'4F537F5C-5C06-4A67-A940-E617D147EDF7',N'D09F6B29-3BA7-47EC-8F02-CAAB9A8C0A63',N'desca_vta',N'Sazon descargado por VTA x KG',N'numeric',N'No aplica',N'',N'SUM',N'[]',4,N'',1,N'admin','2025-11-13 16:58:05.0933333',N'admin','2025-11-18 16:54:20.8104919'),
	 (N'3DBCE8C1-5DF5-4DFD-A589-E6247B3C0259',N'4B1EBA56-1DB9-4BDF-BF0B-561EA11A5034',N'prueba',N'Prueba producto',N'select',N'No aplica',N'',N'COUNT',N'["x","excep"]',4,N'',1,N'admin','2025-11-13 16:58:05.0933333',N'admin','2025-11-13 16:58:05.0933333'),
	 (N'69CEF769-A1EA-4AE6-9A5D-E781DD4F2B25',N'B6661C01-045D-484B-8EA1-D689518C081F',N'efectivo',N'Efectivo',N'numeric',N'No aplica',N'',NULL,N'[]',1,N'',1,N'admin','2025-11-13 16:58:05.0933333',N'admin','2025-11-13 16:58:05.0933333'),
	 (N'53490156-D9FB-4333-8886-EBA6F0C03244',N'7AF24E1C-7117-4C57-8E10-4A3D883145CB',N'faltante_caja',N'Faltantes de Caja Según Sistema Comercial en S/.',N'numeric',N'No aplica',N'',N'SUM',N'[]',3,N'',1,N'admin','2025-11-13 16:58:05.0933333',N'admin','2025-11-13 16:58:05.0933333'),
	 (N'363210D7-1C39-4F18-8077-EC40556ED3DE',N'F3811101-AC19-4952-AE67-BD7EAF18CCFB',N'insumo',N'Insumo',N'text',N'Excel',N'BM7:BM22',NULL,N'[]',1,N'',1,N'admin','2025-11-13 16:58:05.0933333',N'admin','2025-11-17 22:32:25.1692671'),
	 (N'11E08A5D-AA52-4788-9618-EF3239067F41',N'E6195349-5BFD-4E6C-A55F-E0A8C447CF35',N'fecha_deposito',N'Fecha Depósito',N'date',N'No aplica',N'',NULL,N'[]',2,N'',1,N'admin','2025-11-13 16:58:05.0933333',N'admin','2025-11-13 16:58:05.0933333'),
	 (N'737126D7-F2F7-4278-B9EA-EF4198FEF279',N'E3CEB7C8-8EC6-43C5-8C4A-3204460F6807',N'comentario_preg_tres',N'P3: Comentario/Sustento',N'text',N'No aplica',N'',NULL,N'[]',6,N'',1,N'admin','2025-11-13 16:58:05.0933333',N'admin','2025-11-13 16:58:05.0933333'),
	 (N'6A43D139-EA58-4687-AAAE-F1D2A3F9A5A6',N'188690D7-B460-488D-84C1-B74937FFBDD8',N'al',N'Al',N'date',N'No aplica',N'',NULL,N'[]',2,N'',1,N'admin','2025-11-13 16:58:05.0933333',N'admin','2025-11-13 16:58:05.0933333'),
	 (N'9736691A-2723-439F-8CE3-F7BA37E09E53',N'52E09CAE-5BD4-42A0-8F3D-67FA7E0F65C2',N'monto_soles',N'S/.',N'numeric',N'No aplica',N'',N'SUM',N'[]',1,N'',1,N'admin','2025-11-13 16:58:05.0933333',N'admin','2025-11-13 16:58:05.0933333'),
	 (N'1FA2DE00-AF1F-4002-A5AD-F86FD6CCC8C8',N'EDD3492C-AE56-44DE-9E9C-E5D64CF6BC8F',N'neto_cant',N'Neto Cant.',N'numeric',N'Excel',N'P3',N'SUM',N'[]',8,N'',1,N'admin','2025-11-13 16:58:05.0933333',N'admin','2025-11-17 22:23:16.3718698');
INSERT INTO DBAuditQA.dbo.AuditTemplateFields (AuditTemplateFieldId,TableScaleTemplateId,FieldCode,FieldName,FieldType,IsCalculated,CalculationFormula,AcumulationType,FieldOptions,SortOrder,DefaultValue,IsActive,CreatedBy,CreationDate,UpdatedBy,UpdateDate) VALUES
	 (N'5E12A561-E43F-45E5-BC9D-F987A980F430',N'03827B06-2E75-4DC5-BA6F-C0CCACD51275',N'um',N'UM',N'text',N'Excel',N'AZ7:AZ22',NULL,N'[]',4,N'',1,N'admin','2025-11-13 16:58:05.0933333',N'admin','2025-11-17 22:38:16.0816795'),
	 (N'E50DD35A-2C7F-42D7-AC27-F99DFAFFB764',N'5B6E23ED-0F56-47A1-AD07-EEE718CA61A5',N'elab_hoja_liq',N'Elaboraron Hoja de Liquidacion',N'select',N'No aplica',N'',N'COUNT',N'["completa","no_hicieron","parcialmente","excepcion"]',2,N'',1,N'admin','2025-11-13 16:58:05.0933333',N'admin','2025-11-13 16:58:05.0933333'),
	 (N'2D949483-4D1B-4254-8E61-FA8A23001648',N'C9C009BF-7417-4240-A295-2EF1D4BDEB9F',N'cant',N'Cantidad',N'numeric',N'Excel',N'AY8:AY23',N'SUM',N'[]',3,N'',1,N'admin','2025-11-17 22:56:23.2767836',N'admin','2025-11-17 22:56:41.9348603'),
	 (N'0F88299C-87B6-4DA9-9EFC-FAA64B88318E',N'3F6DA6B5-553C-40EB-90AD-338EFF4B4513',N'justificacion',N'Justificación',N'text',N'No aplica',N'',NULL,N'[]',2,N'',1,N'admin','2025-11-13 16:58:05.0933333',N'admin','2025-11-13 16:58:05.0933333'),
	 (N'140C6179-E54F-4B38-958C-FB5A41552733',N'8CB99D27-6A5A-4206-BBA9-A2B24141708A',N'num_p_descargads',N'Número de pollos descargados por VTA',N'numeric',N'No aplica',N'',N'SUM',N'[]',4,N'',1,N'admin','2025-11-13 16:58:05.0933333',N'admin','2025-11-18 16:47:56.9916048'),
	 (N'63399FD6-764A-4427-932E-FDAF9C8B14BA',N'B975B8B6-F6D0-4D56-BEC7-094C4A788B5F',N'faltante_inv',N'Faltantes de INVENTARIOS S/Sistema Logistico en S/.',N'numeric',N'No aplica',N'',N'SUM',N'[]',3,N'',1,N'admin','2025-11-13 16:58:05.0933333',N'admin','2025-11-13 16:58:05.0933333'),
	 (N'616B8814-79E6-4DEA-A39E-FED6D86E966D',N'AC17F068-EF70-49BC-9554-1FB07835DD69',N'comp_validos',N'Comprobantes válidos',N'numeric',N'No aplica',N'',NULL,N'[]',2,N'',1,N'admin','2025-11-13 16:58:05.0933333',N'admin','2025-11-13 16:58:05.0933333'),
	 (N'680E5B9E-FAC0-4794-9293-FF20B49FED7A',N'46B9E394-42A3-4705-BDE2-0B5E475A02B3',N'dias_eval',N'Nro de Días evaluados',N'numeric',N'No aplica',N'',NULL,N'[]',3,N'',1,N'admin','2025-11-13 16:58:05.0933333',N'admin','2025-11-13 16:58:05.0933333');
