--scale company
--cambiar el valor de EnterpriseId A8248543-B5C7-4DCE-B518-E922D5DAEF00 
declare @EnterpriseId uniqueidentifier = (SELECT EnterpriseId FROM dbo.Enterprise WHERE Code = '20513427710')

INSERT INTO dbo.ScaleCompany (ScaleCompanyId,EnterpriseId,Code,Name,[MinValue],[MaxValue],ColorCode,SortOrder,IsActive,CreatedBy,CreationDate,UpdatedBy,UpdateDate) VALUES
	 (N'3133692F-C654-4700-A6D5-49D025FE2CC4',NULL,N'SC-0002',N'Riesgo Bajo',91.00,95.00,N'#4a90e2',2,1,N'admin',GETDATE(),N'admin',GETDATE()),
	 (N'66E26D24-327E-46B9-81E5-B1CB8BFD7DF0',NULL,N'SC-0003',N'Riesgo Moderado',81.00,90.00,N'#d4c713',3,1,N'admin',GETDATE(),N'admin',GETDATE()),
	 (N'E20E83F1-B95B-4FC5-8EC9-CEF3B4E6B43F',NULL,N'SC-0004',N'Riesgo Elevado',71.00,80.00,N'#f5a623',4,1,N'admin',GETDATE(),N'admin',GETDATE()),
	 (N'1BCFF8DB-6C90-4A2F-9BBD-D82C7E0BA929',NULL,N'SC-0005',N'Riesgo Critico',0.00,70.00,N'#d0021b',5,1,N'admin',GETDATE(),N'admin',GETDATE()),
	 (N'5E12A561-E43F-45E5-BC9D-F987A980F430',NULL,N'SC-0001',N'En Objetivo',96.00,100.00,N'#417505',1,1,N'system.admin',GETDATE(),N'admin',GETDATE());

-- GROUPS
-- Cambiar EnterpriseId A8248543-B5C7-4DCE-B518-E922D5DAEF00
INSERT INTO dbo.[Group] (GroupId, EnterpriseId, Name, Weighting, SortOrder, IsActive, CreatedBy, CreationDate, UpdatedBy, UpdateDate) VALUES 
	('4A55ADC7-CFBA-4979-660A-08DE122F9350', @EnterpriseId, 'DINERO (Caja / Bancos / Ventas)', 30.00, 3, 1, 'admin', '2025-11-13T16:58:05.0800000', 'admin', '2025-11-13T16:58:05.0800000'),
	('4412D98D-E6D2-42EB-660B-08DE122F9350', @EnterpriseId, 'GESTION DE INVENTARIOS (Impacto en riesgos, lectura y resultados de P&L)', 50.00, 4, 1, 'admin', '2025-11-13T16:58:05.0800000', 'admin', '2025-11-13T16:58:05.0800000'),
	('01B92D97-D1DD-427A-660C-08DE122F9350', @EnterpriseId, 'CUMPLIMIENTO NORMATIVO (Impacto en Gestión Inventarios)', 10.00, 2, 1, 'admin', '2025-11-13T16:58:05.0800000', 'admin', '2025-11-13T16:58:05.0800000'),
	('663F6B67-5A08-4669-660D-08DE122F9350', @EnterpriseId, 'CUMPLIMIENTO NORMATIVO (Impacto en Back Office)', 10.00, 1, 1, 'admin', '2025-11-13T16:58:05.0800000', '44327651', '2025-11-26T08:54:35.5282896');

-- SCALE GROUPS

INSERT INTO dbo.ScaleGroup (ScaleGroupId, GroupId, Code, Name, HasSourceData, SortOrder, Weighting, IsActive, CreatedBy, CreationDate, UpdatedBy, UpdateDate) VALUES ('437C3B1B-ED05-4C48-8499-076C88618BD6', '4412D98D-E6D2-42EB-660B-08DE122F9350', 'INV-1', 'Dif. Valorizada en ALMACEN - Fisico Vs Sistema', 1, 1, 15.00, 1, 'admin', '2025-11-13T16:58:05.0833333', 'admin', '2025-11-17T22:14:35.2696961');
INSERT INTO dbo.ScaleGroup (ScaleGroupId, GroupId, Code, Name, HasSourceData, SortOrder, Weighting, IsActive, CreatedBy, CreationDate, UpdatedBy, UpdateDate) VALUES ('335C76EC-3A8F-4CFF-8593-208A9F27ABDA', '01B92D97-D1DD-427A-660C-08DE122F9350', 'CINV-1', 'Registro de Ingresos(asociadas,core u otros)', 0, 1, 15.00, 1, 'admin', '2025-11-13T16:58:05.0833333', 'admin', '2025-11-13T16:58:05.0833333');
INSERT INTO dbo.ScaleGroup (ScaleGroupId, GroupId, Code, Name, HasSourceData, SortOrder, Weighting, IsActive, CreatedBy, CreationDate, UpdatedBy, UpdateDate) VALUES ('44E5865F-7271-4D14-974B-2297B23946EB', '4412D98D-E6D2-42EB-660B-08DE122F9350', 'INV-3', 'Control de Descarga x  Salidas (sin sustento)', 0, 3, 10.00, 1, 'admin', '2025-11-13T16:58:05.0833333', 'admin', '2025-11-13T16:58:05.0833333');
INSERT INTO dbo.ScaleGroup (ScaleGroupId, GroupId, Code, Name, HasSourceData, SortOrder, Weighting, IsActive, CreatedBy, CreationDate, UpdatedBy, UpdateDate) VALUES ('A3A7AA02-5770-400D-A235-31636E192121', '01B92D97-D1DD-427A-660C-08DE122F9350', 'CINV-3', 'Aplicación de Descuentos Inventarios', 0, 3, 30.00, 1, 'admin', '2025-11-13T16:58:05.0833333', 'admin', '2025-11-13T16:58:05.0833333');
INSERT INTO dbo.ScaleGroup (ScaleGroupId, GroupId, Code, Name, HasSourceData, SortOrder, Weighting, IsActive, CreatedBy, CreationDate, UpdatedBy, UpdateDate) VALUES ('A3C72B7D-982B-4377-B181-33FB2A9D15D8', '4A55ADC7-CFBA-4979-660A-08DE122F9350', 'DN-1', 'Arqueo Caja Chica', 0, 1, 20.00, 1, 'admin', '2025-11-13T16:58:05.0833333', 'admin', '2025-11-13T16:58:05.0833333');
INSERT INTO dbo.ScaleGroup (ScaleGroupId, GroupId, Code, Name, HasSourceData, SortOrder, Weighting, IsActive, CreatedBy, CreationDate, UpdatedBy, UpdateDate) VALUES ('D64BD028-45D1-4620-9F79-4D91B25F4096', '4A55ADC7-CFBA-4979-660A-08DE122F9350', 'DN-5', 'Aplicación de Descuentos - Caja / Bancos / Ventas', 0, 5, 15.00, 1, 'admin', '2025-11-13T16:58:05.0833333', 'admin', '2025-11-13T16:58:05.0833333');
INSERT INTO dbo.ScaleGroup (ScaleGroupId, GroupId, Code, Name, HasSourceData, SortOrder, Weighting, IsActive, CreatedBy, CreationDate, UpdatedBy, UpdateDate) VALUES ('46A21C17-B379-4880-BBBE-55E7D7C8E383', '4412D98D-E6D2-42EB-660B-08DE122F9350', 'INV-5', 'Vencimiento de Insumos / Mal Estado', 0, 5, 10.00, 1, 'admin', '2025-11-13T16:58:05.0833333', 'admin', '2025-11-13T16:58:05.0833333');
INSERT INTO dbo.ScaleGroup (ScaleGroupId, GroupId, Code, Name, HasSourceData, SortOrder, Weighting, IsActive, CreatedBy, CreationDate, UpdatedBy, UpdateDate) VALUES ('9C959014-5A7A-4F59-B2A5-61E2334EE9E4', '4412D98D-E6D2-42EB-660B-08DE122F9350', 'INV-4', 'Descuento Aplicado en Auditoria', 0, 4, 10.00, 1, 'admin', '2025-11-13T16:58:05.0833333', 'admin', '2025-11-13T16:58:05.0833333');
INSERT INTO dbo.ScaleGroup (ScaleGroupId, GroupId, Code, Name, HasSourceData, SortOrder, Weighting, IsActive, CreatedBy, CreationDate, UpdatedBy, UpdateDate) VALUES ('2A73C0B1-6DD3-4EF8-A2EA-76142909BDFE', '4A55ADC7-CFBA-4979-660A-08DE122F9350', 'DN-2', 'Arqueo Fondo de Sencillo', 0, 2, 20.00, 1, 'admin', '2025-11-13T16:58:05.0833333', 'admin', '2025-11-13T16:58:05.0833333');
INSERT INTO dbo.ScaleGroup (ScaleGroupId, GroupId, Code, Name, HasSourceData, SortOrder, Weighting, IsActive, CreatedBy, CreationDate, UpdatedBy, UpdateDate) VALUES ('DF93B3E9-7EEE-40C8-B8EE-78254D69B8AB', '4412D98D-E6D2-42EB-660B-08DE122F9350', 'INV-6', 'Diferencia Real de Pollo', 0, 6, 8.00, 1, 'admin', '2025-11-13T16:58:05.0833333', 'admin', '2025-11-18T16:44:47.1956959');
INSERT INTO dbo.ScaleGroup (ScaleGroupId, GroupId, Code, Name, HasSourceData, SortOrder, Weighting, IsActive, CreatedBy, CreationDate, UpdatedBy, UpdateDate) VALUES ('8963D8F1-E642-4D9F-BEEC-985ABDAFB4B9', '663F6B67-5A08-4669-660D-08DE122F9350', 'CBO-2', 'Verificación del Sistema CCTV', 0, 2, 30.00, 1, 'admin', '2025-11-13T16:58:05.0833333', 'admin', '2025-11-13T16:58:05.0833333');
INSERT INTO dbo.ScaleGroup (ScaleGroupId, GroupId, Code, Name, HasSourceData, SortOrder, Weighting, IsActive, CreatedBy, CreationDate, UpdatedBy, UpdateDate) VALUES ('74E60725-492E-40CA-B99A-9B177A96A3C4', '663F6B67-5A08-4669-660D-08DE122F9350', 'CBO-1', 'Aprobación de venta a precio costo', 0, 1, 40.00, 1, 'admin', '2025-11-13T16:58:05.0833333', 'admin', '2025-11-13T16:58:05.0833333');
INSERT INTO dbo.ScaleGroup (ScaleGroupId, GroupId, Code, Name, HasSourceData, SortOrder, Weighting, IsActive, CreatedBy, CreationDate, UpdatedBy, UpdateDate) VALUES ('87A40461-5D99-472E-B86C-9E801F7173B7', '4A55ADC7-CFBA-4979-660A-08DE122F9350', 'DN-4', 'Cuenta Corriente - Liquidaciones Tienda', 0, 4, 15.00, 1, 'admin', '2025-11-13T16:58:05.0833333', 'admin', '2025-11-13T16:58:05.0833333');
INSERT INTO dbo.ScaleGroup (ScaleGroupId, GroupId, Code, Name, HasSourceData, SortOrder, Weighting, IsActive, CreatedBy, CreationDate, UpdatedBy, UpdateDate) VALUES ('0FE32FE6-F6D7-4113-B775-A8B36743047A', '4412D98D-E6D2-42EB-660B-08DE122F9350', 'INV-8', 'Diferencia Real de Lechuga', 0, 8, 8.00, 1, 'admin', '2025-11-13T16:58:05.0833333', 'admin', '2025-11-18T16:45:29.2672880');
INSERT INTO dbo.ScaleGroup (ScaleGroupId, GroupId, Code, Name, HasSourceData, SortOrder, Weighting, IsActive, CreatedBy, CreationDate, UpdatedBy, UpdateDate) VALUES ('40FED23C-B2F7-40C0-B36E-B21B1874E779', '4412D98D-E6D2-42EB-660B-08DE122F9350', 'INV-7', 'Diferencia Real de Papa', 0, 7, 8.00, 1, 'admin', '2025-11-13T16:58:05.0833333', 'admin', '2025-11-18T16:44:55.3268480');
INSERT INTO dbo.ScaleGroup (ScaleGroupId, GroupId, Code, Name, HasSourceData, SortOrder, Weighting, IsActive, CreatedBy, CreationDate, UpdatedBy, UpdateDate) VALUES ('64266FFA-ABC7-4237-907C-B2C71191B0FB', '4412D98D-E6D2-42EB-660B-08DE122F9350', 'INV-2', 'Dif. Valorizada en AREAS - Fisico Vs Sistema', 1, 2, 15.00, 1, 'admin', '2025-11-13T16:58:05.0833333', 'admin', '2025-11-17T22:13:45.9992735');
INSERT INTO dbo.ScaleGroup (ScaleGroupId, GroupId, Code, Name, HasSourceData, SortOrder, Weighting, IsActive, CreatedBy, CreationDate, UpdatedBy, UpdateDate) VALUES ('B3498FFE-0342-4172-9865-BA5B191A7AF7', '663F6B67-5A08-4669-660D-08DE122F9350', 'CBO-3', 'Venta de Aceite Quemado', 0, 3, 30.00, 1, 'admin', '2025-11-13T16:58:05.0833333', 'admin', '2025-11-13T16:58:05.0833333');
INSERT INTO dbo.ScaleGroup (ScaleGroupId, GroupId, Code, Name, HasSourceData, SortOrder, Weighting, IsActive, CreatedBy, CreationDate, UpdatedBy, UpdateDate) VALUES ('77AEB317-256B-4F47-9BF1-BFE2A3AD3EF2', '4412D98D-E6D2-42EB-660B-08DE122F9350', 'INV-9', 'Diferencia Real de Aji', 0, 9, 8.00, 1, 'admin', '2025-11-13T16:58:05.0833333', 'admin', '2025-11-18T16:45:11.4860776');
INSERT INTO dbo.ScaleGroup (ScaleGroupId, GroupId, Code, Name, HasSourceData, SortOrder, Weighting, IsActive, CreatedBy, CreationDate, UpdatedBy, UpdateDate) VALUES ('658A508A-F5DF-4DE8-B182-C5191B7346C8', '01B92D97-D1DD-427A-660C-08DE122F9350', 'CINV-2', 'Aprobacion de bajas sin descuento', 0, 2, 15.00, 1, 'admin', '2025-11-13T16:58:05.0833333', 'admin', '2025-11-13T16:58:05.0833333');
INSERT INTO dbo.ScaleGroup (ScaleGroupId, GroupId, Code, Name, HasSourceData, SortOrder, Weighting, IsActive, CreatedBy, CreationDate, UpdatedBy, UpdateDate) VALUES ('62E6BB4B-9112-485B-B331-C736E4C832E3', '4A55ADC7-CFBA-4979-660A-08DE122F9350', 'DN-3', 'Depositos de Dinero de Ventas', 0, 3, 20.00, 1, 'admin', '2025-11-13T16:58:05.0833333', 'admin', '2025-11-13T16:58:05.0833333');
INSERT INTO dbo.ScaleGroup (ScaleGroupId, GroupId, Code, Name, HasSourceData, SortOrder, Weighting, IsActive, CreatedBy, CreationDate, UpdatedBy, UpdateDate) VALUES ('228CE515-6FDB-4F8A-8F19-D0167B9D3C45', '01B92D97-D1DD-427A-660C-08DE122F9350', 'CINV-4', 'Control Cortesias y Degustaciones', 0, 4, 20.00, 1, 'admin', '2025-11-13T16:58:05.0833333', 'admin', '2025-11-13T16:58:05.0833333');
INSERT INTO dbo.ScaleGroup (ScaleGroupId, GroupId, Code, Name, HasSourceData, SortOrder, Weighting, IsActive, CreatedBy, CreationDate, UpdatedBy, UpdateDate) VALUES ('16DBC1C4-B916-440C-866D-E5B10608DD4A', '4412D98D-E6D2-42EB-660B-08DE122F9350', 'INV-10', 'Diferencia Real de Sazón', 0, 10, 8.00, 1, 'admin', '2025-11-13T16:58:05.0833333', 'admin', '2025-11-18T16:45:17.9327791');
INSERT INTO dbo.ScaleGroup (ScaleGroupId, GroupId, Code, Name, HasSourceData, SortOrder, Weighting, IsActive, CreatedBy, CreationDate, UpdatedBy, UpdateDate) VALUES ('8EF5F219-4E36-4602-8F37-EB7A36374BC5', '01B92D97-D1DD-427A-660C-08DE122F9350', 'CINV-5', 'Aprobaciones de Transferencias entre tiendas', 0, 5, 20.00, 1, 'admin', '2025-11-13T16:58:05.0833333', 'admin', '2025-11-13T16:58:05.0833333');
INSERT INTO dbo.ScaleGroup (ScaleGroupId, GroupId, Code, Name, HasSourceData, SortOrder, Weighting, IsActive, CreatedBy, CreationDate, UpdatedBy, UpdateDate) VALUES ('0A3BB7EB-3CC8-4D11-B9E2-EE7EE119DCB2', '4A55ADC7-CFBA-4979-660A-08DE122F9350', 'DN-6', 'HLDV (Hoja de Liquidación Diaria de Venta)', 0, 6, 10.00, 1, 'admin', '2025-11-13T16:58:05.0833333', 'admin', '2025-11-13T16:58:05.0833333');

--SCORING CRITERIA
INSERT INTO dbo.ScoringCriteria (ScoringCriteriaId, ScaleGroupId, CriteriaCode, CriteriaName, ResultFormula, ComparisonOperator, ExpectedValue, Score, SortOrder, ErrorMessage, SuccessMessage, IsActive, CreatedBy, CreationDate, UpdatedBy, UpdateDate) VALUES ('E20C16EE-CA46-43DD-85E1-0556EFD94E9C', '46A21C17-B379-4880-BBBE-55E7D7C8E383', 'SR-0092', 'CP-Brecha de dias para vencimiento', 'inv:cond_producto.mal_estado', '>', '0', 0.00, 1, NULL, NULL, 1, 'admin', '2025-11-27T10:14:58.9845411', 'admin', '2025-11-28T10:36:55.7856799');
INSERT INTO dbo.ScoringCriteria (ScoringCriteriaId, ScaleGroupId, CriteriaCode, CriteriaName, ResultFormula, ComparisonOperator, ExpectedValue, Score, SortOrder, ErrorMessage, SuccessMessage, IsActive, CreatedBy, CreationDate, UpdatedBy, UpdateDate) VALUES ('3F33F9A6-4435-4C0E-994A-062D1579CFE0', '64266FFA-ABC7-4237-907C-B2C71191B0FB', 'SR-0039', 'CP-Faltantes Netos S/.', 'diferencias:neto_soles * - 1', '<=', '20', 91.00, 7, NULL, NULL, 1, 'admin', '2025-11-27T12:24:41.5253912', 'admin', '2025-11-27T12:24:41.5253916');
INSERT INTO dbo.ScoringCriteria (ScoringCriteriaId, ScaleGroupId, CriteriaCode, CriteriaName, ResultFormula, ComparisonOperator, ExpectedValue, Score, SortOrder, ErrorMessage, SuccessMessage, IsActive, CreatedBy, CreationDate, UpdatedBy, UpdateDate) VALUES ('70494239-53D3-41CF-AD90-083DDABBB37E', '16DBC1C4-B916-440C-866D-E5B10608DD4A', 'SR-0093', 'La diferencia Real de Sazón es mayor a', 'rev_nivel_dife_real_sazon:porc_dif', '<', '1', 100.00, 2, NULL, NULL, 1, 'admin', '2025-11-13T16:58:05.0833333', '70268709', '2025-11-18T11:14:04.5461526');
INSERT INTO dbo.ScoringCriteria (ScoringCriteriaId, ScaleGroupId, CriteriaCode, CriteriaName, ResultFormula, ComparisonOperator, ExpectedValue, Score, SortOrder, ErrorMessage, SuccessMessage, IsActive, CreatedBy, CreationDate, UpdatedBy, UpdateDate) VALUES ('ACFA5BED-7B21-4371-8C8F-097D221A017B', '64266FFA-ABC7-4237-907C-B2C71191B0FB', 'SR-0040', 'CP-Faltantes Netos S/.', 'diferencias:neto_soles * - 1', '<=', '30', 81.00, 6, NULL, NULL, 1, 'admin', '2025-11-27T12:26:49.9700548', 'admin', '2025-11-27T12:26:49.9700552');
INSERT INTO dbo.ScoringCriteria (ScoringCriteriaId, ScaleGroupId, CriteriaCode, CriteriaName, ResultFormula, ComparisonOperator, ExpectedValue, Score, SortOrder, ErrorMessage, SuccessMessage, IsActive, CreatedBy, CreationDate, UpdatedBy, UpdateDate) VALUES ('028C6AEB-3EB7-45B3-84C8-0CE575439CB0', '87A40461-5D99-472E-B86C-9E801F7173B7', 'SR-0018', 'CP-Observaciones', 'rev_cump:pregunta_uno.no + rev_cump:pregunta_dos.no + rev_cump:pregunta_tres.no', '>=', '3', 81.00, 4, NULL, NULL, 1, 'admin', '2025-11-13T16:58:05.0833333', 'admin', '2025-11-26T16:37:51.8220939');
INSERT INTO dbo.ScoringCriteria (ScoringCriteriaId, ScaleGroupId, CriteriaCode, CriteriaName, ResultFormula, ComparisonOperator, ExpectedValue, Score, SortOrder, ErrorMessage, SuccessMessage, IsActive, CreatedBy, CreationDate, UpdatedBy, UpdateDate) VALUES ('3C4A39C5-8800-402B-B7A1-0FD587483F77', '2A73C0B1-6DD3-4EF8-A2EA-76142909BDFE', 'SR-0021', 'Que el faltante en el cuadre del fondo de sencillo sea mayor a S/.', 'arqueo_tienda:total_arqueo - fondo_tienda:fondo_sencillo', '<', '-1', 0.00, 5, NULL, NULL, 1, 'admin', '2025-11-13T16:58:05.0833333', 'admin', '2025-11-13T16:58:05.0833333');
INSERT INTO dbo.ScoringCriteria (ScoringCriteriaId, ScaleGroupId, CriteriaCode, CriteriaName, ResultFormula, ComparisonOperator, ExpectedValue, Score, SortOrder, ErrorMessage, SuccessMessage, IsActive, CreatedBy, CreationDate, UpdatedBy, UpdateDate) VALUES ('2CA52728-6718-4957-A473-10E4C8809E3F', '64266FFA-ABC7-4237-907C-B2C71191B0FB', 'SR-0043', 'CC1-Suma de sobrantes + faltantes S/.', '( diferencias:faltantes_soles ) + ( diferencias:sobrantes_soles * - 1 )', '>', '0', 100.00, 12, NULL, NULL, 1, 'admin', '2025-11-27T12:35:25.9123857', 'admin', '2025-11-27T12:35:25.9123861');
INSERT INTO dbo.ScoringCriteria (ScoringCriteriaId, ScaleGroupId, CriteriaCode, CriteriaName, ResultFormula, ComparisonOperator, ExpectedValue, Score, SortOrder, ErrorMessage, SuccessMessage, IsActive, CreatedBy, CreationDate, UpdatedBy, UpdateDate) VALUES ('64A01B52-7405-45DF-B582-13BB855B7208', '44E5865F-7271-4D14-974B-2297B23946EB', 'SR-0066', 'Que el faltante neto de inventarios por sustentar sea mayor o igual a S/.', 'invent:total', '>=', '0.001', 0.00, 3, NULL, NULL, 1, 'admin', '2025-11-13T16:58:05.0833333', 'admin', '2025-11-13T16:58:05.0833333');
INSERT INTO dbo.ScoringCriteria (ScoringCriteriaId, ScaleGroupId, CriteriaCode, CriteriaName, ResultFormula, ComparisonOperator, ExpectedValue, Score, SortOrder, ErrorMessage, SuccessMessage, IsActive, CreatedBy, CreationDate, UpdatedBy, UpdateDate) VALUES ('A8407892-FFE1-49F9-83BD-13ED0AF76D85', '16DBC1C4-B916-440C-866D-E5B10608DD4A', 'SR-0092', 'La diferencia Real de Sazón es mayor a', 'rev_nivel_dife_real_sazon:porc_dif', '>', '2', 0.00, 4, NULL, NULL, 1, 'admin', '2025-11-13T16:58:05.0833333', 'admin', '2025-11-13T16:58:05.0833333');
INSERT INTO dbo.ScoringCriteria (ScoringCriteriaId, ScaleGroupId, CriteriaCode, CriteriaName, ResultFormula, ComparisonOperator, ExpectedValue, Score, SortOrder, ErrorMessage, SuccessMessage, IsActive, CreatedBy, CreationDate, UpdatedBy, UpdateDate) VALUES ('DDF35356-E085-4378-8BAB-1445DC39CEC4', '62E6BB4B-9112-485B-B331-C736E4C832E3', 'SR-0012', 'Deposito Integro y Deposito en Bóveda', 'revisio_cumplimiento:deposito_integro.Anomalia', '>=', '1', 0.00, 6, NULL, NULL, 1, 'admin', '2025-11-13T16:58:05.0833333', 'admin', '2025-11-13T16:58:05.0833333');
INSERT INTO dbo.ScoringCriteria (ScoringCriteriaId, ScaleGroupId, CriteriaCode, CriteriaName, ResultFormula, ComparisonOperator, ExpectedValue, Score, SortOrder, ErrorMessage, SuccessMessage, IsActive, CreatedBy, CreationDate, UpdatedBy, UpdateDate) VALUES ('E9E6EC57-A257-4119-AD31-150838FD0277', '0FE32FE6-F6D7-4113-B775-A8B36743047A', 'SR-0079', 'La diferencia Real de Papa es mayor a', 'inv:porcent_dif', '>=', '1', 1.00, 3, NULL, NULL, 1, 'admin', '2025-11-13T16:58:05.0833333', '70268709', '2025-11-18T10:54:09.3844668');
INSERT INTO dbo.ScoringCriteria (ScoringCriteriaId, ScaleGroupId, CriteriaCode, CriteriaName, ResultFormula, ComparisonOperator, ExpectedValue, Score, SortOrder, ErrorMessage, SuccessMessage, IsActive, CreatedBy, CreationDate, UpdatedBy, UpdateDate) VALUES ('1C25514F-749E-4D28-802A-1525669DC075', '40FED23C-B2F7-40C0-B36E-B21B1874E779', 'SR-0074', 'Criterio Principal', 'inv:diferencia', '<=', '0', 100.00, 1, NULL, NULL, 1, 'admin', '2025-11-13T16:58:05.0833333', '70268709', '2025-11-18T10:44:45.1336274');
INSERT INTO dbo.ScoringCriteria (ScoringCriteriaId, ScaleGroupId, CriteriaCode, CriteriaName, ResultFormula, ComparisonOperator, ExpectedValue, Score, SortOrder, ErrorMessage, SuccessMessage, IsActive, CreatedBy, CreationDate, UpdatedBy, UpdateDate) VALUES ('F785B879-3727-45E8-B07E-1A30FBA677E6', '0FE32FE6-F6D7-4113-B775-A8B36743047A', 'SR-0078', 'Criterio principal', 'inv:porcent_dif', '>', '5', 0.00, 4, NULL, NULL, 1, 'admin', '2025-11-13T16:58:05.0833333', '70268709', '2025-11-18T10:53:09.0463302');
INSERT INTO dbo.ScoringCriteria (ScoringCriteriaId, ScaleGroupId, CriteriaCode, CriteriaName, ResultFormula, ComparisonOperator, ExpectedValue, Score, SortOrder, ErrorMessage, SuccessMessage, IsActive, CreatedBy, CreationDate, UpdatedBy, UpdateDate) VALUES ('5CC26162-AF2B-468E-AAC6-1A8138BF112D', '437C3B1B-ED05-4C48-8499-076C88618BD6', 'SR-0060', 'CC1-Suma de sobrantes + faltantes S/.', '( ( diferencias:faltantes_soles ) + ( diferencias:sobrantes_soles * - 1 ) ) * - 1', '>', '100', 69.00, 2, NULL, NULL, 1, 'admin', '2025-11-27T16:29:54.8371838', 'admin', '2025-11-27T16:29:54.8371845');
INSERT INTO dbo.ScoringCriteria (ScoringCriteriaId, ScaleGroupId, CriteriaCode, CriteriaName, ResultFormula, ComparisonOperator, ExpectedValue, Score, SortOrder, ErrorMessage, SuccessMessage, IsActive, CreatedBy, CreationDate, UpdatedBy, UpdateDate) VALUES ('EBCCFF99-47DF-418C-8D4E-1B5A80EB123F', '0A3BB7EB-3CC8-4D11-B9E2-EE7EE119DCB2', 'SR-0046', 'Cuadratura de Hoja de Liquidacipon - No cuadra-NO revelado en S.Cmrcial', 'rev_cump:hoja_cuadra.no_cuadra_no_revelado_en_sc_mrcial', '>=', '1', 0.00, 8, NULL, NULL, 1, 'admin', '2025-11-13T16:58:05.0833333', 'admin', '2025-11-13T16:58:05.0833333');
INSERT INTO dbo.ScoringCriteria (ScoringCriteriaId, ScaleGroupId, CriteriaCode, CriteriaName, ResultFormula, ComparisonOperator, ExpectedValue, Score, SortOrder, ErrorMessage, SuccessMessage, IsActive, CreatedBy, CreationDate, UpdatedBy, UpdateDate) VALUES ('E0CCC400-CA8F-43C2-9D03-1C59F3F621E0', '64266FFA-ABC7-4237-907C-B2C71191B0FB', 'SR-0044', 'CC1-Suma de sobrantes + faltantes S/.', '(( diferencias:faltantes_soles ) + ( diferencias:sobrantes_soles * - 1 )) * - 1', '<=', '20', 96.00, 10, NULL, NULL, 1, 'admin', '2025-11-27T12:40:23.1286936', 'admin', '2025-11-27T12:40:23.1286939');
INSERT INTO dbo.ScoringCriteria (ScoringCriteriaId, ScaleGroupId, CriteriaCode, CriteriaName, ResultFormula, ComparisonOperator, ExpectedValue, Score, SortOrder, ErrorMessage, SuccessMessage, IsActive, CreatedBy, CreationDate, UpdatedBy, UpdateDate) VALUES ('227C06F0-1761-45DC-BB39-1CB0BA5DF99D', 'DF93B3E9-7EEE-40C8-B8EE-78254D69B8AB', 'SR-0085', 'La diferencia Real de Pollo es mayor a', 'ivn_dif_pollo:dif_pollos', '>', '0', 0.00, 3, NULL, NULL, 1, 'admin', '2025-11-13T16:58:05.0833333', 'admin', '2025-11-18T16:50:47.8491493');
INSERT INTO dbo.ScoringCriteria (ScoringCriteriaId, ScaleGroupId, CriteriaCode, CriteriaName, ResultFormula, ComparisonOperator, ExpectedValue, Score, SortOrder, ErrorMessage, SuccessMessage, IsActive, CreatedBy, CreationDate, UpdatedBy, UpdateDate) VALUES ('EDAD5507-04C6-4C91-8E13-1DB6CCBE7DFB', '8963D8F1-E642-4D9F-BEEC-985ABDAFB4B9', 'SR-0034', 'Nro de observaciones', 'cump_norm:observado.si', '>', '0', 0.00, 2, NULL, NULL, 1, 'admin', '2025-11-13T16:58:05.0833333', 'admin', '2025-11-13T16:58:05.0833333');
INSERT INTO dbo.ScoringCriteria (ScoringCriteriaId, ScaleGroupId, CriteriaCode, CriteriaName, ResultFormula, ComparisonOperator, ExpectedValue, Score, SortOrder, ErrorMessage, SuccessMessage, IsActive, CreatedBy, CreationDate, UpdatedBy, UpdateDate) VALUES ('C289F828-F8BC-4E3A-908B-1F207E7BE796', '2A73C0B1-6DD3-4EF8-A2EA-76142909BDFE', 'SR-0024', 'CP-Faltanta de dinero S/.', 'arqueo_tienda:total_arqueo - fondo_tienda:fondo_sencillo', '>', '0', 1.00, 3, NULL, NULL, 1, 'admin', '2025-11-13T16:58:05.0833333', 'admin', '2025-11-13T16:58:05.0833333');
INSERT INTO dbo.ScoringCriteria (ScoringCriteriaId, ScaleGroupId, CriteriaCode, CriteriaName, ResultFormula, ComparisonOperator, ExpectedValue, Score, SortOrder, ErrorMessage, SuccessMessage, IsActive, CreatedBy, CreationDate, UpdatedBy, UpdateDate) VALUES ('6B820421-8064-4BD1-9CEC-207B8AFC73F0', '77AEB317-256B-4F47-9BF1-BFE2A3AD3EF2', 'SR-0086', 'Diferencia de ají en bolsa es menor a cero', 'dif_real:dif_aji_bolsas_ltrs', '<=', '0', 100.00, 1, NULL, NULL, 1, 'admin', '2025-11-13T16:58:05.0833333', '70268709', '2025-11-18T11:05:55.5760286');
INSERT INTO dbo.ScoringCriteria (ScoringCriteriaId, ScaleGroupId, CriteriaCode, CriteriaName, ResultFormula, ComparisonOperator, ExpectedValue, Score, SortOrder, ErrorMessage, SuccessMessage, IsActive, CreatedBy, CreationDate, UpdatedBy, UpdateDate) VALUES ('4F6F389C-953B-4702-BFD2-23081A84FD86', '74E60725-492E-40CA-B99A-9B177A96A3C4', 'SR-0032', 'Nro de Observaciones', 'cump_norm:observado.si', '>', '0', 0.00, 2, NULL, NULL, 1, 'admin', '2025-11-13T16:58:05.0833333', 'admin', '2025-11-13T16:58:05.0833333');
INSERT INTO dbo.ScoringCriteria (ScoringCriteriaId, ScaleGroupId, CriteriaCode, CriteriaName, ResultFormula, ComparisonOperator, ExpectedValue, Score, SortOrder, ErrorMessage, SuccessMessage, IsActive, CreatedBy, CreationDate, UpdatedBy, UpdateDate) VALUES ('5C5A4FDC-7E26-4997-BCF8-24468DE22B66', '0FE32FE6-F6D7-4113-B775-A8B36743047A', 'SR-0052', 'Criterio principal', 'inv:dif_lechuga', '<=', '0', 100.00, 1, NULL, NULL, 1, 'admin', '2025-12-02T11:54:02.2774599', 'admin', '2025-12-02T11:54:02.2774606');
INSERT INTO dbo.ScoringCriteria (ScoringCriteriaId, ScaleGroupId, CriteriaCode, CriteriaName, ResultFormula, ComparisonOperator, ExpectedValue, Score, SortOrder, ErrorMessage, SuccessMessage, IsActive, CreatedBy, CreationDate, UpdatedBy, UpdateDate) VALUES ('D2B5098C-0666-40D7-B5EF-26555CC2CBC1', '16DBC1C4-B916-440C-866D-E5B10608DD4A', 'SR-0091', 'Diferencia de sazón menor igual a 0', 'rev_nivel_dife_real_sazon:dif_saz_kg', '<=', '0', 100.00, 1, NULL, NULL, 1, 'admin', '2025-11-13T16:58:05.0833333', '70268709', '2025-11-18T11:12:41.7805361');
INSERT INTO dbo.ScoringCriteria (ScoringCriteriaId, ScaleGroupId, CriteriaCode, CriteriaName, ResultFormula, ComparisonOperator, ExpectedValue, Score, SortOrder, ErrorMessage, SuccessMessage, IsActive, CreatedBy, CreationDate, UpdatedBy, UpdateDate) VALUES ('E34D5D98-7D2D-485C-949A-26DB1074B479', '0A3BB7EB-3CC8-4D11-B9E2-EE7EE119DCB2', 'SR-0045', 'Cuadratura de HLDV - No cuadra-revelado en S.Cmrcial > S/ 1', 'rev_cump:hoja_cuadra.no_cuadra_revelado_sc_mrcial_mayor_a_uno', '>=', '4', 0.00, 7, NULL, NULL, 1, 'admin', '2025-11-13T16:58:05.0833333', 'admin', '2025-11-13T16:58:05.0833333');
INSERT INTO dbo.ScoringCriteria (ScoringCriteriaId, ScaleGroupId, CriteriaCode, CriteriaName, ResultFormula, ComparisonOperator, ExpectedValue, Score, SortOrder, ErrorMessage, SuccessMessage, IsActive, CreatedBy, CreationDate, UpdatedBy, UpdateDate) VALUES ('32FB6962-7C18-4066-A81C-27857A5C3354', 'A3C72B7D-982B-4377-B181-33FB2A9D15D8', 'SR-0001', 'CP-Faltanta de dinero S/.', 'arqueo_tienda:total_arqueo - fondo_tienda:caja_chica', '=', '0', 100.00, 1, NULL, NULL, 1, 'admin', '2025-11-13T16:58:05.0833333', 'admin', '2025-11-13T16:58:05.0833333');
INSERT INTO dbo.ScoringCriteria (ScoringCriteriaId, ScaleGroupId, CriteriaCode, CriteriaName, ResultFormula, ComparisonOperator, ExpectedValue, Score, SortOrder, ErrorMessage, SuccessMessage, IsActive, CreatedBy, CreationDate, UpdatedBy, UpdateDate) VALUES ('0CCE96F8-89DC-4B62-B0AF-2A20473BD6A1', '437C3B1B-ED05-4C48-8499-076C88618BD6', 'SR-0050', 'CP-Faltantes Netos S/.', 'diferencias:neto_soles * - 1', '<=', '10', 96.00, 9, NULL, NULL, 1, 'admin', '2025-11-27T16:18:26.6537476', 'admin', '2025-11-27T16:18:26.6537481');
INSERT INTO dbo.ScoringCriteria (ScoringCriteriaId, ScaleGroupId, CriteriaCode, CriteriaName, ResultFormula, ComparisonOperator, ExpectedValue, Score, SortOrder, ErrorMessage, SuccessMessage, IsActive, CreatedBy, CreationDate, UpdatedBy, UpdateDate) VALUES ('7E749366-93E8-4BB0-B368-2A9F660F91CD', '74E60725-492E-40CA-B99A-9B177A96A3C4', 'SR-0031', 'Nro de Observaciones', 'cump_norm:observado.si', '=', '0', 100.00, 1, NULL, NULL, 1, 'admin', '2025-11-13T16:58:05.0833333', 'admin', '2025-11-13T16:58:05.0833333');
INSERT INTO dbo.ScoringCriteria (ScoringCriteriaId, ScaleGroupId, CriteriaCode, CriteriaName, ResultFormula, ComparisonOperator, ExpectedValue, Score, SortOrder, ErrorMessage, SuccessMessage, IsActive, CreatedBy, CreationDate, UpdatedBy, UpdateDate) VALUES ('17428564-F090-4360-85F8-2B7B4EC0EBCE', 'D64BD028-45D1-4620-9F79-4D91B25F4096', 'SR-0026', 'Criterio general', 'revi_cump_uno:diferencia', '=', '0', 100.00, 1, NULL, NULL, 1, 'admin', '2025-11-13T16:58:05.0833333', 'admin', '2025-11-13T16:58:05.0833333');
INSERT INTO dbo.ScoringCriteria (ScoringCriteriaId, ScaleGroupId, CriteriaCode, CriteriaName, ResultFormula, ComparisonOperator, ExpectedValue, Score, SortOrder, ErrorMessage, SuccessMessage, IsActive, CreatedBy, CreationDate, UpdatedBy, UpdateDate) VALUES ('D7DBD627-724A-4ABC-9860-2D9162480430', '44E5865F-7271-4D14-974B-2297B23946EB', 'SR-0065', 'CP-Faltantes Netos por sustentar S/.', 'invent:total', '=', '0', 100.00, 1, NULL, NULL, 1, 'admin', '2025-11-13T16:58:05.0833333', 'admin', '2025-11-13T16:58:05.0833333');
INSERT INTO dbo.ScoringCriteria (ScoringCriteriaId, ScaleGroupId, CriteriaCode, CriteriaName, ResultFormula, ComparisonOperator, ExpectedValue, Score, SortOrder, ErrorMessage, SuccessMessage, IsActive, CreatedBy, CreationDate, UpdatedBy, UpdateDate) VALUES ('A692751B-592C-40E9-9101-2DE96AE43D9C', '8963D8F1-E642-4D9F-BEEC-985ABDAFB4B9', 'SR-0033', 'Nro de observaciones', 'cump_norm:observado.si', '=', '0', 100.00, 1, NULL, NULL, 1, 'admin', '2025-11-13T16:58:05.0833333', 'admin', '2025-11-13T16:58:05.0833333');
INSERT INTO dbo.ScoringCriteria (ScoringCriteriaId, ScaleGroupId, CriteriaCode, CriteriaName, ResultFormula, ComparisonOperator, ExpectedValue, Score, SortOrder, ErrorMessage, SuccessMessage, IsActive, CreatedBy, CreationDate, UpdatedBy, UpdateDate) VALUES ('29539B4A-669F-4F8F-8BA6-2F92703E703F', '62E6BB4B-9112-485B-B331-C736E4C832E3', 'SR-0010', 'Dia de retrazo mayor o igual a', 'revisio_cumplimiento:dias_retrazo', '>=', '3', 0.00, 4, NULL, NULL, 1, 'admin', '2025-11-13T16:58:05.0833333', 'admin', '2025-11-13T16:58:05.0833333');
INSERT INTO dbo.ScoringCriteria (ScoringCriteriaId, ScaleGroupId, CriteriaCode, CriteriaName, ResultFormula, ComparisonOperator, ExpectedValue, Score, SortOrder, ErrorMessage, SuccessMessage, IsActive, CreatedBy, CreationDate, UpdatedBy, UpdateDate) VALUES ('E73CA69F-FA14-484D-BA40-31AE2E191293', '437C3B1B-ED05-4C48-8499-076C88618BD6', 'SR-0058', 'CC1-Suma de sobrantes + faltantes S/.', '( ( diferencias:faltantes_soles ) + ( diferencias:sobrantes_soles * - 1 ) ) * - 1', '<=', '60', 81.00, 5, NULL, NULL, 1, 'admin', '2025-11-27T16:26:45.4414820', 'admin', '2025-11-27T16:26:45.4414827');
INSERT INTO dbo.ScoringCriteria (ScoringCriteriaId, ScaleGroupId, CriteriaCode, CriteriaName, ResultFormula, ComparisonOperator, ExpectedValue, Score, SortOrder, ErrorMessage, SuccessMessage, IsActive, CreatedBy, CreationDate, UpdatedBy, UpdateDate) VALUES ('351FDF07-D427-46E6-A0EE-31C5B7247A3B', '9C959014-5A7A-4F59-B2A5-61E2334EE9E4', 'SR-0067', 'CP-Descuentos Aplicados en Auditoria S/.', 'inv:total', '=', '0', 100.00, 9, NULL, NULL, 1, 'admin', '2025-11-13T16:58:05.0833333', 'admin', '2025-11-13T16:58:05.0833333');
INSERT INTO dbo.ScoringCriteria (ScoringCriteriaId, ScaleGroupId, CriteriaCode, CriteriaName, ResultFormula, ComparisonOperator, ExpectedValue, Score, SortOrder, ErrorMessage, SuccessMessage, IsActive, CreatedBy, CreationDate, UpdatedBy, UpdateDate) VALUES ('D69550E3-4518-4FD6-8DC2-3445545FC5D3', '2A73C0B1-6DD3-4EF8-A2EA-76142909BDFE', 'SR-0019', 'CP-Faltanta de dinero S/.', 'arqueo_tienda:total_arqueo - fondo_tienda:fondo_sencillo', '=', '0', 100.00, 1, NULL, NULL, 1, 'admin', '2025-11-13T16:58:05.0833333', 'admin', '2025-11-13T16:58:05.0833333');
INSERT INTO dbo.ScoringCriteria (ScoringCriteriaId, ScaleGroupId, CriteriaCode, CriteriaName, ResultFormula, ComparisonOperator, ExpectedValue, Score, SortOrder, ErrorMessage, SuccessMessage, IsActive, CreatedBy, CreationDate, UpdatedBy, UpdateDate) VALUES ('0F19863E-38FB-4610-BD77-3544EFBE520B', '335C76EC-3A8F-4CFF-8593-208A9F27ABDA', 'SR-0037', 'Nro Observaciones', 'cump_norm:observado.si', '=', '0', 100.00, 1, NULL, NULL, 1, 'admin', '2025-11-13T16:58:05.0833333', 'admin', '2025-11-13T16:58:05.0833333');
INSERT INTO dbo.ScoringCriteria (ScoringCriteriaId, ScaleGroupId, CriteriaCode, CriteriaName, ResultFormula, ComparisonOperator, ExpectedValue, Score, SortOrder, ErrorMessage, SuccessMessage, IsActive, CreatedBy, CreationDate, UpdatedBy, UpdateDate) VALUES ('18442A98-8D5D-4085-96E9-368DB4B78BA7', '8EF5F219-4E36-4602-8F37-EB7A36374BC5', 'SR-0041', 'Nro observaciones', 'cump_norm:obs.si', '=', '0', 100.00, 1, NULL, NULL, 1, 'admin', '2025-11-13T16:58:05.0833333', 'admin', '2025-11-13T16:58:05.0833333');
INSERT INTO dbo.ScoringCriteria (ScoringCriteriaId, ScaleGroupId, CriteriaCode, CriteriaName, ResultFormula, ComparisonOperator, ExpectedValue, Score, SortOrder, ErrorMessage, SuccessMessage, IsActive, CreatedBy, CreationDate, UpdatedBy, UpdateDate) VALUES ('9B14845B-9FDF-46A5-9D1C-36CC4A448806', '0A3BB7EB-3CC8-4D11-B9E2-EE7EE119DCB2', 'SR-0044', 'Elaboración de Hoja de Liquidacion - No Elaboraron', 'rev_cump:elab_hoja_liq.no_hicieron', '>=', '1', 0.00, 6, NULL, NULL, 1, 'admin', '2025-11-13T16:58:05.0833333', 'admin', '2025-11-13T16:58:05.0833333');
INSERT INTO dbo.ScoringCriteria (ScoringCriteriaId, ScaleGroupId, CriteriaCode, CriteriaName, ResultFormula, ComparisonOperator, ExpectedValue, Score, SortOrder, ErrorMessage, SuccessMessage, IsActive, CreatedBy, CreationDate, UpdatedBy, UpdateDate) VALUES ('FC3F8E23-2459-4EAA-AD40-39CFEA8177B1', '437C3B1B-ED05-4C48-8499-076C88618BD6', 'SR-0052', 'CP-Faltantes Netos S/.', 'diferencias:neto_soles * - 1', '<=', '30', 81.00, 6, NULL, NULL, 1, 'admin', '2025-11-27T16:19:26.8551937', 'admin', '2025-11-27T16:19:26.8551944');
INSERT INTO dbo.ScoringCriteria (ScoringCriteriaId, ScaleGroupId, CriteriaCode, CriteriaName, ResultFormula, ComparisonOperator, ExpectedValue, Score, SortOrder, ErrorMessage, SuccessMessage, IsActive, CreatedBy, CreationDate, UpdatedBy, UpdateDate) VALUES ('BB8234A4-6AFB-49DB-8C34-3F2BA47B81AA', '437C3B1B-ED05-4C48-8499-076C88618BD6', 'SR-0056', 'CC1-Suma de sobrantes + faltantes S/.', '( ( diferencias:faltantes_soles ) + ( diferencias:sobrantes_soles * - 1 ) ) * - 1', '<=', '20', 96.00, 10, NULL, NULL, 1, 'admin', '2025-11-27T16:26:22.6530539', 'admin', '2025-11-27T16:26:22.6530547');
INSERT INTO dbo.ScoringCriteria (ScoringCriteriaId, ScaleGroupId, CriteriaCode, CriteriaName, ResultFormula, ComparisonOperator, ExpectedValue, Score, SortOrder, ErrorMessage, SuccessMessage, IsActive, CreatedBy, CreationDate, UpdatedBy, UpdateDate) VALUES ('520A6B00-6C15-4706-8B86-44A794983A70', '0A3BB7EB-3CC8-4D11-B9E2-EE7EE119DCB2', 'SR-0030', 'Criterio principal', NULL, '=', '0', 100.00, 1, NULL, NULL, 1, 'admin', '2025-11-13T16:58:05.0833333', 'admin', '2025-11-13T16:58:05.0833333');
INSERT INTO dbo.ScoringCriteria (ScoringCriteriaId, ScaleGroupId, CriteriaCode, CriteriaName, ResultFormula, ComparisonOperator, ExpectedValue, Score, SortOrder, ErrorMessage, SuccessMessage, IsActive, CreatedBy, CreationDate, UpdatedBy, UpdateDate) VALUES ('E91B8C7C-2A81-481B-B492-48F6909DF0F8', '437C3B1B-ED05-4C48-8499-076C88618BD6', 'SR-0062', 'CP-Faltantes Netos S/.', 'diferencias:neto_soles * - 1', '>', '100', 0.00, 14, NULL, NULL, 1, 'admin', '2025-11-27T16:31:35.7019741', 'admin', '2025-11-27T16:36:16.5660901');
INSERT INTO dbo.ScoringCriteria (ScoringCriteriaId, ScaleGroupId, CriteriaCode, CriteriaName, ResultFormula, ComparisonOperator, ExpectedValue, Score, SortOrder, ErrorMessage, SuccessMessage, IsActive, CreatedBy, CreationDate, UpdatedBy, UpdateDate) VALUES ('AF9C326F-B97A-4428-8B87-48F81223D822', '64266FFA-ABC7-4237-907C-B2C71191B0FB', 'SR-0037', 'CP-Faltantes Netos S/.', 'diferencias:neto_soles', '>', '0', 100.00, 11, NULL, NULL, 1, 'admin', '2025-11-27T12:21:05.2894503', 'admin', '2025-11-27T12:21:05.2894506');
INSERT INTO dbo.ScoringCriteria (ScoringCriteriaId, ScaleGroupId, CriteriaCode, CriteriaName, ResultFormula, ComparisonOperator, ExpectedValue, Score, SortOrder, ErrorMessage, SuccessMessage, IsActive, CreatedBy, CreationDate, UpdatedBy, UpdateDate) VALUES ('33A3BE4A-EB35-40D7-A778-4B2946C587E3', 'B3498FFE-0342-4172-9865-BA5B191A7AF7', 'SR-0036', 'Nro observaciones', 'cump_norm:obs.si', '>', '0', 0.00, 2, NULL, NULL, 1, 'admin', '2025-11-13T16:58:05.0833333', 'admin', '2025-11-13T16:58:05.0833333');
INSERT INTO dbo.ScoringCriteria (ScoringCriteriaId, ScaleGroupId, CriteriaCode, CriteriaName, ResultFormula, ComparisonOperator, ExpectedValue, Score, SortOrder, ErrorMessage, SuccessMessage, IsActive, CreatedBy, CreationDate, UpdatedBy, UpdateDate) VALUES ('ABD524B6-DA96-4148-BD50-4EFAFDF9B8E7', '44E5865F-7271-4D14-974B-2297B23946EB', 'SR-0064', 'CP-Faltantes Netos por sustentar S/.', 'invent:total', '<=', '10', 96.00, 2, NULL, NULL, 1, 'admin', '2025-11-13T16:58:05.0833333', 'admin', '2025-11-13T16:58:05.0833333');
INSERT INTO dbo.ScoringCriteria (ScoringCriteriaId, ScaleGroupId, CriteriaCode, CriteriaName, ResultFormula, ComparisonOperator, ExpectedValue, Score, SortOrder, ErrorMessage, SuccessMessage, IsActive, CreatedBy, CreationDate, UpdatedBy, UpdateDate) VALUES ('30DA3E24-A573-4682-A059-500097250FFA', '9C959014-5A7A-4F59-B2A5-61E2334EE9E4', 'SR-0073', 'CP-Descuentos Aplicados en Auditoria S/.', 'inv:total', '<=', '60', 56.00, 4, NULL, NULL, 1, 'admin', '2025-11-13T16:58:05.0833333', 'admin', '2025-11-30T23:57:06.6839032');
INSERT INTO dbo.ScoringCriteria (ScoringCriteriaId, ScaleGroupId, CriteriaCode, CriteriaName, ResultFormula, ComparisonOperator, ExpectedValue, Score, SortOrder, ErrorMessage, SuccessMessage, IsActive, CreatedBy, CreationDate, UpdatedBy, UpdateDate) VALUES ('48B30305-9142-4664-9A64-535FE325B61B', '9C959014-5A7A-4F59-B2A5-61E2334EE9E4', 'SR-0035', 'CP-Descuentos Aplicados en Auditoria S/.', 'inv:total', '<=', '50', 71.00, 5, NULL, NULL, 1, 'admin', '2025-11-30T23:51:27.4652028', 'admin', '2025-11-30T23:57:21.8712521');
INSERT INTO dbo.ScoringCriteria (ScoringCriteriaId, ScaleGroupId, CriteriaCode, CriteriaName, ResultFormula, ComparisonOperator, ExpectedValue, Score, SortOrder, ErrorMessage, SuccessMessage, IsActive, CreatedBy, CreationDate, UpdatedBy, UpdateDate) VALUES ('6ECAE8B4-2530-4EFA-B110-5C1676AF7572', '77AEB317-256B-4F47-9BF1-BFE2A3AD3EF2', 'SR-0089', 'Diferencia de ají en bolsa es mayor a 1', 'dif_real:pct_diferencia', '>=', '1', 1.00, 3, NULL, NULL, 1, 'admin', '2025-11-13T16:58:05.0833333', '70268709', '2025-11-18T11:07:55.5074555');
INSERT INTO dbo.ScoringCriteria (ScoringCriteriaId, ScaleGroupId, CriteriaCode, CriteriaName, ResultFormula, ComparisonOperator, ExpectedValue, Score, SortOrder, ErrorMessage, SuccessMessage, IsActive, CreatedBy, CreationDate, UpdatedBy, UpdateDate) VALUES ('25457349-F0B5-4ADB-9036-5C2BAF2ACC2E', 'A3C72B7D-982B-4377-B181-33FB2A9D15D8', 'SR-0003', 'Que el faltante en el cuadre de caja chica sea mayor a S/.', 'arqueo_tienda:total_arqueo - fondo_tienda:caja_chica', '<', '-1', 0.00, 3, NULL, NULL, 1, 'admin', '2025-11-13T16:58:05.0833333', 'admin', '2025-11-13T16:58:05.0833333');
INSERT INTO dbo.ScoringCriteria (ScoringCriteriaId, ScaleGroupId, CriteriaCode, CriteriaName, ResultFormula, ComparisonOperator, ExpectedValue, Score, SortOrder, ErrorMessage, SuccessMessage, IsActive, CreatedBy, CreationDate, UpdatedBy, UpdateDate) VALUES ('EE83B4CD-34C3-4313-9130-5F2270422131', '0A3BB7EB-3CC8-4D11-B9E2-EE7EE119DCB2', 'SR-0043', 'Elaboración de Hoja de Liquidación - Parcialmente', 'rev_cump:elab_hoja_liq.parcialmente', '>=', '2', 0.00, 5, NULL, NULL, 1, 'admin', '2025-11-13T16:58:05.0833333', 'admin', '2025-11-13T16:58:05.0833333');
INSERT INTO dbo.ScoringCriteria (ScoringCriteriaId, ScaleGroupId, CriteriaCode, CriteriaName, ResultFormula, ComparisonOperator, ExpectedValue, Score, SortOrder, ErrorMessage, SuccessMessage, IsActive, CreatedBy, CreationDate, UpdatedBy, UpdateDate) VALUES ('25A17676-654D-4405-9586-5F8173443A2A', '658A508A-F5DF-4DE8-B182-C5191B7346C8', 'SR-0040', 'Nro Observaciones', 'cump_norm:observado.si', '>', '0', 0.00, 2, NULL, NULL, 1, 'admin', '2025-11-13T16:58:05.0833333', 'admin', '2025-11-13T16:58:05.0833333');
INSERT INTO dbo.ScoringCriteria (ScoringCriteriaId, ScaleGroupId, CriteriaCode, CriteriaName, ResultFormula, ComparisonOperator, ExpectedValue, Score, SortOrder, ErrorMessage, SuccessMessage, IsActive, CreatedBy, CreationDate, UpdatedBy, UpdateDate) VALUES ('BAE022D3-3CC2-41AA-ABE2-6245FF56983F', '9C959014-5A7A-4F59-B2A5-61E2334EE9E4', 'SR-0036', 'CP-Descuentos Aplicados en Auditoria S/.', 'inv:total', '<=', '70', 43.00, 3, NULL, NULL, 1, 'admin', '2025-11-30T23:52:12.0295256', 'admin', '2025-11-30T23:57:14.4798648');
INSERT INTO dbo.ScoringCriteria (ScoringCriteriaId, ScaleGroupId, CriteriaCode, CriteriaName, ResultFormula, ComparisonOperator, ExpectedValue, Score, SortOrder, ErrorMessage, SuccessMessage, IsActive, CreatedBy, CreationDate, UpdatedBy, UpdateDate) VALUES ('F300748B-38DD-4B11-B853-69DEACBBC2AB', '62E6BB4B-9112-485B-B331-C736E4C832E3', 'SR-0008', 'Criterio Principal', NULL, '=', '0', 100.00, 1, NULL, NULL, 1, 'admin', '2025-11-13T16:58:05.0833333', 'admin', '2025-11-13T16:58:05.0833333');
INSERT INTO dbo.ScoringCriteria (ScoringCriteriaId, ScaleGroupId, CriteriaCode, CriteriaName, ResultFormula, ComparisonOperator, ExpectedValue, Score, SortOrder, ErrorMessage, SuccessMessage, IsActive, CreatedBy, CreationDate, UpdatedBy, UpdateDate) VALUES ('6E43612A-EF78-4A64-9847-6A92D3F6196F', '9C959014-5A7A-4F59-B2A5-61E2334EE9E4', 'SR-0068', 'CP-Descuentos Aplicados en Auditoria S/.', 'inv:total', '<=', '10', 96.00, 8, NULL, NULL, 1, 'admin', '2025-11-13T16:58:05.0833333', 'admin', '2025-11-13T16:58:05.0833333');
INSERT INTO dbo.ScoringCriteria (ScoringCriteriaId, ScaleGroupId, CriteriaCode, CriteriaName, ResultFormula, ComparisonOperator, ExpectedValue, Score, SortOrder, ErrorMessage, SuccessMessage, IsActive, CreatedBy, CreationDate, UpdatedBy, UpdateDate) VALUES ('E53BD953-3D1C-4208-AFD1-6ECA639EAC5B', '658A508A-F5DF-4DE8-B182-C5191B7346C8', 'SR-0039', 'Nro Observaciones', 'cump_norm:observado.si', '=', '0', 100.00, 1, NULL, NULL, 1, 'admin', '2025-11-13T16:58:05.0833333', 'admin', '2025-11-13T16:58:05.0833333');
INSERT INTO dbo.ScoringCriteria (ScoringCriteriaId, ScaleGroupId, CriteriaCode, CriteriaName, ResultFormula, ComparisonOperator, ExpectedValue, Score, SortOrder, ErrorMessage, SuccessMessage, IsActive, CreatedBy, CreationDate, UpdatedBy, UpdateDate) VALUES ('6C15090E-F1E2-4042-8FE7-734AEF30B03D', 'D64BD028-45D1-4620-9F79-4D91B25F4096', 'SR-0027', 'Criterio general', 'revi_cump_uno:diferencia', '>', '0', 1.00, 2, NULL, NULL, 1, 'admin', '2025-11-13T16:58:05.0833333', 'admin', '2025-11-13T16:58:05.0833333');
INSERT INTO dbo.ScoringCriteria (ScoringCriteriaId, ScaleGroupId, CriteriaCode, CriteriaName, ResultFormula, ComparisonOperator, ExpectedValue, Score, SortOrder, ErrorMessage, SuccessMessage, IsActive, CreatedBy, CreationDate, UpdatedBy, UpdateDate) VALUES ('63AB636E-B81C-4FD4-B845-76DBA5982412', 'D64BD028-45D1-4620-9F79-4D91B25F4096', 'SR-0028', 'Que no se haya declarado descuentos por faltantes de caja en tareo por más de S/.', 'revi_cump_uno:diferencia', '>', '1', 0.00, 3, NULL, NULL, 1, 'admin', '2025-11-13T16:58:05.0833333', 'admin', '2025-11-13T16:58:05.0833333');
INSERT INTO dbo.ScoringCriteria (ScoringCriteriaId, ScaleGroupId, CriteriaCode, CriteriaName, ResultFormula, ComparisonOperator, ExpectedValue, Score, SortOrder, ErrorMessage, SuccessMessage, IsActive, CreatedBy, CreationDate, UpdatedBy, UpdateDate) VALUES ('51BF1D02-9F14-4FF4-B18C-77D2192F865B', 'D64BD028-45D1-4620-9F79-4D91B25F4096', 'SR-0029', 'Documentos no firmados', 'revi_cump_dos:firmados.no', '>', '0', 0.00, 4, NULL, NULL, 1, 'admin', '2025-11-13T16:58:05.0833333', 'admin', '2025-11-13T16:58:05.0833333');
INSERT INTO dbo.ScoringCriteria (ScoringCriteriaId, ScaleGroupId, CriteriaCode, CriteriaName, ResultFormula, ComparisonOperator, ExpectedValue, Score, SortOrder, ErrorMessage, SuccessMessage, IsActive, CreatedBy, CreationDate, UpdatedBy, UpdateDate) VALUES ('1678BD9F-F8C1-4B81-A1BA-7925548463E6', '437C3B1B-ED05-4C48-8499-076C88618BD6', 'SR-0061', 'CC1-Suma de sobrantes + faltantes S/.', '( ( diferencias:faltantes_soles ) + ( diferencias:sobrantes_soles * - 1 ) ) * - 1', '>', '200', 0.00, 13, NULL, NULL, 1, 'admin', '2025-11-27T16:30:45.7467236', 'admin', '2025-11-27T16:30:45.7467244');
INSERT INTO dbo.ScoringCriteria (ScoringCriteriaId, ScaleGroupId, CriteriaCode, CriteriaName, ResultFormula, ComparisonOperator, ExpectedValue, Score, SortOrder, ErrorMessage, SuccessMessage, IsActive, CreatedBy, CreationDate, UpdatedBy, UpdateDate) VALUES ('EC0D1263-6522-4662-917D-79E786E5A0C4', '437C3B1B-ED05-4C48-8499-076C88618BD6', 'SR-0053', 'CP-Faltantes Netos S/.', 'diferencias:neto_soles * - 1', '<=', '50', 71.00, 3, NULL, NULL, 1, 'admin', '2025-11-27T16:19:38.1987079', 'admin', '2025-11-27T16:19:38.1987087');
INSERT INTO dbo.ScoringCriteria (ScoringCriteriaId, ScaleGroupId, CriteriaCode, CriteriaName, ResultFormula, ComparisonOperator, ExpectedValue, Score, SortOrder, ErrorMessage, SuccessMessage, IsActive, CreatedBy, CreationDate, UpdatedBy, UpdateDate) VALUES ('22EC527E-08E0-4028-8E8E-7BDE3C6160F9', '0A3BB7EB-3CC8-4D11-B9E2-EE7EE119DCB2', 'SR-0081', 'No cuadra revelado >S/1', 'rev_cump:hoja_cuadra.no_cuadra_revelado_sc_mrcial_mayor_a_uno', '=', '2', 81.00, 3, NULL, NULL, 1, 'admin', '2025-11-18T17:07:08.0720034', 'admin', '2025-11-18T17:07:08.0720039');
INSERT INTO dbo.ScoringCriteria (ScoringCriteriaId, ScaleGroupId, CriteriaCode, CriteriaName, ResultFormula, ComparisonOperator, ExpectedValue, Score, SortOrder, ErrorMessage, SuccessMessage, IsActive, CreatedBy, CreationDate, UpdatedBy, UpdateDate) VALUES ('FE77F7B0-27A3-4FF0-826E-7D02353ACDE6', 'A3C72B7D-982B-4377-B181-33FB2A9D15D8', 'SR-0005', 'Cuando se detecte sobrantes de dinero no Justificados mayores a S/.', '( arqueo_tienda:total_arqueo - fondo_tienda:caja_chica ) - justificacion_sobrantes:monto_soles', '<', '-1', 0.00, 5, NULL, NULL, 1, 'admin', '2025-11-13T16:58:05.0833333', 'admin', '2025-11-13T16:58:05.0833333');
INSERT INTO dbo.ScoringCriteria (ScoringCriteriaId, ScaleGroupId, CriteriaCode, CriteriaName, ResultFormula, ComparisonOperator, ExpectedValue, Score, SortOrder, ErrorMessage, SuccessMessage, IsActive, CreatedBy, CreationDate, UpdatedBy, UpdateDate) VALUES ('8C357F87-9E15-46D1-AD2D-7FDCC177E276', '9C959014-5A7A-4F59-B2A5-61E2334EE9E4', 'SR-0038', 'CP-Descuentos Aplicados en Auditoria S/.', 'inv:total', '<=', '90', 16.00, 1, NULL, NULL, 1, 'admin', '2025-11-30T23:52:51.0051484', 'admin', '2025-11-30T23:56:53.5212210');
INSERT INTO dbo.ScoringCriteria (ScoringCriteriaId, ScaleGroupId, CriteriaCode, CriteriaName, ResultFormula, ComparisonOperator, ExpectedValue, Score, SortOrder, ErrorMessage, SuccessMessage, IsActive, CreatedBy, CreationDate, UpdatedBy, UpdateDate) VALUES ('90029A30-4404-4795-A447-85ED899908B2', '40FED23C-B2F7-40C0-B36E-B21B1874E779', 'SR-0075', 'La diferencia Real de Papa es mayor a', 'inv:porcent_dife', '>', '2', 0.00, 4, NULL, NULL, 1, 'admin', '2025-11-13T16:58:05.0833333', 'admin', '2025-11-13T16:58:05.0833333');
INSERT INTO dbo.ScoringCriteria (ScoringCriteriaId, ScaleGroupId, CriteriaCode, CriteriaName, ResultFormula, ComparisonOperator, ExpectedValue, Score, SortOrder, ErrorMessage, SuccessMessage, IsActive, CreatedBy, CreationDate, UpdatedBy, UpdateDate) VALUES ('60D461BD-DF0D-44F6-8BDC-8763CD2A2340', '64266FFA-ABC7-4237-907C-B2C71191B0FB', 'SR-0042', 'Que el faltante neto de inventarios sea mayor a S/.', 'diferencias:neto_soles * - 1', '>', '100', 0.00, 13, NULL, NULL, 1, 'admin', '2025-11-27T12:11:00.6591395', 'admin', '2025-11-27T16:36:08.2792715');
INSERT INTO dbo.ScoringCriteria (ScoringCriteriaId, ScaleGroupId, CriteriaCode, CriteriaName, ResultFormula, ComparisonOperator, ExpectedValue, Score, SortOrder, ErrorMessage, SuccessMessage, IsActive, CreatedBy, CreationDate, UpdatedBy, UpdateDate) VALUES ('A69653F2-674E-49D4-9471-8A41822EF209', '46A21C17-B379-4880-BBBE-55E7D7C8E383', 'SR-0093', 'CP-Brecha de dias para vencimiento', 'inv:cond_producto.mal_estado + inv:cond_producto.vencido', '=', '0', 100.00, 4, NULL, NULL, 1, 'admin', '2025-11-27T10:17:47.6017817', 'admin', '2025-11-27T10:17:47.6017822');
INSERT INTO dbo.ScoringCriteria (ScoringCriteriaId, ScaleGroupId, CriteriaCode, CriteriaName, ResultFormula, ComparisonOperator, ExpectedValue, Score, SortOrder, ErrorMessage, SuccessMessage, IsActive, CreatedBy, CreationDate, UpdatedBy, UpdateDate) VALUES ('ADCFBA7A-18BE-4027-8F03-8F2D178A1349', '64266FFA-ABC7-4237-907C-B2C71191B0FB', 'SR-0041', 'CP-Faltantes Netos S/.', 'diferencias:neto_soles * - 1', '<=', '50', 71.00, 4, NULL, NULL, 1, 'admin', '2025-11-27T12:27:06.4041813', 'admin', '2025-11-27T12:27:06.4041816');
INSERT INTO dbo.ScoringCriteria (ScoringCriteriaId, ScaleGroupId, CriteriaCode, CriteriaName, ResultFormula, ComparisonOperator, ExpectedValue, Score, SortOrder, ErrorMessage, SuccessMessage, IsActive, CreatedBy, CreationDate, UpdatedBy, UpdateDate) VALUES ('C47C5418-867D-4604-B93C-94576B3D2B26', '437C3B1B-ED05-4C48-8499-076C88618BD6', 'SR-0051', 'CP-Faltantes Netos S/.', 'diferencias:neto_soles * - 1', '<=', '20', 91.00, 7, NULL, NULL, 1, 'admin', '2025-11-27T16:19:14.3431891', 'admin', '2025-11-27T16:19:14.3431898');
INSERT INTO dbo.ScoringCriteria (ScoringCriteriaId, ScaleGroupId, CriteriaCode, CriteriaName, ResultFormula, ComparisonOperator, ExpectedValue, Score, SortOrder, ErrorMessage, SuccessMessage, IsActive, CreatedBy, CreationDate, UpdatedBy, UpdateDate) VALUES ('9DA3BFE0-3C9D-4556-A989-95F28F026513', '0A3BB7EB-3CC8-4D11-B9E2-EE7EE119DCB2', 'SR-0080', 'No cuadra revelado >S/1', 'rev_cump:hoja_cuadra.no_cuadra_revelado_sc_mrcial_mayor_a_uno', '=', '1', 91.00, 2, NULL, NULL, 1, 'admin', '2025-11-18T17:05:05.4744731', 'admin', '2025-11-18T17:05:05.4744741');
INSERT INTO dbo.ScoringCriteria (ScoringCriteriaId, ScaleGroupId, CriteriaCode, CriteriaName, ResultFormula, ComparisonOperator, ExpectedValue, Score, SortOrder, ErrorMessage, SuccessMessage, IsActive, CreatedBy, CreationDate, UpdatedBy, UpdateDate) VALUES ('91303D75-7F00-4BD5-8B03-9D6824ED1D30', '64266FFA-ABC7-4237-907C-B2C71191B0FB', 'SR-0048', 'CC1-Suma de sobrantes + faltantes S/.', '(( diferencias:faltantes_soles ) + ( diferencias:sobrantes_soles * - 1 )) * - 1', '>', '100', 69.00, 2, NULL, NULL, 1, 'admin', '2025-11-27T12:53:49.5224711', 'admin', '2025-11-27T12:53:49.5224713');
INSERT INTO dbo.ScoringCriteria (ScoringCriteriaId, ScaleGroupId, CriteriaCode, CriteriaName, ResultFormula, ComparisonOperator, ExpectedValue, Score, SortOrder, ErrorMessage, SuccessMessage, IsActive, CreatedBy, CreationDate, UpdatedBy, UpdateDate) VALUES ('08047D19-82CB-49F4-8732-A17B9119AE17', '40FED23C-B2F7-40C0-B36E-B21B1874E779', 'SR-0077', 'Criterio Principal', 'inv:porcent_dife', '<', '1', 100.00, 2, NULL, NULL, 1, '70268709', '2025-11-18T10:49:05.0803965', '70268709', '2025-11-18T10:49:05.0804194');
INSERT INTO dbo.ScoringCriteria (ScoringCriteriaId, ScaleGroupId, CriteriaCode, CriteriaName, ResultFormula, ComparisonOperator, ExpectedValue, Score, SortOrder, ErrorMessage, SuccessMessage, IsActive, CreatedBy, CreationDate, UpdatedBy, UpdateDate) VALUES ('50196E31-45DB-460D-BF5D-A2A55AF6EFD7', 'B3498FFE-0342-4172-9865-BA5B191A7AF7', 'SR-0035', 'Nro observaciones', 'cump_norm:obs.si', '=', '0', 100.00, 1, NULL, NULL, 1, 'admin', '2025-11-13T16:58:05.0833333', 'admin', '2025-11-13T16:58:05.0833333');
INSERT INTO dbo.ScoringCriteria (ScoringCriteriaId, ScaleGroupId, CriteriaCode, CriteriaName, ResultFormula, ComparisonOperator, ExpectedValue, Score, SortOrder, ErrorMessage, SuccessMessage, IsActive, CreatedBy, CreationDate, UpdatedBy, UpdateDate) VALUES ('930CA08B-C9E1-44C7-8DC0-A3BF3039429E', '437C3B1B-ED05-4C48-8499-076C88618BD6', 'SR-0049', 'CP-Faltantes Netos S/.', 'diferencias:neto_soles', '>', '0', 100.00, 11, NULL, NULL, 1, 'admin', '2025-11-27T16:16:41.6573660', 'admin', '2025-11-27T16:16:41.6573829');
INSERT INTO dbo.ScoringCriteria (ScoringCriteriaId, ScaleGroupId, CriteriaCode, CriteriaName, ResultFormula, ComparisonOperator, ExpectedValue, Score, SortOrder, ErrorMessage, SuccessMessage, IsActive, CreatedBy, CreationDate, UpdatedBy, UpdateDate) VALUES ('2DCD0762-B166-45D4-92CE-A3F9D15F460C', '9C959014-5A7A-4F59-B2A5-61E2334EE9E4', 'SR-0071', 'Que los descuentos por faltantes de inventarios sea mayor o igual a S/.', 'inv:total', '>=', '100', 0.00, 10, NULL, NULL, 1, 'admin', '2025-11-13T16:58:05.0833333', 'admin', '2025-11-13T16:58:05.0833333');
INSERT INTO dbo.ScoringCriteria (ScoringCriteriaId, ScaleGroupId, CriteriaCode, CriteriaName, ResultFormula, ComparisonOperator, ExpectedValue, Score, SortOrder, ErrorMessage, SuccessMessage, IsActive, CreatedBy, CreationDate, UpdatedBy, UpdateDate) VALUES ('CA8CD566-C18B-4EF3-9245-A758080F40F0', '8EF5F219-4E36-4602-8F37-EB7A36374BC5', 'SR-0042', 'Nro observaciones', 'cump_norm:obs.si', '>', '0', 0.00, 2, NULL, NULL, 1, 'admin', '2025-11-13T16:58:05.0833333', 'admin', '2025-11-13T16:58:05.0833333');
INSERT INTO dbo.ScoringCriteria (ScoringCriteriaId, ScaleGroupId, CriteriaCode, CriteriaName, ResultFormula, ComparisonOperator, ExpectedValue, Score, SortOrder, ErrorMessage, SuccessMessage, IsActive, CreatedBy, CreationDate, UpdatedBy, UpdateDate) VALUES ('B4BAF98C-E700-4C40-931B-A7A25D86DD7A', '437C3B1B-ED05-4C48-8499-076C88618BD6', 'SR-0054', 'CP-Faltantes Netos S/.', 'diferencias:neto_soles * - 1', '>', '50', 69.00, 1, NULL, NULL, 1, 'admin', '2025-11-27T16:20:10.2375884', 'admin', '2025-11-27T16:20:10.2375889');
INSERT INTO dbo.ScoringCriteria (ScoringCriteriaId, ScaleGroupId, CriteriaCode, CriteriaName, ResultFormula, ComparisonOperator, ExpectedValue, Score, SortOrder, ErrorMessage, SuccessMessage, IsActive, CreatedBy, CreationDate, UpdatedBy, UpdateDate) VALUES ('D3EA978A-5E9D-4146-ABBC-A8BB2B2CC1D7', '9C959014-5A7A-4F59-B2A5-61E2334EE9E4', 'SR-0037', 'CP-Descuentos Aplicados en Auditoria S/.', 'inv:total', '<=', '80', 29.00, 2, NULL, NULL, 1, 'admin', '2025-11-30T23:52:29.0217648', 'admin', '2025-11-30T23:56:58.8310783');
INSERT INTO dbo.ScoringCriteria (ScoringCriteriaId, ScaleGroupId, CriteriaCode, CriteriaName, ResultFormula, ComparisonOperator, ExpectedValue, Score, SortOrder, ErrorMessage, SuccessMessage, IsActive, CreatedBy, CreationDate, UpdatedBy, UpdateDate) VALUES ('D8A2C79D-5582-4910-A514-AC4B9B447965', 'DF93B3E9-7EEE-40C8-B8EE-78254D69B8AB', 'SR-0083', 'Diferencia de pollos es igual a cero', 'ivn_dif_pollo:dif_pollos', '<=', '0', 100.00, 1, NULL, NULL, 1, 'admin', '2025-11-13T16:58:05.0833333', 'admin', '2025-11-18T16:50:10.7105684');
INSERT INTO dbo.ScoringCriteria (ScoringCriteriaId, ScaleGroupId, CriteriaCode, CriteriaName, ResultFormula, ComparisonOperator, ExpectedValue, Score, SortOrder, ErrorMessage, SuccessMessage, IsActive, CreatedBy, CreationDate, UpdatedBy, UpdateDate) VALUES ('E310ECD3-E437-41E5-8B64-ACD229B0EAB3', '16DBC1C4-B916-440C-866D-E5B10608DD4A', 'SR-0079', 'La diferencia Real de Sazón es mayor a', 'rev_nivel_dife_real_sazon:porc_dif', '>=', '1', 1.00, 3, NULL, NULL, 1, '70268709', '2025-11-18T11:13:37.5853999', '70268709', '2025-11-18T11:13:37.5854004');
INSERT INTO dbo.ScoringCriteria (ScoringCriteriaId, ScaleGroupId, CriteriaCode, CriteriaName, ResultFormula, ComparisonOperator, ExpectedValue, Score, SortOrder, ErrorMessage, SuccessMessage, IsActive, CreatedBy, CreationDate, UpdatedBy, UpdateDate) VALUES ('8A24E97C-D8FF-4DFF-8DB8-AF3767FC33D8', 'A3A7AA02-5770-400D-A235-31636E192121', 'SR-0047', 'Criterio principal', 'cump_norm_uno:diferencia', '=', '0', 100.00, 1, NULL, NULL, 1, 'admin', '2025-11-13T16:58:05.0833333', 'admin', '2025-11-13T16:58:05.0833333');
INSERT INTO dbo.ScoringCriteria (ScoringCriteriaId, ScaleGroupId, CriteriaCode, CriteriaName, ResultFormula, ComparisonOperator, ExpectedValue, Score, SortOrder, ErrorMessage, SuccessMessage, IsActive, CreatedBy, CreationDate, UpdatedBy, UpdateDate) VALUES ('37FD52C9-5860-45AE-9BE6-B0D879F8508B', '77AEB317-256B-4F47-9BF1-BFE2A3AD3EF2', 'SR-0088', 'La diferencia real de ají es mayor a 3%', 'dif_real:pct_diferencia', '>', '3', 0.00, 4, NULL, NULL, 1, 'admin', '2025-11-13T16:58:05.0833333', 'admin', '2025-11-13T16:58:05.0833333');
INSERT INTO dbo.ScoringCriteria (ScoringCriteriaId, ScaleGroupId, CriteriaCode, CriteriaName, ResultFormula, ComparisonOperator, ExpectedValue, Score, SortOrder, ErrorMessage, SuccessMessage, IsActive, CreatedBy, CreationDate, UpdatedBy, UpdateDate) VALUES ('07B7A6FA-B26A-4C8A-984E-B28759D3BCFD', '0FE32FE6-F6D7-4113-B775-A8B36743047A', 'SR-0077', 'Criterio principal', 'inv:porcent_dif', '<', '1', 100.00, 2, NULL, NULL, 1, 'admin', '2025-11-13T16:58:05.0833333', '70268709', '2025-11-18T10:35:01.2186961');
INSERT INTO dbo.ScoringCriteria (ScoringCriteriaId, ScaleGroupId, CriteriaCode, CriteriaName, ResultFormula, ComparisonOperator, ExpectedValue, Score, SortOrder, ErrorMessage, SuccessMessage, IsActive, CreatedBy, CreationDate, UpdatedBy, UpdateDate) VALUES ('BE0A6086-B125-4781-88C0-B53BA20A4FFA', '9C959014-5A7A-4F59-B2A5-61E2334EE9E4', 'SR-0069', 'CP-Descuentos Aplicados en Auditoria S/.', 'inv:total', '<=', '20', 91.00, 7, NULL, NULL, 1, 'admin', '2025-11-13T16:58:05.0833333', 'admin', '2025-11-13T16:58:05.0833333');
INSERT INTO dbo.ScoringCriteria (ScoringCriteriaId, ScaleGroupId, CriteriaCode, CriteriaName, ResultFormula, ComparisonOperator, ExpectedValue, Score, SortOrder, ErrorMessage, SuccessMessage, IsActive, CreatedBy, CreationDate, UpdatedBy, UpdateDate) VALUES ('D235127E-C74A-4053-9D6A-B711C165D74B', '87A40461-5D99-472E-B86C-9E801F7173B7', 'SR-0090', 'CP-Observaciones', 'rev_cump:pregunta_uno.no + rev_cump:pregunta_dos.no + rev_cump:pregunta_tres.no', '=', '1', 91.00, 2, NULL, NULL, 1, 'admin', '2025-11-26T16:47:40.6832564', 'admin', '2025-11-26T16:47:40.6832572');
INSERT INTO dbo.ScoringCriteria (ScoringCriteriaId, ScaleGroupId, CriteriaCode, CriteriaName, ResultFormula, ComparisonOperator, ExpectedValue, Score, SortOrder, ErrorMessage, SuccessMessage, IsActive, CreatedBy, CreationDate, UpdatedBy, UpdateDate) VALUES ('0991DC6E-FF57-447C-B128-BA0DFB7CD97F', '46A21C17-B379-4880-BBBE-55E7D7C8E383', 'SR-0082', 'productos vencidos mayor a cero', 'inv:cond_producto.vencido', '>', '0', 0.00, 3, NULL, NULL, 1, 'admin', '2025-11-13T16:58:05.0833333', 'admin', '2025-11-13T16:58:05.0833333');
INSERT INTO dbo.ScoringCriteria (ScoringCriteriaId, ScaleGroupId, CriteriaCode, CriteriaName, ResultFormula, ComparisonOperator, ExpectedValue, Score, SortOrder, ErrorMessage, SuccessMessage, IsActive, CreatedBy, CreationDate, UpdatedBy, UpdateDate) VALUES ('345E0B22-25D9-41F1-966F-BA8693725931', '228CE515-6FDB-4F8A-8F19-D0167B9D3C45', 'SR-0050', 'Nro observaciones =0', 'cump_norm:cortesia.x + cump_norm:degustacion.x + cump_norm:prueba.x', '=', '0', 100.00, 1, NULL, NULL, 1, 'admin', '2025-11-13T16:58:05.0833333', 'admin', '2025-11-13T16:58:05.0833333');
INSERT INTO dbo.ScoringCriteria (ScoringCriteriaId, ScaleGroupId, CriteriaCode, CriteriaName, ResultFormula, ComparisonOperator, ExpectedValue, Score, SortOrder, ErrorMessage, SuccessMessage, IsActive, CreatedBy, CreationDate, UpdatedBy, UpdateDate) VALUES ('B5EAE705-56E5-4F9A-AFD4-BB5D2FE0AEE1', 'A3C72B7D-982B-4377-B181-33FB2A9D15D8', 'SR-0004', 'Cuando la suma de documentos invalidos sean mayores a S/.', 'arqueo_tienda:comp_invalidos', '>', '1', 0.00, 4, NULL, NULL, 1, 'admin', '2025-11-13T16:58:05.0833333', 'admin', '2025-11-13T16:58:05.0833333');
INSERT INTO dbo.ScoringCriteria (ScoringCriteriaId, ScaleGroupId, CriteriaCode, CriteriaName, ResultFormula, ComparisonOperator, ExpectedValue, Score, SortOrder, ErrorMessage, SuccessMessage, IsActive, CreatedBy, CreationDate, UpdatedBy, UpdateDate) VALUES ('77D2F560-ED2B-412D-B32B-BC1D228948D1', '62E6BB4B-9112-485B-B331-C736E4C832E3', 'SR-0009', 'Casos de incumplimiento en dia de deposito mayor o igual a', 'revisio_cumplimiento:incump_dia_deposito.Si', '>=', '2', 0.00, 3, NULL, NULL, 1, 'admin', '2025-11-13T16:58:05.0833333', 'admin', '2025-11-13T16:58:05.0833333');
INSERT INTO dbo.ScoringCriteria (ScoringCriteriaId, ScaleGroupId, CriteriaCode, CriteriaName, ResultFormula, ComparisonOperator, ExpectedValue, Score, SortOrder, ErrorMessage, SuccessMessage, IsActive, CreatedBy, CreationDate, UpdatedBy, UpdateDate) VALUES ('91EB2415-258A-4C33-A56E-BD6392C7EFB8', '64266FFA-ABC7-4237-907C-B2C71191B0FB', 'SR-0047', 'CC1-Suma de sobrantes + faltantes S/.', '(( diferencias:faltantes_soles ) + ( diferencias:sobrantes_soles * - 1 )) * - 1', '<=', '100', 71.00, 3, NULL, NULL, 1, 'admin', '2025-11-27T12:52:58.1813887', 'admin', '2025-11-27T12:52:58.1813892');
INSERT INTO dbo.ScoringCriteria (ScoringCriteriaId, ScaleGroupId, CriteriaCode, CriteriaName, ResultFormula, ComparisonOperator, ExpectedValue, Score, SortOrder, ErrorMessage, SuccessMessage, IsActive, CreatedBy, CreationDate, UpdatedBy, UpdateDate) VALUES ('759B51CD-6A90-4FC3-8347-BF8BBFC1EB11', '64266FFA-ABC7-4237-907C-B2C71191B0FB', 'SR-0045', 'CC1-Suma de sobrantes + faltantes S/.', '(( diferencias:faltantes_soles ) + ( diferencias:sobrantes_soles * - 1 )) * - 1', '<=', '40', 91.00, 8, NULL, NULL, 1, 'admin', '2025-11-27T12:50:29.0254583', 'admin', '2025-11-27T12:50:29.0254588');
INSERT INTO dbo.ScoringCriteria (ScoringCriteriaId, ScaleGroupId, CriteriaCode, CriteriaName, ResultFormula, ComparisonOperator, ExpectedValue, Score, SortOrder, ErrorMessage, SuccessMessage, IsActive, CreatedBy, CreationDate, UpdatedBy, UpdateDate) VALUES ('F2F35756-1949-4341-A796-BFC1448353B1', '77AEB317-256B-4F47-9BF1-BFE2A3AD3EF2', 'SR-0087', 'Diferencia de ají en bolsa es igual a cero', 'dif_real:pct_diferencia', '<', '1', 100.00, 2, NULL, NULL, 1, 'admin', '2025-11-13T16:58:05.0833333', '70268709', '2025-11-18T11:07:45.8324068');
INSERT INTO dbo.ScoringCriteria (ScoringCriteriaId, ScaleGroupId, CriteriaCode, CriteriaName, ResultFormula, ComparisonOperator, ExpectedValue, Score, SortOrder, ErrorMessage, SuccessMessage, IsActive, CreatedBy, CreationDate, UpdatedBy, UpdateDate) VALUES ('9E5A92F4-2F48-4F69-AC0B-C0A4F22E72A3', 'DF93B3E9-7EEE-40C8-B8EE-78254D69B8AB', 'SR-0084', 'Diferencia de pollos es mayor a cero', 'ivn_dif_pollo:dif_pollos', '>', '0', 1.00, 2, NULL, NULL, 1, 'admin', '2025-11-13T16:58:05.0833333', 'admin', '2025-11-13T16:58:05.0833333');
INSERT INTO dbo.ScoringCriteria (ScoringCriteriaId, ScaleGroupId, CriteriaCode, CriteriaName, ResultFormula, ComparisonOperator, ExpectedValue, Score, SortOrder, ErrorMessage, SuccessMessage, IsActive, CreatedBy, CreationDate, UpdatedBy, UpdateDate) VALUES ('12FF2B27-2AE3-4A99-8456-C45E9B646FB8', 'A3A7AA02-5770-400D-A235-31636E192121', 'SR-0048', 'Que no se haya declarado descuentos por faltantes de INVENTARIOS en tareo por más de S/.', 'cump_norm_uno:diferencia', '>=', '1', 0.00, 2, NULL, NULL, 1, 'admin', '2025-11-13T16:58:05.0833333', 'admin', '2025-11-13T16:58:05.0833333');
INSERT INTO dbo.ScoringCriteria (ScoringCriteriaId, ScaleGroupId, CriteriaCode, CriteriaName, ResultFormula, ComparisonOperator, ExpectedValue, Score, SortOrder, ErrorMessage, SuccessMessage, IsActive, CreatedBy, CreationDate, UpdatedBy, UpdateDate) VALUES ('5C01018A-573D-4536-BE37-C6D76E36FDA2', '0A3BB7EB-3CC8-4D11-B9E2-EE7EE119DCB2', 'SR-0082', 'Elaboración de Hoja de Liquidación - Parcialmente', 'rev_cump:hoja_cuadra.no_cuadra_revelado_sc_mrcial_mayor_a_uno', '=', '3', 1.00, 4, NULL, NULL, 1, 'admin', '2025-11-18T17:08:22.7316098', 'admin', '2025-11-28T10:04:53.4583386');
INSERT INTO dbo.ScoringCriteria (ScoringCriteriaId, ScaleGroupId, CriteriaCode, CriteriaName, ResultFormula, ComparisonOperator, ExpectedValue, Score, SortOrder, ErrorMessage, SuccessMessage, IsActive, CreatedBy, CreationDate, UpdatedBy, UpdateDate) VALUES ('C8427C13-F613-4E29-ABA5-CBBC4ACF044E', 'A3C72B7D-982B-4377-B181-33FB2A9D15D8', 'SR-0083', 'Sobrantes con observación', 'justificacion_sobrantes:es_valida.No', '>', '0', 0.00, 6, NULL, NULL, 1, 'admin', '2025-11-19T15:29:07.4152574', 'admin', '2025-11-19T15:29:07.4152584');
INSERT INTO dbo.ScoringCriteria (ScoringCriteriaId, ScaleGroupId, CriteriaCode, CriteriaName, ResultFormula, ComparisonOperator, ExpectedValue, Score, SortOrder, ErrorMessage, SuccessMessage, IsActive, CreatedBy, CreationDate, UpdatedBy, UpdateDate) VALUES ('0CC11359-7606-4079-B1E8-CFD7FC6DBA22', '64266FFA-ABC7-4237-907C-B2C71191B0FB', 'SR-0038', 'CP-Faltantes Netos S/.', 'diferencias:neto_soles * - 1', '<=', '10', 96.00, 9, NULL, NULL, 1, 'admin', '2025-11-27T12:22:12.8609229', 'admin', '2025-11-27T12:23:25.7950043');
INSERT INTO dbo.ScoringCriteria (ScoringCriteriaId, ScaleGroupId, CriteriaCode, CriteriaName, ResultFormula, ComparisonOperator, ExpectedValue, Score, SortOrder, ErrorMessage, SuccessMessage, IsActive, CreatedBy, CreationDate, UpdatedBy, UpdateDate) VALUES ('E4532B17-4299-42A0-A842-D09981F847AF', '87A40461-5D99-472E-B86C-9E801F7173B7', 'SR-0017', 'CP-Observaciones', 'rev_cump:pregunta_uno.no + rev_cump:pregunta_dos.no + rev_cump:pregunta_tres.no', '=', '2', 91.00, 3, NULL, NULL, 1, 'admin', '2025-11-13T16:58:05.0833333', 'admin', '2025-11-26T16:47:34.9742357');
INSERT INTO dbo.ScoringCriteria (ScoringCriteriaId, ScaleGroupId, CriteriaCode, CriteriaName, ResultFormula, ComparisonOperator, ExpectedValue, Score, SortOrder, ErrorMessage, SuccessMessage, IsActive, CreatedBy, CreationDate, UpdatedBy, UpdateDate) VALUES ('E70C2F37-FE46-4282-B51E-D0D5CB1FF702', '2A73C0B1-6DD3-4EF8-A2EA-76142909BDFE', 'SR-0023', 'Cuando se detecte sobrantes de dinero no Justificados mayores a S/.', '( arqueo_tienda:total_arqueo - fondo_tienda:fondo_sencillo ) - justi_sobrantes:monto_soles', '>', '1', 0.00, 7, NULL, NULL, 1, 'admin', '2025-11-13T16:58:05.0833333', 'admin', '2025-11-13T16:58:05.0833333');
INSERT INTO dbo.ScoringCriteria (ScoringCriteriaId, ScaleGroupId, CriteriaCode, CriteriaName, ResultFormula, ComparisonOperator, ExpectedValue, Score, SortOrder, ErrorMessage, SuccessMessage, IsActive, CreatedBy, CreationDate, UpdatedBy, UpdateDate) VALUES ('D84DA062-00AD-4A9C-BE4B-D810EE854AAA', '228CE515-6FDB-4F8A-8F19-D0167B9D3C45', 'SR-0052', 'Nro observaciones >1', 'cump_norm:degustacion.x + cump_norm:prueba.x + cump_norm:cortesia.x', '>', '1', 0.00, 3, NULL, NULL, 1, 'admin', '2025-11-13T16:58:05.0833333', 'admin', '2025-11-13T16:58:05.0833333');
INSERT INTO dbo.ScoringCriteria (ScoringCriteriaId, ScaleGroupId, CriteriaCode, CriteriaName, ResultFormula, ComparisonOperator, ExpectedValue, Score, SortOrder, ErrorMessage, SuccessMessage, IsActive, CreatedBy, CreationDate, UpdatedBy, UpdateDate) VALUES ('FB134D71-4A0B-4C99-A859-D9FED5897FD1', 'A3A7AA02-5770-400D-A235-31636E192121', 'SR-0049', 'Cantidad de documentos no firmados', 'cump_norm_dos:firmados.no', '>', '0', 0.00, 3, NULL, NULL, 1, 'admin', '2025-11-13T16:58:05.0833333', 'admin', '2025-11-13T16:58:05.0833333');
INSERT INTO dbo.ScoringCriteria (ScoringCriteriaId, ScaleGroupId, CriteriaCode, CriteriaName, ResultFormula, ComparisonOperator, ExpectedValue, Score, SortOrder, ErrorMessage, SuccessMessage, IsActive, CreatedBy, CreationDate, UpdatedBy, UpdateDate) VALUES ('307BE7A4-4F74-4A8E-AE78-DFE390814849', 'A3C72B7D-982B-4377-B181-33FB2A9D15D8', 'SR-0002', 'CC1-Documentos invalidos S/.', 'arqueo_tienda:comp_invalidos', '=', '0', 100.00, 2, NULL, NULL, 1, 'admin', '2025-11-13T16:58:05.0833333', 'admin', '2025-11-13T16:58:05.0833333');
INSERT INTO dbo.ScoringCriteria (ScoringCriteriaId, ScaleGroupId, CriteriaCode, CriteriaName, ResultFormula, ComparisonOperator, ExpectedValue, Score, SortOrder, ErrorMessage, SuccessMessage, IsActive, CreatedBy, CreationDate, UpdatedBy, UpdateDate) VALUES ('D486D2B1-B533-40E7-A966-DFEDC8458C75', '9C959014-5A7A-4F59-B2A5-61E2334EE9E4', 'SR-0070', 'CP-Descuentos Aplicados en Auditoria S/.', 'inv:total', '<=', '30', 81.00, 6, NULL, NULL, 1, 'admin', '2025-11-13T16:58:05.0833333', 'admin', '2025-11-13T16:58:05.0833333');
INSERT INTO dbo.ScoringCriteria (ScoringCriteriaId, ScaleGroupId, CriteriaCode, CriteriaName, ResultFormula, ComparisonOperator, ExpectedValue, Score, SortOrder, ErrorMessage, SuccessMessage, IsActive, CreatedBy, CreationDate, UpdatedBy, UpdateDate) VALUES ('52CAB5B8-60AA-4B91-A1DD-E09D9235C9C5', '64266FFA-ABC7-4237-907C-B2C71191B0FB', 'SR-0046', 'CC1-Suma de sobrantes + faltantes S/.', '(( diferencias:faltantes_soles ) + ( diferencias:sobrantes_soles * - 1 )) * - 1', '<=', '60', 81.00, 5, NULL, NULL, 1, 'admin', '2025-11-27T12:50:59.7137635', 'admin', '2025-11-27T12:50:59.7137638');
INSERT INTO dbo.ScoringCriteria (ScoringCriteriaId, ScaleGroupId, CriteriaCode, CriteriaName, ResultFormula, ComparisonOperator, ExpectedValue, Score, SortOrder, ErrorMessage, SuccessMessage, IsActive, CreatedBy, CreationDate, UpdatedBy, UpdateDate) VALUES ('4313DAC7-0DE7-4B06-B034-E1AD23AF5D71', '437C3B1B-ED05-4C48-8499-076C88618BD6', 'SR-0055', 'CC1-Suma de sobrantes + faltantes S/.', '( diferencias:faltantes_soles ) + ( diferencias:sobrantes_soles * - 1 )', '>', '0', 100.00, 12, NULL, NULL, 1, 'admin', '2025-11-27T16:23:58.6202221', 'admin', '2025-11-27T16:23:58.6202227');
INSERT INTO dbo.ScoringCriteria (ScoringCriteriaId, ScaleGroupId, CriteriaCode, CriteriaName, ResultFormula, ComparisonOperator, ExpectedValue, Score, SortOrder, ErrorMessage, SuccessMessage, IsActive, CreatedBy, CreationDate, UpdatedBy, UpdateDate) VALUES ('91E3CC1A-DCB5-4B4B-993B-E41EE44848C8', '87A40461-5D99-472E-B86C-9E801F7173B7', 'SR-0013', 'CP-Observaciones', 'rev_cump:pregunta_uno.no + rev_cump:pregunta_dos.no + rev_cump:pregunta_tres.no', '=', '0', 100.00, 1, NULL, NULL, 1, 'admin', '2025-11-13T16:58:05.0833333', 'admin', '2025-11-13T16:58:05.0833333');
INSERT INTO dbo.ScoringCriteria (ScoringCriteriaId, ScaleGroupId, CriteriaCode, CriteriaName, ResultFormula, ComparisonOperator, ExpectedValue, Score, SortOrder, ErrorMessage, SuccessMessage, IsActive, CreatedBy, CreationDate, UpdatedBy, UpdateDate) VALUES ('E7ADC148-1168-4B07-9763-E4D0D0FEBF64', '2A73C0B1-6DD3-4EF8-A2EA-76142909BDFE', 'SR-0020', 'CC1-Documentos invalidos S/.', 'arqueo_tienda:comp_invalidos', '=', '0', 100.00, 2, NULL, NULL, 1, 'admin', '2025-11-13T16:58:05.0833333', 'admin', '2025-11-13T16:58:05.0833333');
INSERT INTO dbo.ScoringCriteria (ScoringCriteriaId, ScaleGroupId, CriteriaCode, CriteriaName, ResultFormula, ComparisonOperator, ExpectedValue, Score, SortOrder, ErrorMessage, SuccessMessage, IsActive, CreatedBy, CreationDate, UpdatedBy, UpdateDate) VALUES ('A98175A8-F91B-42BD-8F72-E50F781ACB88', '87A40461-5D99-472E-B86C-9E801F7173B7', 'SR-0014', 'Las diferencias detectadas sean responsabilidad de la administracion', 'rev_cump:pregunta_dos.si', '>=', '1', 0.00, 5, NULL, NULL, 1, 'admin', '2025-11-13T16:58:05.0833333', 'admin', '2025-11-13T16:58:05.0833333');
INSERT INTO dbo.ScoringCriteria (ScoringCriteriaId, ScaleGroupId, CriteriaCode, CriteriaName, ResultFormula, ComparisonOperator, ExpectedValue, Score, SortOrder, ErrorMessage, SuccessMessage, IsActive, CreatedBy, CreationDate, UpdatedBy, UpdateDate) VALUES ('2F678190-4B29-4723-A0F0-E607ABFF7CFE', '335C76EC-3A8F-4CFF-8593-208A9F27ABDA', 'SR-0038', 'Nro Observaciones', 'cump_norm:observado.si', '>', '0', 0.00, 2, NULL, NULL, 1, 'admin', '2025-11-13T16:58:05.0833333', 'admin', '2025-11-13T16:58:05.0833333');
INSERT INTO dbo.ScoringCriteria (ScoringCriteriaId, ScaleGroupId, CriteriaCode, CriteriaName, ResultFormula, ComparisonOperator, ExpectedValue, Score, SortOrder, ErrorMessage, SuccessMessage, IsActive, CreatedBy, CreationDate, UpdatedBy, UpdateDate) VALUES ('0855F1AE-3FC2-420A-8093-E6D604D5D4DE', '2A73C0B1-6DD3-4EF8-A2EA-76142909BDFE', 'SR-0025', 'CC1-Documentos invalidos S/.', 'arqueo_tienda:total_arqueo - fondo_tienda:fondo_sencillo', '>', '0', 1.00, 4, NULL, NULL, 1, 'admin', '2025-11-13T16:58:05.0833333', 'admin', '2025-11-13T16:58:05.0833333');
INSERT INTO dbo.ScoringCriteria (ScoringCriteriaId, ScaleGroupId, CriteriaCode, CriteriaName, ResultFormula, ComparisonOperator, ExpectedValue, Score, SortOrder, ErrorMessage, SuccessMessage, IsActive, CreatedBy, CreationDate, UpdatedBy, UpdateDate) VALUES ('0F24F07B-4307-43EE-B703-EF2C8F2148BF', '2A73C0B1-6DD3-4EF8-A2EA-76142909BDFE', 'SR-0022', 'Cuando la suma de documentos invalidos sean mayores a S/.', 'arqueo_tienda:comp_invalidos', '>', '1', 0.00, 6, NULL, NULL, 1, 'admin', '2025-11-13T16:58:05.0833333', 'admin', '2025-11-13T16:58:05.0833333');
INSERT INTO dbo.ScoringCriteria (ScoringCriteriaId, ScaleGroupId, CriteriaCode, CriteriaName, ResultFormula, ComparisonOperator, ExpectedValue, Score, SortOrder, ErrorMessage, SuccessMessage, IsActive, CreatedBy, CreationDate, UpdatedBy, UpdateDate) VALUES ('78D358AA-DA2D-4DF9-83FE-F291CB79689C', '437C3B1B-ED05-4C48-8499-076C88618BD6', 'SR-0057', 'CC1-Suma de sobrantes + faltantes S/.', '( ( diferencias:faltantes_soles ) + ( diferencias:sobrantes_soles * - 1 ) ) * - 1', '<=', '40', 91.00, 8, NULL, NULL, 1, 'admin', '2025-11-27T16:26:35.1195648', 'admin', '2025-11-27T16:26:35.1195653');
INSERT INTO dbo.ScoringCriteria (ScoringCriteriaId, ScaleGroupId, CriteriaCode, CriteriaName, ResultFormula, ComparisonOperator, ExpectedValue, Score, SortOrder, ErrorMessage, SuccessMessage, IsActive, CreatedBy, CreationDate, UpdatedBy, UpdateDate) VALUES ('41ADC8E4-2702-4714-B465-F43EC43FA60A', '40FED23C-B2F7-40C0-B36E-B21B1874E779', 'SR-0076', 'La diferencia Real de Papa es mayor a', 'inv:porcent_dife', '>=', '1', 1.00, 3, NULL, NULL, 1, 'admin', '2025-11-13T16:58:05.0833333', '70268709', '2025-11-18T10:49:52.1388124');
INSERT INTO dbo.ScoringCriteria (ScoringCriteriaId, ScaleGroupId, CriteriaCode, CriteriaName, ResultFormula, ComparisonOperator, ExpectedValue, Score, SortOrder, ErrorMessage, SuccessMessage, IsActive, CreatedBy, CreationDate, UpdatedBy, UpdateDate) VALUES ('DAC11E25-E678-4771-8EF0-F801FEC0F463', '62E6BB4B-9112-485B-B331-C736E4C832E3', 'SR-0107', 'Deposito Integro y Deposito en Bóveda', 'revisio_cumplimiento:deposito_integro.Anomalia', '>', '1', 1.00, 2, NULL, NULL, 1, 'admin', '2025-11-24T10:57:08.3458502', 'admin', '2025-11-26T15:17:23.6315617');
INSERT INTO dbo.ScoringCriteria (ScoringCriteriaId, ScaleGroupId, CriteriaCode, CriteriaName, ResultFormula, ComparisonOperator, ExpectedValue, Score, SortOrder, ErrorMessage, SuccessMessage, IsActive, CreatedBy, CreationDate, UpdatedBy, UpdateDate) VALUES ('3B628E10-D99B-4D8F-8BFD-F9B506745396', '228CE515-6FDB-4F8A-8F19-D0167B9D3C45', 'SR-0051', 'Nro observaciones =1', 'cump_norm:cortesia.x + cump_norm:degustacion.x + cump_norm:prueba.x', '=', '1', 1.00, 2, NULL, NULL, 1, 'admin', '2025-11-13T16:58:05.0833333', 'admin', '2025-11-13T16:58:05.0833333');
INSERT INTO dbo.ScoringCriteria (ScoringCriteriaId, ScaleGroupId, CriteriaCode, CriteriaName, ResultFormula, ComparisonOperator, ExpectedValue, Score, SortOrder, ErrorMessage, SuccessMessage, IsActive, CreatedBy, CreationDate, UpdatedBy, UpdateDate) VALUES ('69CBA731-653B-4089-9984-FAEA49A68DFA', '437C3B1B-ED05-4C48-8499-076C88618BD6', 'SR-0059', 'CC1-Suma de sobrantes + faltantes S/.', '( ( diferencias:faltantes_soles ) + ( diferencias:sobrantes_soles * - 1 ) ) * - 1', '<=', '100', 71.00, 4, NULL, NULL, 1, 'admin', '2025-11-27T16:27:02.3885921', 'admin', '2025-11-27T16:27:02.3885927');
INSERT INTO dbo.ScoringCriteria (ScoringCriteriaId, ScaleGroupId, CriteriaCode, CriteriaName, ResultFormula, ComparisonOperator, ExpectedValue, Score, SortOrder, ErrorMessage, SuccessMessage, IsActive, CreatedBy, CreationDate, UpdatedBy, UpdateDate) VALUES ('BCB0CAD7-C617-4EE4-93BB-FC361454C38F', '64266FFA-ABC7-4237-907C-B2C71191B0FB', 'SR-0042', 'CP-Faltantes Netos S/.', 'diferencias:neto_soles * - 1', '>', '50', 69.00, 1, NULL, NULL, 1, 'admin', '2025-11-27T12:32:18.9723126', 'admin', '2025-11-27T12:32:18.9723130');
INSERT INTO dbo.ScoringCriteria (ScoringCriteriaId, ScaleGroupId, CriteriaCode, CriteriaName, ResultFormula, ComparisonOperator, ExpectedValue, Score, SortOrder, ErrorMessage, SuccessMessage, IsActive, CreatedBy, CreationDate, UpdatedBy, UpdateDate) VALUES ('52D3B69F-CE2A-423A-8B4E-FD4987B69625', '64266FFA-ABC7-4237-907C-B2C71191B0FB', 'SR-0036', 'Que la suma de faltantes + sobrantes sea mayor a S/.', '(( diferencias:faltantes_soles ) + ( diferencias:sobrantes_soles * - 1 )) * - 1', '>', '200', 0.00, 14, NULL, NULL, 1, 'admin', '2025-11-27T12:14:24.0228898', 'admin', '2025-11-27T12:14:24.0228902');
INSERT INTO dbo.ScoringCriteria (ScoringCriteriaId, ScaleGroupId, CriteriaCode, CriteriaName, ResultFormula, ComparisonOperator, ExpectedValue, Score, SortOrder, ErrorMessage, SuccessMessage, IsActive, CreatedBy, CreationDate, UpdatedBy, UpdateDate) VALUES ('DF35A71B-1B01-4319-BB5F-FE0DC8E2F8ED', '62E6BB4B-9112-485B-B331-C736E4C832E3', 'SR-0011', 'Casos de incumplimiento en registro del sistema mayor o igual a', 'revisio_cumplimiento:registro_sistema.No', '>=', '2', 0.00, 5, NULL, NULL, 1, 'admin', '2025-11-13T16:58:05.0833333', 'admin', '2025-11-13T16:58:05.0833333');

-- CRITERIA SUB-RESULT

INSERT INTO dbo.CriteriaSubResult (CriteriaSubResultId, ScaleGroupId, CriteriaName, CriteriaCode, ResultFormula, ColorCode, Score, ForSummary, IsActive, CreatedBy, CreationDate, UpdatedBy, UpdateDate) VALUES ('8159E6F5-2E83-4451-9B9B-1233D5938D69', '228CE515-6FDB-4F8A-8F19-D0167B9D3C45', 'Nro observaciones', 'CSR-0020', 'cump_norm:degustacion.x + cump_norm:prueba.x + cump_norm:cortesia.x', '#c62424', NULL, 0, 1, 'admin', '2025-11-13T16:58:05.0833333', 'admin', '2025-11-13T16:58:05.0833333');
INSERT INTO dbo.CriteriaSubResult (CriteriaSubResultId, ScaleGroupId, CriteriaName, CriteriaCode, ResultFormula, ColorCode, Score, ForSummary, IsActive, CreatedBy, CreationDate, UpdatedBy, UpdateDate) VALUES ('DC7FDF1D-8C78-4C75-958F-19178E6F01DD', '87A40461-5D99-472E-B86C-9E801F7173B7', 'Observaciones "Si"', 'CSR-0006', 'rev_cump:pregunta_uno.si + rev_cump:pregunta_dos.si + rev_cump:pregunta_tres.si', '#1e8538', NULL, 0, 1, 'admin', '2025-11-13T16:58:05.0833333', 'admin', '2025-12-02T10:39:31.9529191');
INSERT INTO dbo.CriteriaSubResult (CriteriaSubResultId, ScaleGroupId, CriteriaName, CriteriaCode, ResultFormula, ColorCode, Score, ForSummary, IsActive, CreatedBy, CreationDate, UpdatedBy, UpdateDate) VALUES ('D91F9F3F-F44B-440E-B70E-20037CC4BEB4', '335C76EC-3A8F-4CFF-8593-208A9F27ABDA', 'Observaciones', 'CSR-0014', 'cump_norm:observado.si', '#c31d1d', NULL, 0, 1, 'admin', '2025-11-13T16:58:05.0833333', 'admin', '2025-11-13T16:58:05.0833333');
INSERT INTO dbo.CriteriaSubResult (CriteriaSubResultId, ScaleGroupId, CriteriaName, CriteriaCode, ResultFormula, ColorCode, Score, ForSummary, IsActive, CreatedBy, CreationDate, UpdatedBy, UpdateDate) VALUES ('6E5BD339-F6F3-4936-88B2-31DD98152476', 'A3C72B7D-982B-4377-B181-33FB2A9D15D8', 'Resultado arqueo', 'CSR-0001', 'arqueo_tienda:total_arqueo - fondo_tienda:caja_chica', '#1aa824', NULL, 0, 1, 'admin', '2025-11-13T16:58:05.0833333', 'admin', '2025-12-02T10:12:20.7740480');
INSERT INTO dbo.CriteriaSubResult (CriteriaSubResultId, ScaleGroupId, CriteriaName, CriteriaCode, ResultFormula, ColorCode, Score, ForSummary, IsActive, CreatedBy, CreationDate, UpdatedBy, UpdateDate) VALUES ('4A67E4C9-0EC5-4593-878E-364558EA6B83', '437C3B1B-ED05-4C48-8499-076C88618BD6', 'Faltantes S/.', 'CSR-0033', 'diferencias:faltantes_soles', '#22a5bf', NULL, 0, 1, 'admin', '2025-11-13T16:58:05.0833333', 'admin', '2025-12-02T11:01:04.5981741');
INSERT INTO dbo.CriteriaSubResult (CriteriaSubResultId, ScaleGroupId, CriteriaName, CriteriaCode, ResultFormula, ColorCode, Score, ForSummary, IsActive, CreatedBy, CreationDate, UpdatedBy, UpdateDate) VALUES ('7AA25F8B-5BF0-4AE7-847A-415F20D744D6', '77AEB317-256B-4F47-9BF1-BFE2A3AD3EF2', 'Dif. como % de variación sobre la venta del periodo', 'CSR-0029', 'dif_real:pct_diferencia', '#ab1c1c', NULL, 0, 1, 'admin', '2025-11-13T16:58:05.0833333', 'admin', '2025-12-02T12:00:49.9650475');
INSERT INTO dbo.CriteriaSubResult (CriteriaSubResultId, ScaleGroupId, CriteriaName, CriteriaCode, ResultFormula, ColorCode, Score, ForSummary, IsActive, CreatedBy, CreationDate, UpdatedBy, UpdateDate) VALUES ('BF8E60EB-8C60-4F48-9ED2-511CF578A9D2', '62E6BB4B-9112-485B-B331-C736E4C832E3', 'Cant. Observaciones', 'CSR-0026', 'revisio_cumplimiento:incump_dia_deposito.Si + revisio_cumplimiento:registro_sistema.No + revisio_cumplimiento:deposito_integro.Anomalia', '#d11515', NULL, 1, 1, 'admin', '2025-12-02T10:30:31.1580963', 'admin', '2025-12-02T10:45:00.2088546');
INSERT INTO dbo.CriteriaSubResult (CriteriaSubResultId, ScaleGroupId, CriteriaName, CriteriaCode, ResultFormula, ColorCode, Score, ForSummary, IsActive, CreatedBy, CreationDate, UpdatedBy, UpdateDate) VALUES ('617550CD-A1AA-48B3-9649-54D220C7A4E0', 'B3498FFE-0342-4172-9865-BA5B191A7AF7', 'Observaciones', 'CSR-0013', 'cump_norm:obs.si', '#a02727', NULL, 1, 1, 'admin', '2025-11-13T16:58:05.0833333', 'admin', '2025-12-02T12:08:34.8746122');
INSERT INTO dbo.CriteriaSubResult (CriteriaSubResultId, ScaleGroupId, CriteriaName, CriteriaCode, ResultFormula, ColorCode, Score, ForSummary, IsActive, CreatedBy, CreationDate, UpdatedBy, UpdateDate) VALUES ('4BEE9429-5218-496A-A00C-54F2145A5A16', '0FE32FE6-F6D7-4113-B775-A8B36743047A', 'Dif. como % de variación sobre la venta del periodo', 'CSR-0025', 'inv:porcent_dif', '#b02121', NULL, 1, 1, 'admin', '2025-11-13T16:58:05.0833333', 'admin', '2025-12-02T12:00:24.7653626');
INSERT INTO dbo.CriteriaSubResult (CriteriaSubResultId, ScaleGroupId, CriteriaName, CriteriaCode, ResultFormula, ColorCode, Score, ForSummary, IsActive, CreatedBy, CreationDate, UpdatedBy, UpdateDate) VALUES ('DFD6DC39-4FAF-4C3C-A138-5666F125B798', 'A3C72B7D-982B-4377-B181-33FB2A9D15D8', 'Valor Doc. Inválidos', 'CSR-0002', 'arqueo_tienda:comp_invalidos', '#f2841c', NULL, 0, 1, 'admin', '2025-11-13T16:58:05.0866667', 'admin', '2025-12-02T10:14:30.9836263');
INSERT INTO dbo.CriteriaSubResult (CriteriaSubResultId, ScaleGroupId, CriteriaName, CriteriaCode, ResultFormula, ColorCode, Score, ForSummary, IsActive, CreatedBy, CreationDate, UpdatedBy, UpdateDate) VALUES ('9E217D2D-4329-4240-A02E-68D927C50225', '0A3BB7EB-3CC8-4D11-B9E2-EE7EE119DCB2', 'Cant. Observ. en las HLDV', 'CSR-0017', 'rev_cump:elab_hoja_liq.parcialmente + rev_cump:elab_hoja_liq.no_hicieron + rev_cump:hoja_cuadra.no_cuadra_no_revelado_en_sc_mrcial + rev_cump:hoja_cuadra.no_cuadra_revelado_sc_mrcial_mayor_a_uno', '#c21919', NULL, 1, 1, 'admin', '2025-11-13T16:58:05.0866667', 'admin', '2025-12-02T10:54:11.1580143');
INSERT INTO dbo.CriteriaSubResult (CriteriaSubResultId, ScaleGroupId, CriteriaName, CriteriaCode, ResultFormula, ColorCode, Score, ForSummary, IsActive, CreatedBy, CreationDate, UpdatedBy, UpdateDate) VALUES ('0D2E6DE4-65A0-47DE-818B-6ADFA77B77F7', '64266FFA-ABC7-4237-907C-B2C71191B0FB', 'Faltantes S/.', 'CSR-0031', 'diferencias:faltantes_soles', '#3382cc', NULL, 0, 1, 'admin', '2025-12-02T11:37:14.4069130', 'admin', '2025-12-02T11:37:14.4069278');
INSERT INTO dbo.CriteriaSubResult (CriteriaSubResultId, ScaleGroupId, CriteriaName, CriteriaCode, ResultFormula, ColorCode, Score, ForSummary, IsActive, CreatedBy, CreationDate, UpdatedBy, UpdateDate) VALUES ('52B0803D-CAA2-4FB9-ADF4-6C01839E91BA', '437C3B1B-ED05-4C48-8499-076C88618BD6', 'Neto S/.', 'CSR-0030', 'diferencias:neto_soles', '#dd3c3c', NULL, 0, 1, 'admin', '2025-12-02T11:01:55.1850648', 'admin', '2025-12-02T11:01:55.1850656');
INSERT INTO dbo.CriteriaSubResult (CriteriaSubResultId, ScaleGroupId, CriteriaName, CriteriaCode, ResultFormula, ColorCode, Score, ForSummary, IsActive, CreatedBy, CreationDate, UpdatedBy, UpdateDate) VALUES ('8478CC24-F04F-4DE9-ABF0-6C7B39528E5B', '8963D8F1-E642-4D9F-BEEC-985ABDAFB4B9', 'Observaciones', 'CSR-0012', 'cump_norm:observado.si', '#c43636', NULL, 1, 1, 'admin', '2025-11-13T16:58:05.0866667', 'admin', '2025-12-02T12:08:59.6067227');
INSERT INTO dbo.CriteriaSubResult (CriteriaSubResultId, ScaleGroupId, CriteriaName, CriteriaCode, ResultFormula, ColorCode, Score, ForSummary, IsActive, CreatedBy, CreationDate, UpdatedBy, UpdateDate) VALUES ('A13954F5-ED00-400B-8E51-6DE1930DF3C0', '62E6BB4B-9112-485B-B331-C736E4C832E3', 'Incump. en depósito', 'CSR-0004', 'revisio_cumplimiento:incump_dia_deposito.Si', '#2dd274', NULL, 0, 1, 'admin', '2025-11-13T16:58:05.0866667', 'admin', '2025-12-02T10:31:42.0145974');
INSERT INTO dbo.CriteriaSubResult (CriteriaSubResultId, ScaleGroupId, CriteriaName, CriteriaCode, ResultFormula, ColorCode, Score, ForSummary, IsActive, CreatedBy, CreationDate, UpdatedBy, UpdateDate) VALUES ('A353AB27-EDD2-4050-AD52-6DFA448129EB', '658A508A-F5DF-4DE8-B182-C5191B7346C8', 'Observaciones', 'CSR-0015', 'cump_norm:observado.si', '#ab2626', NULL, 0, 1, 'admin', '2025-11-13T16:58:05.0866667', 'admin', '2025-11-13T16:58:05.0866667');
INSERT INTO dbo.CriteriaSubResult (CriteriaSubResultId, ScaleGroupId, CriteriaName, CriteriaCode, ResultFormula, ColorCode, Score, ForSummary, IsActive, CreatedBy, CreationDate, UpdatedBy, UpdateDate) VALUES ('51B7DD0D-CA15-4570-B47D-79F7181CDE8A', '8EF5F219-4E36-4602-8F37-EB7A36374BC5', 'Observaciones', 'CSR-0016', 'cump_norm:obs.si', '#df1111', NULL, 0, 1, 'admin', '2025-11-13T16:58:05.0866667', 'admin', '2025-11-13T16:58:05.0866667');
INSERT INTO dbo.CriteriaSubResult (CriteriaSubResultId, ScaleGroupId, CriteriaName, CriteriaCode, ResultFormula, ColorCode, Score, ForSummary, IsActive, CreatedBy, CreationDate, UpdatedBy, UpdateDate) VALUES ('DDF5D9FB-F0B7-4D1C-9DAB-86BFC9AA4161', 'A3C72B7D-982B-4377-B181-33FB2A9D15D8', 'Total fondo', 'CSR-0024', 'fondo_tienda:caja_chica', '#2076c5', NULL, 0, 1, 'admin', '2025-12-02T10:14:19.6017645', 'admin', '2025-12-02T10:14:19.6017798');
INSERT INTO dbo.CriteriaSubResult (CriteriaSubResultId, ScaleGroupId, CriteriaName, CriteriaCode, ResultFormula, ColorCode, Score, ForSummary, IsActive, CreatedBy, CreationDate, UpdatedBy, UpdateDate) VALUES ('9AE2A70C-39AF-492D-896A-899A69A2D8AD', '46A21C17-B379-4880-BBBE-55E7D7C8E383', 'En mal estado', 'CSR-0009', 'inv:cond_producto.mal_estado', '#fd9f1c', NULL, 0, 1, 'admin', '2025-11-27T10:38:48.9525318', 'admin', '2025-12-02T11:46:48.7768065');
INSERT INTO dbo.CriteriaSubResult (CriteriaSubResultId, ScaleGroupId, CriteriaName, CriteriaCode, ResultFormula, ColorCode, Score, ForSummary, IsActive, CreatedBy, CreationDate, UpdatedBy, UpdateDate) VALUES ('109D5C2A-2DDC-47FD-B1E1-8EB777236AE0', '2A73C0B1-6DD3-4EF8-A2EA-76142909BDFE', 'Valor Docs. Inválidos', 'CSR-0008', 'arqueo_tienda:comp_invalidos', '#a42828', NULL, 0, 1, 'admin', '2025-11-13T16:58:05.0866667', 'admin', '2025-12-02T10:16:48.3023249');
INSERT INTO dbo.CriteriaSubResult (CriteriaSubResultId, ScaleGroupId, CriteriaName, CriteriaCode, ResultFormula, ColorCode, Score, ForSummary, IsActive, CreatedBy, CreationDate, UpdatedBy, UpdateDate) VALUES ('8D5B28EB-9F20-4C6C-AADF-968568DE237E', '2A73C0B1-6DD3-4EF8-A2EA-76142909BDFE', 'Total fondo', 'CSR-0025', 'fondo_tienda:fondo_sencillo', '#15993c', NULL, 0, 1, 'admin', '2025-12-02T10:19:42.3658957', 'admin', '2025-12-02T10:19:42.3658967');
INSERT INTO dbo.CriteriaSubResult (CriteriaSubResultId, ScaleGroupId, CriteriaName, CriteriaCode, ResultFormula, ColorCode, Score, ForSummary, IsActive, CreatedBy, CreationDate, UpdatedBy, UpdateDate) VALUES ('705A216F-12F7-4561-9101-9D82FC3D3164', '46A21C17-B379-4880-BBBE-55E7D7C8E383', 'Cant. Casos con observación', 'CSR-0033', 'inv:cond_producto.vencido + inv:cond_producto.mal_estado', '#138ec3', NULL, 0, 1, 'admin', '2025-12-02T11:48:06.6683160', 'admin', '2025-12-02T11:48:23.4528563');
INSERT INTO dbo.CriteriaSubResult (CriteriaSubResultId, ScaleGroupId, CriteriaName, CriteriaCode, ResultFormula, ColorCode, Score, ForSummary, IsActive, CreatedBy, CreationDate, UpdatedBy, UpdateDate) VALUES ('E812BC0D-7F13-4E17-86EF-9F9016B23078', '9C959014-5A7A-4F59-B2A5-61E2334EE9E4', 'Total diferencias de inventarios S/.', 'CSR-0023', 'inv:total', '#c62424', NULL, 1, 1, 'admin', '2025-11-13T16:58:05.0866667', 'admin', '2025-12-02T11:44:48.4694088');
INSERT INTO dbo.CriteriaSubResult (CriteriaSubResultId, ScaleGroupId, CriteriaName, CriteriaCode, ResultFormula, ColorCode, Score, ForSummary, IsActive, CreatedBy, CreationDate, UpdatedBy, UpdateDate) VALUES ('8BF3FBAA-60D8-4E18-8EB4-A08C7D886802', '62E6BB4B-9112-485B-B331-C736E4C832E3', 'Reg. en sistema (No)', 'CSR-0003', 'revisio_cumplimiento:registro_sistema.No', '#ee5e11', NULL, 0, 1, 'admin', '2025-11-13T16:58:05.0866667', 'admin', '2025-12-02T10:32:31.9698608');
INSERT INTO dbo.CriteriaSubResult (CriteriaSubResultId, ScaleGroupId, CriteriaName, CriteriaCode, ResultFormula, ColorCode, Score, ForSummary, IsActive, CreatedBy, CreationDate, UpdatedBy, UpdateDate) VALUES ('A5A0CD6B-9022-489F-8C1B-A1BD2DAF7E08', 'A3A7AA02-5770-400D-A235-31636E192121', 'No firmados', 'CSR-0019', 'cump_norm_dos:firmados.no', '#a70c0c', NULL, 0, 1, 'admin', '2025-11-13T16:58:05.0866667', 'admin', '2025-11-13T16:58:05.0866667');
INSERT INTO dbo.CriteriaSubResult (CriteriaSubResultId, ScaleGroupId, CriteriaName, CriteriaCode, ResultFormula, ColorCode, Score, ForSummary, IsActive, CreatedBy, CreationDate, UpdatedBy, UpdateDate) VALUES ('A988FCD3-5809-41DC-867E-A46131D06831', '16DBC1C4-B916-440C-866D-E5B10608DD4A', 'Dif. como % de variación sobre la venta del periodo', 'CSR-0031', 'rev_nivel_dife_real_sazon:porc_dif', '#e22828', NULL, 0, 1, 'admin', '2025-11-13T16:58:05.0866667', 'admin', '2025-12-02T12:01:39.7158780');
INSERT INTO dbo.CriteriaSubResult (CriteriaSubResultId, ScaleGroupId, CriteriaName, CriteriaCode, ResultFormula, ColorCode, Score, ForSummary, IsActive, CreatedBy, CreationDate, UpdatedBy, UpdateDate) VALUES ('741CA7C6-05D0-4838-AD27-A625A976865E', '437C3B1B-ED05-4C48-8499-076C88618BD6', 'Sobrantes S/.', 'CSR-0029', 'diferencias:sobrantes_soles', '#1d9a60', NULL, 0, 1, 'admin', '2025-12-02T11:01:33.7877105', 'admin', '2025-12-02T11:01:33.7877115');
INSERT INTO dbo.CriteriaSubResult (CriteriaSubResultId, ScaleGroupId, CriteriaName, CriteriaCode, ResultFormula, ColorCode, Score, ForSummary, IsActive, CreatedBy, CreationDate, UpdatedBy, UpdateDate) VALUES ('990CD93D-6E41-466A-A17E-A93AD024415F', '46A21C17-B379-4880-BBBE-55E7D7C8E383', 'Vencido', 'CSR-0010', 'inv:cond_producto.vencido', '#e72323', NULL, 0, 1, 'admin', '2025-11-27T10:39:07.2737765', 'admin', '2025-12-02T11:46:54.7114950');
INSERT INTO dbo.CriteriaSubResult (CriteriaSubResultId, ScaleGroupId, CriteriaName, CriteriaCode, ResultFormula, ColorCode, Score, ForSummary, IsActive, CreatedBy, CreationDate, UpdatedBy, UpdateDate) VALUES ('FBF8195D-E718-416B-AD68-ACA015C027D6', '44E5865F-7271-4D14-974B-2297B23946EB', 'Total diferencias por sustentar S/.', 'CSR-0022', 'invent:total', '#9f2323', NULL, 1, 1, 'admin', '2025-11-13T16:58:05.0866667', 'admin', '2025-12-02T11:39:27.6536838');
INSERT INTO dbo.CriteriaSubResult (CriteriaSubResultId, ScaleGroupId, CriteriaName, CriteriaCode, ResultFormula, ColorCode, Score, ForSummary, IsActive, CreatedBy, CreationDate, UpdatedBy, UpdateDate) VALUES ('D0311727-F81E-4D27-B2D2-AF4760E1A93E', 'DF93B3E9-7EEE-40C8-B8EE-78254D69B8AB', 'Cant. Pollos faltantes(-)/sobrantes(+))', 'CSR-0028', 'ivn_dif_pollo:dif_pollos', '#aa1d1d', NULL, 1, 1, 'admin', '2025-11-13T16:58:05.0866667', 'admin', '2025-12-02T11:49:59.3579039');
INSERT INTO dbo.CriteriaSubResult (CriteriaSubResultId, ScaleGroupId, CriteriaName, CriteriaCode, ResultFormula, ColorCode, Score, ForSummary, IsActive, CreatedBy, CreationDate, UpdatedBy, UpdateDate) VALUES ('1ED9AFD7-1761-4730-92D1-B2673E490DFA', '64266FFA-ABC7-4237-907C-B2C71191B0FB', 'Neto S/.', 'CSR-0034', 'diferencias:neto_soles', '#9d2a2a', NULL, 0, 1, 'admin', '2025-11-13T16:58:05.0866667', 'admin', '2025-12-02T11:36:50.7697522');
INSERT INTO dbo.CriteriaSubResult (CriteriaSubResultId, ScaleGroupId, CriteriaName, CriteriaCode, ResultFormula, ColorCode, Score, ForSummary, IsActive, CreatedBy, CreationDate, UpdatedBy, UpdateDate) VALUES ('7AD5C6CB-10BF-4168-B25F-C6F0C2DC5E21', 'A3A7AA02-5770-400D-A235-31636E192121', 'Total diferencias', 'CSR-0018', 'cump_norm_uno:diferencia', '#1981ae', NULL, 0, 1, 'admin', '2025-11-13T16:58:05.0866667', 'admin', '2025-11-13T16:58:05.0866667');
INSERT INTO dbo.CriteriaSubResult (CriteriaSubResultId, ScaleGroupId, CriteriaName, CriteriaCode, ResultFormula, ColorCode, Score, ForSummary, IsActive, CreatedBy, CreationDate, UpdatedBy, UpdateDate) VALUES ('6FBC96D4-00E9-4CC7-A627-C82B826890CE', '64266FFA-ABC7-4237-907C-B2C71191B0FB', 'Sobrantes S/.', 'CSR-0032', 'diferencias:sobrantes_soles', '#2ab245', NULL, 0, 1, 'admin', '2025-12-02T11:37:40.0692698', 'admin', '2025-12-02T11:37:40.0692704');
INSERT INTO dbo.CriteriaSubResult (CriteriaSubResultId, ScaleGroupId, CriteriaName, CriteriaCode, ResultFormula, ColorCode, Score, ForSummary, IsActive, CreatedBy, CreationDate, UpdatedBy, UpdateDate) VALUES ('AAE36E58-CD63-4376-B854-D022B3FD6929', '228CE515-6FDB-4F8A-8F19-D0167B9D3C45', 'Excepciones', 'CSR-0021', 'cump_norm:degustacion.excep + cump_norm:prueba.excep + cump_norm:cortesia.excep', '#158a17', NULL, 0, 1, 'admin', '2025-11-13T16:58:05.0866667', 'admin', '2025-11-13T16:58:05.0866667');
INSERT INTO dbo.CriteriaSubResult (CriteriaSubResultId, ScaleGroupId, CriteriaName, CriteriaCode, ResultFormula, ColorCode, Score, ForSummary, IsActive, CreatedBy, CreationDate, UpdatedBy, UpdateDate) VALUES ('008F9A43-09EC-4677-B368-D30C062B02EC', '87A40461-5D99-472E-B86C-9E801F7173B7', 'Nro de Observaciones', 'CSR-0028', 'rev_cump:pregunta_uno.no + rev_cump:pregunta_dos.no + rev_cump:pregunta_tres.no + rev_cump:pregunta_dos.si', '#d91c1c', NULL, 1, 1, 'admin', '2025-12-02T10:38:53.2975634', 'admin', '2025-12-02T10:45:39.2787360');
INSERT INTO dbo.CriteriaSubResult (CriteriaSubResultId, ScaleGroupId, CriteriaName, CriteriaCode, ResultFormula, ColorCode, Score, ForSummary, IsActive, CreatedBy, CreationDate, UpdatedBy, UpdateDate) VALUES ('CC283A9F-37A9-4254-AA35-EAE49B3B45F1', 'D64BD028-45D1-4620-9F79-4D91B25F4096', 'No firmados', 'CSR-0009', 'revi_cump_dos:firmados.no', '#b21515', NULL, 0, 1, 'admin', '2025-11-13T16:58:05.0866667', 'admin', '2025-11-13T16:58:05.0866667');
INSERT INTO dbo.CriteriaSubResult (CriteriaSubResultId, ScaleGroupId, CriteriaName, CriteriaCode, ResultFormula, ColorCode, Score, ForSummary, IsActive, CreatedBy, CreationDate, UpdatedBy, UpdateDate) VALUES ('363210D7-1C39-4F18-8077-EC40556ED3DE', 'D64BD028-45D1-4620-9F79-4D91B25F4096', 'Diferencia acumulada', 'CSR-0010', 'revi_cump_uno:diferencia', '#1d8cc3', NULL, 0, 1, 'admin', '2025-11-13T16:58:05.0866667', 'admin', '2025-11-13T16:58:05.0866667');
INSERT INTO dbo.CriteriaSubResult (CriteriaSubResultId, ScaleGroupId, CriteriaName, CriteriaCode, ResultFormula, ColorCode, Score, ForSummary, IsActive, CreatedBy, CreationDate, UpdatedBy, UpdateDate) VALUES ('7DC53A77-99C2-43B3-BC3B-EC5955B05C8A', '87A40461-5D99-472E-B86C-9E801F7173B7', 'Observaciones "No"', 'CSR-0005', 'rev_cump:pregunta_uno.no + rev_cump:pregunta_dos.no + rev_cump:pregunta_tres.no', '#269cab', NULL, 0, 1, 'admin', '2025-11-13T16:58:05.0866667', 'admin', '2025-12-02T10:39:25.7631735');
INSERT INTO dbo.CriteriaSubResult (CriteriaSubResultId, ScaleGroupId, CriteriaName, CriteriaCode, ResultFormula, ColorCode, Score, ForSummary, IsActive, CreatedBy, CreationDate, UpdatedBy, UpdateDate) VALUES ('12085432-170C-41C4-AC8F-ECFC5E4357B0', '2A73C0B1-6DD3-4EF8-A2EA-76142909BDFE', 'Resultado arqueo', 'CSR-0007', 'arqueo_tienda:total_arqueo - fondo_tienda:fondo_sencillo', '#309cdf', NULL, 0, 1, 'admin', '2025-11-13T16:58:05.0866667', 'admin', '2025-12-02T10:17:37.8783744');
INSERT INTO dbo.CriteriaSubResult (CriteriaSubResultId, ScaleGroupId, CriteriaName, CriteriaCode, ResultFormula, ColorCode, Score, ForSummary, IsActive, CreatedBy, CreationDate, UpdatedBy, UpdateDate) VALUES ('93D43777-727A-4113-AF8D-EE1FF1B8344B', '62E6BB4B-9112-485B-B331-C736E4C832E3', 'Depos. integro (Anomalía)', 'CSR-0027', 'revisio_cumplimiento:deposito_integro.Anomalia', '#1d87c9', NULL, 0, 1, 'admin', '2025-12-02T10:33:27.8747001', 'admin', '2025-12-02T10:33:53.0853161');
INSERT INTO dbo.CriteriaSubResult (CriteriaSubResultId, ScaleGroupId, CriteriaName, CriteriaCode, ResultFormula, ColorCode, Score, ForSummary, IsActive, CreatedBy, CreationDate, UpdatedBy, UpdateDate) VALUES ('74DF7A70-FCD2-4BB3-ABD4-F43C23641FD0', '74E60725-492E-40CA-B99A-9B177A96A3C4', 'Observaciones', 'CSR-0011', 'cump_norm:observado.si', '#d21e1e', NULL, 1, 1, 'admin', '2025-11-13T16:58:05.0866667', 'admin', '2025-12-02T12:09:16.3254548');
INSERT INTO dbo.CriteriaSubResult (CriteriaSubResultId, ScaleGroupId, CriteriaName, CriteriaCode, ResultFormula, ColorCode, Score, ForSummary, IsActive, CreatedBy, CreationDate, UpdatedBy, UpdateDate) VALUES ('C5F76EBB-96AD-42FF-BB89-F815D63CA1C1', '40FED23C-B2F7-40C0-B36E-B21B1874E779', 'Dif. como % de variación sobre la venta del periodo', 'CSR-0024', 'inv:porcent_dife', '#af2828', NULL, 1, 1, 'admin', '2025-11-13T16:58:05.0866667', 'admin', '2025-12-02T11:59:56.2024334');

--TABLESCALE TEMPLATE

INSERT INTO dbo.TableScaleTemplate (TableScaleTemplateId, ScaleGroupId, Code, Name, Orientation, SortOrder, TemplateData, IsActive, CreatedBy, CreationDate, UpdatedBy, UpdateDate) VALUES ('B975B8B6-F6D0-4D56-BEC7-094C4A788B5F', 'A3A7AA02-5770-400D-A235-31636E192121', 'cump_norm_uno', 'Tabla 1: Revisión de cumplimiento de procedimientos de aplicación de descuentos de INVENTARIO en sistema tareo', 'H', 1, '{}', 1, 'admin', '2025-11-13T16:58:05.0866667', 'admin', '2025-11-13T16:58:05.0866667');
INSERT INTO dbo.TableScaleTemplate (TableScaleTemplateId, ScaleGroupId, Code, Name, Orientation, SortOrder, TemplateData, IsActive, CreatedBy, CreationDate, UpdatedBy, UpdateDate) VALUES ('46B9E394-42A3-4705-BDE2-0B5E475A02B3', '0FE32FE6-F6D7-4113-B775-A8B36743047A', 'inv', 'Revision de nivel de diferencias reales de Lechuga- Var% sobre VTA', 'H', 1, '{}', 1, 'admin', '2025-11-13T16:58:05.0866667', 'admin', '2025-11-17T23:11:38.9930368');
INSERT INTO dbo.TableScaleTemplate (TableScaleTemplateId, ScaleGroupId, Code, Name, Orientation, SortOrder, TemplateData, IsActive, CreatedBy, CreationDate, UpdatedBy, UpdateDate) VALUES ('639F051C-5AD5-4110-8B7F-0CAB7E346F3C', '658A508A-F5DF-4DE8-B182-C5191B7346C8', 'cump_norm', 'Revision de Cumplimiento de Registro de Salidas y Transferencias de Mercaderia', 'H', 1, '{}', 1, 'admin', '2025-11-13T16:58:05.0866667', 'admin', '2025-11-13T16:58:05.0866667');
INSERT INTO dbo.TableScaleTemplate (TableScaleTemplateId, ScaleGroupId, Code, Name, Orientation, SortOrder, TemplateData, IsActive, CreatedBy, CreationDate, UpdatedBy, UpdateDate) VALUES ('F20556B2-0D00-4DCE-ACAA-1B1021203E0A', '44E5865F-7271-4D14-974B-2297B23946EB', 'invent', 'Resultado de diferencias de Inventarios por sustentar', 'H', 1, '{}', 1, 'admin', '2025-11-13T16:58:05.0866667', 'admin', '2025-11-13T16:58:05.0866667');
INSERT INTO dbo.TableScaleTemplate (TableScaleTemplateId, ScaleGroupId, Code, Name, Orientation, SortOrder, TemplateData, IsActive, CreatedBy, CreationDate, UpdatedBy, UpdateDate) VALUES ('AC17F068-EF70-49BC-9554-1FB07835DD69', 'A3C72B7D-982B-4377-B181-33FB2A9D15D8', 'arqueo_tienda', 'Arqueo Tienda', 'V', 2, '{}', 1, 'admin', '2025-11-13T16:58:05.0866667', 'admin', '2025-11-13T16:58:05.0866667');
INSERT INTO dbo.TableScaleTemplate (TableScaleTemplateId, ScaleGroupId, Code, Name, Orientation, SortOrder, TemplateData, IsActive, CreatedBy, CreationDate, UpdatedBy, UpdateDate) VALUES ('63F978E1-BB59-44AB-9164-21CBDA4BBD2B', '74E60725-492E-40CA-B99A-9B177A96A3C4', 'cump_norm', 'Revision de Cumplimiento de Uso Correcto de Sellado de Documentos de Ingresos de Mercaderías', 'H', 1, '{}', 1, 'admin', '2025-11-13T16:58:05.0866667', 'admin', '2025-11-13T16:58:05.0866667');
INSERT INTO dbo.TableScaleTemplate (TableScaleTemplateId, ScaleGroupId, Code, Name, Orientation, SortOrder, TemplateData, IsActive, CreatedBy, CreationDate, UpdatedBy, UpdateDate) VALUES ('138FA4BB-712B-4CCD-B041-263316C32637', '64266FFA-ABC7-4237-907C-B2C71191B0FB', 'rank_faltantes', 'Ranking faltantes en S/', 'H', 2, '{}', 1, 'admin', '2025-11-13T16:58:05.0866667', 'admin', '2025-11-13T16:58:05.0866667');
INSERT INTO dbo.TableScaleTemplate (TableScaleTemplateId, ScaleGroupId, Code, Name, Orientation, SortOrder, TemplateData, IsActive, CreatedBy, CreationDate, UpdatedBy, UpdateDate) VALUES ('f81bdc42-e8b1-4cb8-a87f-29f30d4f8583', '8ef5f219-4e36-4602-8f37-eb7a36374bc5', 'cump_norm', 'Revisión de cumplimiento de aprobación previa y evidenciable, para transaferencias de mercaderias entre tiendas (TMSA=Transferencia de Mercaderia Sin Aprobación)', 'H', 1, '{}', 1, 'admin', '2025-11-13T16:58:05.0866667', 'admin', '2025-11-13T16:58:05.0866667');
INSERT INTO dbo.TableScaleTemplate (TableScaleTemplateId, ScaleGroupId, Code, Name, Orientation, SortOrder, TemplateData, IsActive, CreatedBy, CreationDate, UpdatedBy, UpdateDate) VALUES ('C9C009BF-7417-4240-A295-2EF1D4BDEB9F', '64266FFA-ABC7-4237-907C-B2C71191B0FB', 'rank_sobrantes', 'Ranking sobrantes en S/', 'H', 3, '{}', 1, 'admin', '2025-11-13T16:58:05.0866667', 'admin', '2025-11-13T16:58:05.0866667');
INSERT INTO dbo.TableScaleTemplate (TableScaleTemplateId, ScaleGroupId, Code, Name, Orientation, SortOrder, TemplateData, IsActive, CreatedBy, CreationDate, UpdatedBy, UpdateDate) VALUES ('E3CEB7C8-8EC6-43C5-8C4A-3204460F6807', '87A40461-5D99-472E-B86C-9E801F7173B7', 'rev_cump', 'Revisión de Cumplimiento de cuadre de cuenta corriente de Tienda - Gestión de Observaciones y Descuadres', 'H', 1, '{}', 1, 'admin', '2025-11-13T16:58:05.0866667', 'admin', '2025-11-13T16:58:05.0866667');
INSERT INTO dbo.TableScaleTemplate (TableScaleTemplateId, ScaleGroupId, Code, Name, Orientation, SortOrder, TemplateData, IsActive, CreatedBy, CreationDate, UpdatedBy, UpdateDate) VALUES ('3F6DA6B5-553C-40EB-90AD-338EFF4B4513', '2A73C0B1-6DD3-4EF8-A2EA-76142909BDFE', 'justi_sobrantes', 'Justificación de sobrantes', 'H', 4, '{}', 1, 'admin', '2025-11-13T16:58:05.0866667', 'admin', '2025-11-13T16:58:05.0866667');
INSERT INTO dbo.TableScaleTemplate (TableScaleTemplateId, ScaleGroupId, Code, Name, Orientation, SortOrder, TemplateData, IsActive, CreatedBy, CreationDate, UpdatedBy, UpdateDate) VALUES ('5F5BDC64-F471-464A-B0BC-3A2CF9914A0C', 'A3C72B7D-982B-4377-B181-33FB2A9D15D8', 'comprobantes_invalidos', 'Comprobantes inválidos', 'H', 3, '{}', 1, 'admin', '2025-11-13T16:58:05.0866667', 'admin', '2025-11-13T16:58:05.0866667');
INSERT INTO dbo.TableScaleTemplate (TableScaleTemplateId, ScaleGroupId, Code, Name, Orientation, SortOrder, TemplateData, IsActive, CreatedBy, CreationDate, UpdatedBy, UpdateDate) VALUES ('F72E9495-B6EC-4A26-900C-409B64454242', '2A73C0B1-6DD3-4EF8-A2EA-76142909BDFE', 'fondo_tienda', 'Fondo de Tienda', 'V', 1, '{}', 1, 'admin', '2025-11-13T16:58:05.0866667', 'admin', '2025-11-13T16:58:05.0866667');
INSERT INTO dbo.TableScaleTemplate (TableScaleTemplateId, ScaleGroupId, Code, Name, Orientation, SortOrder, TemplateData, IsActive, CreatedBy, CreationDate, UpdatedBy, UpdateDate) VALUES ('07C06AB6-2A24-49E7-A976-48EBD049D970', '437C3B1B-ED05-4C48-8499-076C88618BD6', 'rank_faltantes', 'Ranking faltante soles', 'H', 5, '{}', 1, 'admin', '2025-11-17T22:40:48.1909596', 'admin', '2025-11-27T14:59:04.0367341');
INSERT INTO dbo.TableScaleTemplate (TableScaleTemplateId, ScaleGroupId, Code, Name, Orientation, SortOrder, TemplateData, IsActive, CreatedBy, CreationDate, UpdatedBy, UpdateDate) VALUES ('7AF24E1C-7117-4C57-8E10-4A3D883145CB', 'D64BD028-45D1-4620-9F79-4D91B25F4096', 'revi_cump_uno', 'Revision de cumplimiento de procedimientos de aplicación de descuentos de caja en sistema tareo (Tabla 1)', 'H', 1, '{}', 1, 'admin', '2025-11-13T16:58:05.0866667', 'admin', '2025-11-13T16:58:05.0866667');
INSERT INTO dbo.TableScaleTemplate (TableScaleTemplateId, ScaleGroupId, Code, Name, Orientation, SortOrder, TemplateData, IsActive, CreatedBy, CreationDate, UpdatedBy, UpdateDate) VALUES ('4B1EBA56-1DB9-4BDF-BF0B-561EA11A5034', '228CE515-6FDB-4F8A-8F19-D0167B9D3C45', 'cump_norm', 'Revision de cumplimiento de procedimientos de cuadres diarios de insumos principales (X=no cuadro)', 'H', 1, '{}', 1, 'admin', '2025-11-13T16:58:05.0866667', 'admin', '2025-11-13T16:58:05.0866667');
INSERT INTO dbo.TableScaleTemplate (TableScaleTemplateId, ScaleGroupId, Code, Name, Orientation, SortOrder, TemplateData, IsActive, CreatedBy, CreationDate, UpdatedBy, UpdateDate) VALUES ('52E09CAE-5BD4-42A0-8F3D-67FA7E0F65C2', 'A3C72B7D-982B-4377-B181-33FB2A9D15D8', 'justificacion_sobrantes', 'Justificación sobrante', 'H', 4, '{}', 1, 'admin', '2025-11-13T16:58:05.0866667', 'admin', '2025-11-13T16:58:05.0866667');
INSERT INTO dbo.TableScaleTemplate (TableScaleTemplateId, ScaleGroupId, Code, Name, Orientation, SortOrder, TemplateData, IsActive, CreatedBy, CreationDate, UpdatedBy, UpdateDate) VALUES ('9E2BE3E0-6B7B-41C8-9542-83DCBD99D26C', '64266FFA-ABC7-4237-907C-B2C71191B0FB', 'rank_neto', 'Ranking neto en S/', 'H', 4, '{}', 1, 'admin', '2025-11-17T17:08:52.7827464', 'admin', '2025-11-17T17:08:52.7827476');
INSERT INTO dbo.TableScaleTemplate (TableScaleTemplateId, ScaleGroupId, Code, Name, Orientation, SortOrder, TemplateData, IsActive, CreatedBy, CreationDate, UpdatedBy, UpdateDate) VALUES ('5B8AB8F3-04A1-48A3-A410-8C36BED23138', '2A73C0B1-6DD3-4EF8-A2EA-76142909BDFE', 'comp_invalidos', 'Comprobantes Inválidos', 'H', 3, '{}', 1, 'admin', '2025-11-13T16:58:05.0866667', 'admin', '2025-11-13T16:58:05.0866667');
INSERT INTO dbo.TableScaleTemplate (TableScaleTemplateId, ScaleGroupId, Code, Name, Orientation, SortOrder, TemplateData, IsActive, CreatedBy, CreationDate, UpdatedBy, UpdateDate) VALUES ('EE26B3CF-385A-4EBC-9396-8C4222BC2354', 'D64BD028-45D1-4620-9F79-4D91B25F4096', 'revi_cump_dos', 'Revision de cumplimiento de procedimientos de aplicación de descuentos de caja en sistema tareo (Tabla 2)', 'H', 2, '{}', 1, 'admin', '2025-11-13T16:58:05.0866667', 'admin', '2025-11-13T16:58:05.0866667');
INSERT INTO dbo.TableScaleTemplate (TableScaleTemplateId, ScaleGroupId, Code, Name, Orientation, SortOrder, TemplateData, IsActive, CreatedBy, CreationDate, UpdatedBy, UpdateDate) VALUES ('710FA9E3-FD8D-4DBA-85BA-995795E08170', '40FED23C-B2F7-40C0-B36E-B21B1874E779', 'inv', 'Revision de nivel de diferencias reales de Papa - Var% sobre VTA', 'H', 1, '{}', 1, 'admin', '2025-11-13T16:58:05.0866667', 'admin', '2025-11-13T16:58:05.0866667');
INSERT INTO dbo.TableScaleTemplate (TableScaleTemplateId, ScaleGroupId, Code, Name, Orientation, SortOrder, TemplateData, IsActive, CreatedBy, CreationDate, UpdatedBy, UpdateDate) VALUES ('6AED8114-081F-4694-B24C-A26E7929F14A', '46A21C17-B379-4880-BBBE-55E7D7C8E383', 'inv', 'Revisión de Fecha de Caducidad de Productos', 'H', 1, '{}', 1, 'admin', '2025-11-13T16:58:05.0866667', 'admin', '2025-11-13T16:58:05.0866667');
INSERT INTO dbo.TableScaleTemplate (TableScaleTemplateId, ScaleGroupId, Code, Name, Orientation, SortOrder, TemplateData, IsActive, CreatedBy, CreationDate, UpdatedBy, UpdateDate) VALUES ('8CB99D27-6A5A-4206-BBA9-A2B24141708A', 'DF93B3E9-7EEE-40C8-B8EE-78254D69B8AB', 'ivn_dif_pollo', 'Revision de nivel de diferencias reales de Pollo', 'H', 1, '{}', 1, 'admin', '2025-11-13T16:58:05.0866667', 'admin', '2025-11-13T16:58:05.0866667');
INSERT INTO dbo.TableScaleTemplate (TableScaleTemplateId, ScaleGroupId, Code, Name, Orientation, SortOrder, TemplateData, IsActive, CreatedBy, CreationDate, UpdatedBy, UpdateDate) VALUES ('B681099A-A5ED-4E02-BD57-B57361E09EF0', 'A3C72B7D-982B-4377-B181-33FB2A9D15D8', 'fondo_tienda', 'Fondo Tienda', 'V', 1, '{}', 1, 'admin', '2025-11-13T16:58:05.0866667', 'admin', '2025-11-13T16:58:05.0866667');
INSERT INTO dbo.TableScaleTemplate (TableScaleTemplateId, ScaleGroupId, Code, Name, Orientation, SortOrder, TemplateData, IsActive, CreatedBy, CreationDate, UpdatedBy, UpdateDate) VALUES ('188690D7-B460-488D-84C1-B74937FFBDD8', 'A3A7AA02-5770-400D-A235-31636E192121', 'cump_norm_dos', 'Tabla 2: Revisión de cumplimiento de procedimientos de aplicación de descuentos de INVENTARIO en sistema tareo', 'H', 2, '{}', 1, 'admin', '2025-11-13T16:58:05.0866667', 'admin', '2025-11-13T16:58:05.0866667');
INSERT INTO dbo.TableScaleTemplate (TableScaleTemplateId, ScaleGroupId, Code, Name, Orientation, SortOrder, TemplateData, IsActive, CreatedBy, CreationDate, UpdatedBy, UpdateDate) VALUES ('C31B3244-2A5C-41AE-9950-B79109D974F5', '437C3B1B-ED05-4C48-8499-076C88618BD6', 'diferencias', 'Resultado de diferencias de Inventarios en Almacen Central (Fisico Vs Sistema)', 'H', 1, '{}', 1, 'admin', '2025-11-13T16:58:05.0866667', 'admin', '2025-11-13T16:58:05.0866667');
INSERT INTO dbo.TableScaleTemplate (TableScaleTemplateId, ScaleGroupId, Code, Name, Orientation, SortOrder, TemplateData, IsActive, CreatedBy, CreationDate, UpdatedBy, UpdateDate) VALUES ('788DB008-B705-4CFA-83FE-B8E5E49BC31C', '8963D8F1-E642-4D9F-BEEC-985ABDAFB4B9', 'cump_norm', 'Revision de Casos de Variación de Precios en Sistema Vs Real por Registro Extemporaneo de Documento', 'H', 1, '{}', 1, 'admin', '2025-11-13T16:58:05.0866667', 'admin', '2025-11-13T16:58:05.0866667');
INSERT INTO dbo.TableScaleTemplate (TableScaleTemplateId, ScaleGroupId, Code, Name, Orientation, SortOrder, TemplateData, IsActive, CreatedBy, CreationDate, UpdatedBy, UpdateDate) VALUES ('F3811101-AC19-4952-AE67-BD7EAF18CCFB', '437C3B1B-ED05-4C48-8499-076C88618BD6', 'rank_neto', 'Ranking neto en S/.', 'H', 4, '{}', 1, 'admin', '2025-11-13T16:58:05.0866667', 'admin', '2025-11-27T14:58:55.9096396');
INSERT INTO dbo.TableScaleTemplate (TableScaleTemplateId, ScaleGroupId, Code, Name, Orientation, SortOrder, TemplateData, IsActive, CreatedBy, CreationDate, UpdatedBy, UpdateDate) VALUES ('03827B06-2E75-4DC5-BA6F-C0CCACD51275', '437C3B1B-ED05-4C48-8499-076C88618BD6', 'rank_sobrantes', 'Ranking sobrantes en S/', 'H', 3, '{}', 1, 'admin', '2025-11-13T16:58:05.0866667', 'admin', '2025-11-27T14:58:40.6207425');
INSERT INTO dbo.TableScaleTemplate (TableScaleTemplateId, ScaleGroupId, Code, Name, Orientation, SortOrder, TemplateData, IsActive, CreatedBy, CreationDate, UpdatedBy, UpdateDate) VALUES ('7EFA860D-15ED-4076-AB0E-C8F5FC366321', '335C76EC-3A8F-4CFF-8593-208A9F27ABDA', 'cump_norm', 'Revision de Cumplimiento de Registro de Ingresos de Mercadería', 'H', 1, '{}', 1, 'admin', '2025-11-13T16:58:05.0866667', 'admin', '2025-11-13T16:58:05.0866667');
INSERT INTO dbo.TableScaleTemplate (TableScaleTemplateId, ScaleGroupId, Code, Name, Orientation, SortOrder, TemplateData, IsActive, CreatedBy, CreationDate, UpdatedBy, UpdateDate) VALUES ('D09F6B29-3BA7-47EC-8F02-CAAB9A8C0A63', '16DBC1C4-B916-440C-866D-E5B10608DD4A', 'rev_nivel_dife_real_sazon', 'Revision de nivel de diferencias reales de Sazon - Var% sobre VTA', 'H', 1, '{}', 1, 'admin', '2025-11-13T16:58:05.0866667', 'admin', '2025-11-13T16:58:05.0866667');
INSERT INTO dbo.TableScaleTemplate (TableScaleTemplateId, ScaleGroupId, Code, Name, Orientation, SortOrder, TemplateData, IsActive, CreatedBy, CreationDate, UpdatedBy, UpdateDate) VALUES ('BB05A45A-54AF-47F3-83FF-CE474D0D4CC3', '77AEB317-256B-4F47-9BF1-BFE2A3AD3EF2', 'dif_real', 'Revision de nivel de diferencias reales de Aji - Var% sobre VTA', 'H', 1, '{}', 1, 'admin', '2025-11-13T16:58:05.0866667', 'admin', '2025-11-13T16:58:05.0866667');
INSERT INTO dbo.TableScaleTemplate (TableScaleTemplateId, ScaleGroupId, Code, Name, Orientation, SortOrder, TemplateData, IsActive, CreatedBy, CreationDate, UpdatedBy, UpdateDate) VALUES ('BEF36B90-3A98-4E5E-B082-D5A06CECBD56', 'B3498FFE-0342-4172-9865-BA5B191A7AF7', 'cump_norm', 'Revision de Cumplimiento de Proceso de Venta de Aceite Quemado', 'H', 1, '{}', 1, 'admin', '2025-11-13T16:58:05.0866667', 'admin', '2025-11-13T16:58:05.0866667');
INSERT INTO dbo.TableScaleTemplate (TableScaleTemplateId, ScaleGroupId, Code, Name, Orientation, SortOrder, TemplateData, IsActive, CreatedBy, CreationDate, UpdatedBy, UpdateDate) VALUES ('B6661C01-045D-484B-8EA1-D689518C081F', '2A73C0B1-6DD3-4EF8-A2EA-76142909BDFE', 'arqueo_tienda', 'Arqueo Tienda/Restaurante', 'V', 2, '{}', 1, 'admin', '2025-11-13T16:58:05.0866667', 'admin', '2025-11-13T16:58:05.0866667');
INSERT INTO dbo.TableScaleTemplate (TableScaleTemplateId, ScaleGroupId, Code, Name, Orientation, SortOrder, TemplateData, IsActive, CreatedBy, CreationDate, UpdatedBy, UpdateDate) VALUES ('E6195349-5BFD-4E6C-A55F-E0A8C447CF35', '62E6BB4B-9112-485B-B331-C736E4C832E3', 'revisio_cumplimiento', 'Revision de cumplimiento de procedimientos depósitos de dinero', 'H', 1, '{}', 1, 'admin', '2025-11-13T16:58:05.0866667', 'admin', '2025-11-13T16:58:05.0866667');
INSERT INTO dbo.TableScaleTemplate (TableScaleTemplateId, ScaleGroupId, Code, Name, Orientation, SortOrder, TemplateData, IsActive, CreatedBy, CreationDate, UpdatedBy, UpdateDate) VALUES ('A0C80AE0-4FA2-45C4-B995-E4EAFE551D5B', '9C959014-5A7A-4F59-B2A5-61E2334EE9E4', 'inv', 'Resultado de diferencias de Inventarios aplicados como descuentos', 'H', 1, '{}', 1, 'admin', '2025-11-13T16:58:05.0866667', 'admin', '2025-11-13T16:58:05.0866667');
INSERT INTO dbo.TableScaleTemplate (TableScaleTemplateId, ScaleGroupId, Code, Name, Orientation, SortOrder, TemplateData, IsActive, CreatedBy, CreationDate, UpdatedBy, UpdateDate) VALUES ('EDD3492C-AE56-44DE-9E9C-E5D64CF6BC8F', '64266FFA-ABC7-4237-907C-B2C71191B0FB', 'diferencias', 'Resultado de diferencias de Inventarios en Areas (Fisico Vs Sistema)', 'H', 1, '{}', 1, 'admin', '2025-11-13T16:58:05.0866667', 'admin', '2025-11-13T16:58:05.0866667');
INSERT INTO dbo.TableScaleTemplate (TableScaleTemplateId, ScaleGroupId, Code, Name, Orientation, SortOrder, TemplateData, IsActive, CreatedBy, CreationDate, UpdatedBy, UpdateDate) VALUES ('5B6E23ED-0F56-47A1-AD07-EEE718CA61A5', '0A3BB7EB-3CC8-4D11-B9E2-EE7EE119DCB2', 'rev_cump', 'Revision de cumplimiento de procedimientos de elaboracion de Hoja de Liquidación Diaria de Ventas', 'H', 1, '{}', 1, 'admin', '2025-11-13T16:58:05.0866667', 'admin', '2025-11-13T16:58:05.0866667');

--AUDIT_TEMPLATE_FIELDS

INSERT INTO dbo.AuditTemplateFields (AuditTemplateFieldId, TableScaleTemplateId, FieldCode, FieldName, FieldType, IsCalculated, CalculationFormula, AcumulationType, FieldOptions, SortOrder, DefaultValue, IsActive, CreatedBy, CreationDate, UpdatedBy, UpdateDate) VALUES ('37325029-45F7-487E-A5DB-00873B9C04EA', '03827B06-2E75-4DC5-BA6F-C0CCACD51275', 'monto', 'Monto s/.', 'numeric', 'Excel', 'AX7:AX22', 'SUM', '[]', 2, '', 1, 'admin', '2025-11-13T16:58:05.0866667', 'admin', '2025-11-17T23:14:58.9370346');
INSERT INTO dbo.AuditTemplateFields (AuditTemplateFieldId, TableScaleTemplateId, FieldCode, FieldName, FieldType, IsCalculated, CalculationFormula, AcumulationType, FieldOptions, SortOrder, DefaultValue, IsActive, CreatedBy, CreationDate, UpdatedBy, UpdateDate) VALUES ('C97201A8-8A18-454F-B946-0163D93B9AFE', 'EDD3492C-AE56-44DE-9E9C-E5D64CF6BC8F', 'neto_soles', 'Neto S/.', 'numeric', 'Excel', 'N3', 'SUM', '[]', 7, '', 1, 'admin', '2025-11-13T16:58:05.0866667', 'admin', '2025-11-17T22:22:57.2522844');
INSERT INTO dbo.AuditTemplateFields (AuditTemplateFieldId, TableScaleTemplateId, FieldCode, FieldName, FieldType, IsCalculated, CalculationFormula, AcumulationType, FieldOptions, SortOrder, DefaultValue, IsActive, CreatedBy, CreationDate, UpdatedBy, UpdateDate) VALUES ('CABCC8E9-8AE5-40B2-8782-0184E73D0698', '5F5BDC64-F471-464A-B0BC-3A2CF9914A0C', 'causa_invalides', 'Causa Invalidez Doc.', 'text', 'No aplica', '', NULL, '[]', 3, '', 1, 'admin', '2025-11-13T16:58:05.0866667', 'admin', '2025-11-13T16:58:05.0866667');
INSERT INTO dbo.AuditTemplateFields (AuditTemplateFieldId, TableScaleTemplateId, FieldCode, FieldName, FieldType, IsCalculated, CalculationFormula, AcumulationType, FieldOptions, SortOrder, DefaultValue, IsActive, CreatedBy, CreationDate, UpdatedBy, UpdateDate) VALUES ('5485A196-3AF1-44CF-8953-0196B277D2FD', '6AED8114-081F-4694-B24C-A26E7929F14A', 'dias_vencer', 'Días por vencer', 'numeric', 'No aplica', '', NULL, '[]', 4, '', 1, 'admin', '2025-11-13T16:58:05.0866667', 'admin', '2025-11-13T16:58:05.0866667');
INSERT INTO dbo.AuditTemplateFields (AuditTemplateFieldId, TableScaleTemplateId, FieldCode, FieldName, FieldType, IsCalculated, CalculationFormula, AcumulationType, FieldOptions, SortOrder, DefaultValue, IsActive, CreatedBy, CreationDate, UpdatedBy, UpdateDate) VALUES ('1D8BB507-B289-42FF-B626-021D743224A3', 'BB05A45A-54AF-47F3-83FF-CE474D0D4CC3', 'cmt_rlv', 'Comentarios Relevantes', 'text', 'No aplica', '', NULL, '[]', 7, '', 1, 'admin', '2025-11-13T16:58:05.0866667', 'admin', '2025-11-13T16:58:05.0866667');
INSERT INTO dbo.AuditTemplateFields (AuditTemplateFieldId, TableScaleTemplateId, FieldCode, FieldName, FieldType, IsCalculated, CalculationFormula, AcumulationType, FieldOptions, SortOrder, DefaultValue, IsActive, CreatedBy, CreationDate, UpdatedBy, UpdateDate) VALUES ('A17C6C7A-C00D-47E4-8B66-040761D44B77', '7AF24E1C-7117-4C57-8E10-4A3D883145CB', 'observaciones', 'Observaciones', 'text', 'No aplica', '', NULL, '[]', 6, '', 1, 'admin', '2025-11-13T16:58:05.0866667', 'admin', '2025-11-13T16:58:05.0866667');
INSERT INTO dbo.AuditTemplateFields (AuditTemplateFieldId, TableScaleTemplateId, FieldCode, FieldName, FieldType, IsCalculated, CalculationFormula, AcumulationType, FieldOptions, SortOrder, DefaultValue, IsActive, CreatedBy, CreationDate, UpdatedBy, UpdateDate) VALUES ('1B928B66-0C59-496F-B4D7-07A82C347FBB', '710FA9E3-FD8D-4DBA-85BA-995795E08170', 'al', 'Al', 'date', 'No aplica', '', NULL, '[]', 2, '', 1, 'admin', '2025-11-13T16:58:05.0866667', 'admin', '2025-11-13T16:58:05.0866667');
INSERT INTO dbo.AuditTemplateFields (AuditTemplateFieldId, TableScaleTemplateId, FieldCode, FieldName, FieldType, IsCalculated, CalculationFormula, AcumulationType, FieldOptions, SortOrder, DefaultValue, IsActive, CreatedBy, CreationDate, UpdatedBy, UpdateDate) VALUES ('3B5F2C09-01C8-4B4D-83EE-07F140E4D968', 'E6195349-5BFD-4E6C-A55F-E0A8C447CF35', 'comentario', 'Comentario/Sustento', 'text', 'No aplica', '', NULL, '[]', 7, '', 1, 'admin', '2025-11-13T16:58:05.0866667', 'admin', '2025-11-13T16:58:05.0866667');
INSERT INTO dbo.AuditTemplateFields (AuditTemplateFieldId, TableScaleTemplateId, FieldCode, FieldName, FieldType, IsCalculated, CalculationFormula, AcumulationType, FieldOptions, SortOrder, DefaultValue, IsActive, CreatedBy, CreationDate, UpdatedBy, UpdateDate) VALUES ('956DB21C-84EB-4644-B6BB-08DE0CC67B3C', '7EFA860D-15ED-4076-AB0E-C8F5FC366321', 'observado', 'Observado', 'select', 'No aplica', '', 'COUNT', '["si","excep"]', 4, '', 1, 'admin', '2025-11-13T16:58:05.0866667', 'admin', '2025-11-13T16:58:05.0866667');
INSERT INTO dbo.AuditTemplateFields (AuditTemplateFieldId, TableScaleTemplateId, FieldCode, FieldName, FieldType, IsCalculated, CalculationFormula, AcumulationType, FieldOptions, SortOrder, DefaultValue, IsActive, CreatedBy, CreationDate, UpdatedBy, UpdateDate) VALUES ('CDFBEFD4-7A84-4886-BA8F-0A51A20F640F', '639F051C-5AD5-4110-8B7F-0CAB7E346F3C', 'tipo', 'Tipo de Observación', 'select', 'No aplica', '', NULL, '["Falta_de_registro","Registro_fuera_de_fecha","Registro_con_cantidades_diferentes","Otros_casos"]', 1, '', 1, 'admin', '2025-11-13T16:58:05.0866667', 'admin', '2025-11-13T16:58:05.0866667');
INSERT INTO dbo.AuditTemplateFields (AuditTemplateFieldId, TableScaleTemplateId, FieldCode, FieldName, FieldType, IsCalculated, CalculationFormula, AcumulationType, FieldOptions, SortOrder, DefaultValue, IsActive, CreatedBy, CreationDate, UpdatedBy, UpdateDate) VALUES ('6283C2E4-7B62-4F0F-B929-0C12DDCA5C6C', '788DB008-B705-4CFA-83FE-B8E5E49BC31C', 'detalle', 'Detalle de incumplimiento', 'text', 'No aplica', '', NULL, '[]', 3, '', 1, 'admin', '2025-11-13T16:58:05.0866667', 'admin', '2025-11-13T16:58:05.0866667');
INSERT INTO dbo.AuditTemplateFields (AuditTemplateFieldId, TableScaleTemplateId, FieldCode, FieldName, FieldType, IsCalculated, CalculationFormula, AcumulationType, FieldOptions, SortOrder, DefaultValue, IsActive, CreatedBy, CreationDate, UpdatedBy, UpdateDate) VALUES ('D35BC11B-4FE9-4CBB-B88C-0C42298C243C', '9E2BE3E0-6B7B-41C8-9542-83DCBD99D26C', 'cant', 'Cantidad', 'numeric', 'Excel', 'BS8:BS23', 'SUM', '[]', 3, '', 1, 'admin', '2025-11-17T23:02:41.4048144', 'admin', '2025-11-17T23:02:41.4048145');
INSERT INTO dbo.AuditTemplateFields (AuditTemplateFieldId, TableScaleTemplateId, FieldCode, FieldName, FieldType, IsCalculated, CalculationFormula, AcumulationType, FieldOptions, SortOrder, DefaultValue, IsActive, CreatedBy, CreationDate, UpdatedBy, UpdateDate) VALUES ('9153B223-71C1-4483-A245-109BEF9FFB2A', 'E6195349-5BFD-4E6C-A55F-E0A8C447CF35', 'incump_dia_deposito', 'Incumplimiento en día de depósito', 'select', 'No aplica', '', 'COUNT', '["Si","No","Excep"]', 3, '', 1, 'admin', '2025-11-13T16:58:05.0866667', 'admin', '2025-11-13T16:58:05.0866667');
INSERT INTO dbo.AuditTemplateFields (AuditTemplateFieldId, TableScaleTemplateId, FieldCode, FieldName, FieldType, IsCalculated, CalculationFormula, AcumulationType, FieldOptions, SortOrder, DefaultValue, IsActive, CreatedBy, CreationDate, UpdatedBy, UpdateDate) VALUES ('8159E6F5-2E83-4451-9B9B-1233D5938D69', 'F3811101-AC19-4952-AE67-BD7EAF18CCFB', 'coment', 'Comentarios relevantes', 'text', 'No aplica', '', NULL, '[]', 5, 'Ninguna', 1, 'admin', '2025-11-13T16:58:05.0866667', 'admin', '2025-11-17T15:14:37.5113175');
INSERT INTO dbo.AuditTemplateFields (AuditTemplateFieldId, TableScaleTemplateId, FieldCode, FieldName, FieldType, IsCalculated, CalculationFormula, AcumulationType, FieldOptions, SortOrder, DefaultValue, IsActive, CreatedBy, CreationDate, UpdatedBy, UpdateDate) VALUES ('B20E779A-4906-4690-AC1D-128995E09714', '138FA4BB-712B-4CCD-B041-263316C32637', 'cant', 'Cantidad', 'numeric', 'Excel', 'BI8:BI23', 'SUM', '[]', 3, '', 1, 'admin', '2025-11-13T16:58:05.0866667', 'admin', '2025-11-17T22:26:30.6795160');
INSERT INTO dbo.AuditTemplateFields (AuditTemplateFieldId, TableScaleTemplateId, FieldCode, FieldName, FieldType, IsCalculated, CalculationFormula, AcumulationType, FieldOptions, SortOrder, DefaultValue, IsActive, CreatedBy, CreationDate, UpdatedBy, UpdateDate) VALUES ('A3BDBF8F-9A01-4D1E-AE4A-140BB59DA9B6', 'F81BDC42-E8B1-4CB8-A87F-29F30D4F8583', 'produc_trans', 'Productos Transferidos Sin Aprobación  (nombre / cantidad)', 'text', 'No aplica', '', NULL, '[]', 3, '', 1, 'admin', '2025-11-13T16:58:05.0866667', 'admin', '2025-11-13T16:58:05.0866667');
INSERT INTO dbo.AuditTemplateFields (AuditTemplateFieldId, TableScaleTemplateId, FieldCode, FieldName, FieldType, IsCalculated, CalculationFormula, AcumulationType, FieldOptions, SortOrder, DefaultValue, IsActive, CreatedBy, CreationDate, UpdatedBy, UpdateDate) VALUES ('12A84B55-1D71-4622-B645-14A83A829000', '7EFA860D-15ED-4076-AB0E-C8F5FC366321', 'detalle', 'Detalle Incumplimiento', 'text', 'No aplica', '', NULL, '[]', 3, '', 1, 'admin', '2025-11-13T16:58:05.0866667', 'admin', '2025-11-13T16:58:05.0866667');
INSERT INTO dbo.AuditTemplateFields (AuditTemplateFieldId, TableScaleTemplateId, FieldCode, FieldName, FieldType, IsCalculated, CalculationFormula, AcumulationType, FieldOptions, SortOrder, DefaultValue, IsActive, CreatedBy, CreationDate, UpdatedBy, UpdateDate) VALUES ('023E25D0-3B86-4281-A44C-15204CEC18FA', 'EDD3492C-AE56-44DE-9E9C-E5D64CF6BC8F', 'faltantes_cant', 'Faltantes Cant.', 'numeric', 'Excel', 'P1', 'SUM', '[]', 2, '', 1, 'admin', '2025-11-13T16:58:05.0866667', 'admin', '2025-11-17T22:22:09.7842803');
INSERT INTO dbo.AuditTemplateFields (AuditTemplateFieldId, TableScaleTemplateId, FieldCode, FieldName, FieldType, IsCalculated, CalculationFormula, AcumulationType, FieldOptions, SortOrder, DefaultValue, IsActive, CreatedBy, CreationDate, UpdatedBy, UpdateDate) VALUES ('AC55CCEB-9764-4F47-92AD-159C9372B4D9', '6AED8114-081F-4694-B24C-A26E7929F14A', 'insumo', 'Nombe de Insumo', 'text', 'No aplica', '', NULL, '[]', 1, '', 1, 'admin', '2025-11-13T16:58:05.0866667', 'admin', '2025-11-13T16:58:05.0866667');
INSERT INTO dbo.AuditTemplateFields (AuditTemplateFieldId, TableScaleTemplateId, FieldCode, FieldName, FieldType, IsCalculated, CalculationFormula, AcumulationType, FieldOptions, SortOrder, DefaultValue, IsActive, CreatedBy, CreationDate, UpdatedBy, UpdateDate) VALUES ('4AF3BB0B-664D-4D12-99CF-1B77A219B9B9', '5B8AB8F3-04A1-48A3-A410-8C36BED23138', 'causa', 'Causa invalidez', 'text', 'No aplica', '', NULL, '[]', 3, '', 1, 'admin', '2025-11-13T16:58:05.0866667', 'admin', '2025-11-13T16:58:05.0866667');
INSERT INTO dbo.AuditTemplateFields (AuditTemplateFieldId, TableScaleTemplateId, FieldCode, FieldName, FieldType, IsCalculated, CalculationFormula, AcumulationType, FieldOptions, SortOrder, DefaultValue, IsActive, CreatedBy, CreationDate, UpdatedBy, UpdateDate) VALUES ('BC12A4AB-AA5D-4B37-9A94-1BB7AB5A5A42', 'C31B3244-2A5C-41AE-9950-B79109D974F5', 'sobrantes_cant', 'Sobrantes Cant', 'numeric', 'Excel', 'P2', 'SUM', '[]', 4, '', 1, 'admin', '2025-11-13T16:58:05.0866667', 'admin', '2025-11-17T16:31:19.1445701');
INSERT INTO dbo.AuditTemplateFields (AuditTemplateFieldId, TableScaleTemplateId, FieldCode, FieldName, FieldType, IsCalculated, CalculationFormula, AcumulationType, FieldOptions, SortOrder, DefaultValue, IsActive, CreatedBy, CreationDate, UpdatedBy, UpdateDate) VALUES ('1642667A-9AA2-4661-945A-1C1B31EED4CD', '63F978E1-BB59-44AB-9164-21CBDA4BBD2B', 'tipo', 'Tipo de Observación', 'select', 'No aplica', '', NULL, '["Falta_de_registro","Registro_fuera_de_fecha","Registro_con_cantidades_diferentes","Otros_casos"]', 1, '', 1, 'admin', '2025-11-13T16:58:05.0866667', 'admin', '2025-11-13T16:58:05.0866667');
INSERT INTO dbo.AuditTemplateFields (AuditTemplateFieldId, TableScaleTemplateId, FieldCode, FieldName, FieldType, IsCalculated, CalculationFormula, AcumulationType, FieldOptions, SortOrder, DefaultValue, IsActive, CreatedBy, CreationDate, UpdatedBy, UpdateDate) VALUES ('9F527DF0-170C-49B7-98E1-1D25FC232739', '52E09CAE-5BD4-42A0-8F3D-67FA7E0F65C2', 'justificacion', 'Justificación', 'text', 'No aplica', '', NULL, '[]', 2, '', 1, 'admin', '2025-11-13T16:58:05.0866667', 'admin', '2025-11-13T16:58:05.0866667');
INSERT INTO dbo.AuditTemplateFields (AuditTemplateFieldId, TableScaleTemplateId, FieldCode, FieldName, FieldType, IsCalculated, CalculationFormula, AcumulationType, FieldOptions, SortOrder, DefaultValue, IsActive, CreatedBy, CreationDate, UpdatedBy, UpdateDate) VALUES ('7281702A-6426-4AB5-BC9C-1EAD34ADCF42', '4B1EBA56-1DB9-4BDF-BF0B-561EA11A5034', 'degustacion', 'Degustación', 'select', 'No aplica', '', 'COUNT', '["x","excep"]', 3, '', 1, 'admin', '2025-11-13T16:58:05.0866667', 'admin', '2025-11-13T16:58:05.0866667');
INSERT INTO dbo.AuditTemplateFields (AuditTemplateFieldId, TableScaleTemplateId, FieldCode, FieldName, FieldType, IsCalculated, CalculationFormula, AcumulationType, FieldOptions, SortOrder, DefaultValue, IsActive, CreatedBy, CreationDate, UpdatedBy, UpdateDate) VALUES ('CE2F194C-0CFD-4622-80AE-20596394CA61', 'BB05A45A-54AF-47F3-83FF-CE474D0D4CC3', 'dif_aji_bolsas_ltrs', 'Diferencia de Aji en bolsas de 4ltrs', 'numeric', 'No aplica', '', NULL, '[]', 5, '', 1, 'admin', '2025-11-13T16:58:05.0866667', 'admin', '2025-11-13T16:58:05.0866667');
INSERT INTO dbo.AuditTemplateFields (AuditTemplateFieldId, TableScaleTemplateId, FieldCode, FieldName, FieldType, IsCalculated, CalculationFormula, AcumulationType, FieldOptions, SortOrder, DefaultValue, IsActive, CreatedBy, CreationDate, UpdatedBy, UpdateDate) VALUES ('09EE0616-8DA5-45EF-9834-2188CB834737', '7AF24E1C-7117-4C57-8E10-4A3D883145CB', 'descuento_sis', 'Descuento en Sistema Tareo', 'numeric', 'No aplica', '', 'SUM', '[]', 4, '', 1, 'admin', '2025-11-13T16:58:05.0866667', 'admin', '2025-11-13T16:58:05.0866667');
INSERT INTO dbo.AuditTemplateFields (AuditTemplateFieldId, TableScaleTemplateId, FieldCode, FieldName, FieldType, IsCalculated, CalculationFormula, AcumulationType, FieldOptions, SortOrder, DefaultValue, IsActive, CreatedBy, CreationDate, UpdatedBy, UpdateDate) VALUES ('F7E9F6F3-7E5D-409B-911E-2292B7276227', 'EDD3492C-AE56-44DE-9E9C-E5D64CF6BC8F', 'coment_sobrantes', 'Cometario Sobrantes', 'text', 'No aplica', '', NULL, '[]', 6, '.', 1, 'admin', '2025-11-13T16:58:05.0866667', 'admin', '2025-11-27T10:46:01.2694950');
INSERT INTO dbo.AuditTemplateFields (AuditTemplateFieldId, TableScaleTemplateId, FieldCode, FieldName, FieldType, IsCalculated, CalculationFormula, AcumulationType, FieldOptions, SortOrder, DefaultValue, IsActive, CreatedBy, CreationDate, UpdatedBy, UpdateDate) VALUES ('D296FDD2-5D3E-49CE-972D-2311EDE48D03', '9E2BE3E0-6B7B-41C8-9542-83DCBD99D26C', 'um', 'UM', 'text', 'Excel', 'BT8:BT23', NULL, '[]', 4, '', 1, 'admin', '2025-11-17T23:03:29.2041672', 'admin', '2025-11-17T23:03:29.2041679');
INSERT INTO dbo.AuditTemplateFields (AuditTemplateFieldId, TableScaleTemplateId, FieldCode, FieldName, FieldType, IsCalculated, CalculationFormula, AcumulationType, FieldOptions, SortOrder, DefaultValue, IsActive, CreatedBy, CreationDate, UpdatedBy, UpdateDate) VALUES ('622FDDF8-FEA9-4353-B8AC-231AF7AAC00B', '03827B06-2E75-4DC5-BA6F-C0CCACD51275', 'insumo', 'Insumo', 'text', 'Excel', 'AS7:AS22', NULL, '[]', 1, '', 1, 'admin', '2025-11-13T16:58:05.0866667', 'admin', '2025-11-17T23:18:17.2664116');
INSERT INTO dbo.AuditTemplateFields (AuditTemplateFieldId, TableScaleTemplateId, FieldCode, FieldName, FieldType, IsCalculated, CalculationFormula, AcumulationType, FieldOptions, SortOrder, DefaultValue, IsActive, CreatedBy, CreationDate, UpdatedBy, UpdateDate) VALUES ('F2E320F4-DE28-4042-8FA0-280B79C4E1C1', '7EFA860D-15ED-4076-AB0E-C8F5FC366321', 'tipo', 'Tipo de Observación', 'select', 'No aplica', '', NULL, '["Falta_de_registro","Registro_fuera_de_fecha","Registro_con_cantidades_diferentes","Otros_casos","Sin_observacion"]', 1, '', 1, 'admin', '2025-11-13T16:58:05.0866667', 'admin', '2025-11-26T17:27:59.1574590');
INSERT INTO dbo.AuditTemplateFields (AuditTemplateFieldId, TableScaleTemplateId, FieldCode, FieldName, FieldType, IsCalculated, CalculationFormula, AcumulationType, FieldOptions, SortOrder, DefaultValue, IsActive, CreatedBy, CreationDate, UpdatedBy, UpdateDate) VALUES ('499B4F07-6CEF-40F2-9C45-2A854DF7DF48', 'EE26B3CF-385A-4EBC-9396-8C4222BC2354', 'del', 'Del', 'date', 'No aplica', '', NULL, '[]', 1, '', 1, 'admin', '2025-11-13T16:58:05.0866667', 'admin', '2025-11-13T16:58:05.0866667');
INSERT INTO dbo.AuditTemplateFields (AuditTemplateFieldId, TableScaleTemplateId, FieldCode, FieldName, FieldType, IsCalculated, CalculationFormula, AcumulationType, FieldOptions, SortOrder, DefaultValue, IsActive, CreatedBy, CreationDate, UpdatedBy, UpdateDate) VALUES ('53EA118E-847D-49E6-814B-2B6D66F60F61', 'E3CEB7C8-8EC6-43C5-8C4A-3204460F6807', 'comentario_preg_dos', 'P2: Comentario/Sustento', 'text', 'No aplica', '', NULL, '[]', 4, '.', 1, 'admin', '2025-11-13T16:58:05.0866667', 'admin', '2025-11-26T16:52:57.5451834');
INSERT INTO dbo.AuditTemplateFields (AuditTemplateFieldId, TableScaleTemplateId, FieldCode, FieldName, FieldType, IsCalculated, CalculationFormula, AcumulationType, FieldOptions, SortOrder, DefaultValue, IsActive, CreatedBy, CreationDate, UpdatedBy, UpdateDate) VALUES ('43B4B015-4845-4781-8F56-2CC7A454BDAD', 'C31B3244-2A5C-41AE-9950-B79109D974F5', 'faltantes_cant', 'Faltantes cant.', 'numeric', 'Excel', 'P1', NULL, '[]', 2, '', 1, 'admin', '2025-11-13T16:58:05.0866667', 'admin', '2025-11-17T16:30:39.6236373');
INSERT INTO dbo.AuditTemplateFields (AuditTemplateFieldId, TableScaleTemplateId, FieldCode, FieldName, FieldType, IsCalculated, CalculationFormula, AcumulationType, FieldOptions, SortOrder, DefaultValue, IsActive, CreatedBy, CreationDate, UpdatedBy, UpdateDate) VALUES ('376A4FA2-6836-4380-94EA-2E1D5BDF8F08', '710FA9E3-FD8D-4DBA-85BA-995795E08170', 'porcent_dife', '% de diferencia', 'numeric', 'Tablas', '( diferencia / descarga_vta ) * 100', 'SUM', '[]', 6, '', 1, 'admin', '2025-11-13T16:58:05.0866667', 'admin', '2025-11-26T17:47:58.7082905');
INSERT INTO dbo.AuditTemplateFields (AuditTemplateFieldId, TableScaleTemplateId, FieldCode, FieldName, FieldType, IsCalculated, CalculationFormula, AcumulationType, FieldOptions, SortOrder, DefaultValue, IsActive, CreatedBy, CreationDate, UpdatedBy, UpdateDate) VALUES ('431B0F22-0E77-4D6B-B485-2E775E76D832', 'C31B3244-2A5C-41AE-9950-B79109D974F5', 'faltantes_soles', 'Faltantes S/.', 'numeric', 'Excel', 'N1', NULL, '[]', 1, '', 1, 'admin', '2025-11-13T16:58:05.0866667', 'admin', '2025-11-17T16:30:17.5757246');
INSERT INTO dbo.AuditTemplateFields (AuditTemplateFieldId, TableScaleTemplateId, FieldCode, FieldName, FieldType, IsCalculated, CalculationFormula, AcumulationType, FieldOptions, SortOrder, DefaultValue, IsActive, CreatedBy, CreationDate, UpdatedBy, UpdateDate) VALUES ('5364E052-FF42-4BC4-8FA9-2EC9AB5056E2', 'C31B3244-2A5C-41AE-9950-B79109D974F5', 'coment_faltante', 'Cometario- Faltante', 'text', 'No aplica', '', NULL, '[]', 7, '.', 1, 'admin', '2025-11-13T16:58:05.0866667', 'admin', '2025-11-27T15:00:01.6385457');
INSERT INTO dbo.AuditTemplateFields (AuditTemplateFieldId, TableScaleTemplateId, FieldCode, FieldName, FieldType, IsCalculated, CalculationFormula, AcumulationType, FieldOptions, SortOrder, DefaultValue, IsActive, CreatedBy, CreationDate, UpdatedBy, UpdateDate) VALUES ('6E5BD339-F6F3-4936-88B2-31DD98152476', 'F3811101-AC19-4952-AE67-BD7EAF18CCFB', 'cant', 'Cantidad', 'numeric', 'Excel', 'BS7:BS22', 'SUM', '[]', 3, '', 1, 'admin', '2025-11-13T16:58:05.0866667', 'admin', '2025-11-17T23:15:34.4082464');
INSERT INTO dbo.AuditTemplateFields (AuditTemplateFieldId, TableScaleTemplateId, FieldCode, FieldName, FieldType, IsCalculated, CalculationFormula, AcumulationType, FieldOptions, SortOrder, DefaultValue, IsActive, CreatedBy, CreationDate, UpdatedBy, UpdateDate) VALUES ('A9D8926D-E8F5-4932-BBA0-31F5B0A1FC60', 'B975B8B6-F6D0-4D56-BEC7-094C4A788B5F', 'observaciones', 'Observaciones relevantes', 'text', 'No aplica', '', NULL, '[]', 6, '', 1, 'admin', '2025-11-13T16:58:05.0866667', 'admin', '2025-11-13T16:58:05.0866667');
INSERT INTO dbo.AuditTemplateFields (AuditTemplateFieldId, TableScaleTemplateId, FieldCode, FieldName, FieldType, IsCalculated, CalculationFormula, AcumulationType, FieldOptions, SortOrder, DefaultValue, IsActive, CreatedBy, CreationDate, UpdatedBy, UpdateDate) VALUES ('60B3DF68-CE54-4A29-91F1-321BD9CC08A3', 'E3CEB7C8-8EC6-43C5-8C4A-3204460F6807', 'comentario_preg_uno', 'P1: Comentario/Sustento', 'text', 'No aplica', '', NULL, '[]', 2, '.', 1, 'admin', '2025-11-13T16:58:05.0866667', 'admin', '2025-11-26T16:52:49.2590272');
INSERT INTO dbo.AuditTemplateFields (AuditTemplateFieldId, TableScaleTemplateId, FieldCode, FieldName, FieldType, IsCalculated, CalculationFormula, AcumulationType, FieldOptions, SortOrder, DefaultValue, IsActive, CreatedBy, CreationDate, UpdatedBy, UpdateDate) VALUES ('6BD50659-4CD9-45C6-8D66-324BB561E332', 'F81BDC42-E8B1-4CB8-A87F-29F30D4F8583', 'fecha', 'Fecha', 'date', 'No aplica', '', NULL, '[]', 1, '', 1, 'admin', '2025-11-13T16:58:05.0866667', 'admin', '2025-11-13T16:58:05.0866667');
INSERT INTO dbo.AuditTemplateFields (AuditTemplateFieldId, TableScaleTemplateId, FieldCode, FieldName, FieldType, IsCalculated, CalculationFormula, AcumulationType, FieldOptions, SortOrder, DefaultValue, IsActive, CreatedBy, CreationDate, UpdatedBy, UpdateDate) VALUES ('56F942A4-A156-402A-8C13-33A6831D7F65', 'BEF36B90-3A98-4E5E-B082-D5A06CECBD56', 'obs', 'Obs', 'select', 'No aplica', '', 'COUNT', '["si","excep"]', 6, '', 1, 'admin', '2025-11-13T16:58:05.0866667', 'admin', '2025-11-13T16:58:05.0866667');
INSERT INTO dbo.AuditTemplateFields (AuditTemplateFieldId, TableScaleTemplateId, FieldCode, FieldName, FieldType, IsCalculated, CalculationFormula, AcumulationType, FieldOptions, SortOrder, DefaultValue, IsActive, CreatedBy, CreationDate, UpdatedBy, UpdateDate) VALUES ('342CD7FF-7EA8-4AFD-9115-35DE9A213EFA', 'B975B8B6-F6D0-4D56-BEC7-094C4A788B5F', 'del', 'Del', 'date', 'No aplica', '', NULL, '[]', 1, '', 1, 'admin', '2025-11-13T16:58:05.0900000', 'admin', '2025-11-13T16:58:05.0900000');
INSERT INTO dbo.AuditTemplateFields (AuditTemplateFieldId, TableScaleTemplateId, FieldCode, FieldName, FieldType, IsCalculated, CalculationFormula, AcumulationType, FieldOptions, SortOrder, DefaultValue, IsActive, CreatedBy, CreationDate, UpdatedBy, UpdateDate) VALUES ('AE8E0FF7-2331-4FDB-96F1-36866CC4DACF', '639F051C-5AD5-4110-8B7F-0CAB7E346F3C', 'datos_documento', 'Datos del documento (Nro Doc / Cantidad / Proveedor)', 'text', 'No aplica', '', NULL, '[]', 2, '', 1, 'admin', '2025-11-13T16:58:05.0900000', 'admin', '2025-11-13T16:58:05.0900000');
INSERT INTO dbo.AuditTemplateFields (AuditTemplateFieldId, TableScaleTemplateId, FieldCode, FieldName, FieldType, IsCalculated, CalculationFormula, AcumulationType, FieldOptions, SortOrder, DefaultValue, IsActive, CreatedBy, CreationDate, UpdatedBy, UpdateDate) VALUES ('D4F90B82-C36C-4F6A-AC41-392C8BE5DFAC', '46B9E394-42A3-4705-BDE2-0B5E475A02B3', 'decargada_vta', 'lechuga descargada por VTA en Kg', 'numeric', 'No aplica', '', 'SUM', '[]', 4, '', 1, 'admin', '2025-11-13T16:58:05.0900000', 'admin', '2025-11-18T16:53:10.2231824');
INSERT INTO dbo.AuditTemplateFields (AuditTemplateFieldId, TableScaleTemplateId, FieldCode, FieldName, FieldType, IsCalculated, CalculationFormula, AcumulationType, FieldOptions, SortOrder, DefaultValue, IsActive, CreatedBy, CreationDate, UpdatedBy, UpdateDate) VALUES ('55589403-2254-442E-80C4-3BCBAF495214', '7EFA860D-15ED-4076-AB0E-C8F5FC366321', 'datos_documento', 'Datos documento (Nro Doc/Cantidad/Proveedor)', 'text', 'No aplica', '', NULL, '[]', 2, '', 1, 'admin', '2025-11-13T16:58:05.0900000', 'admin', '2025-11-13T16:58:05.0900000');
INSERT INTO dbo.AuditTemplateFields (AuditTemplateFieldId, TableScaleTemplateId, FieldCode, FieldName, FieldType, IsCalculated, CalculationFormula, AcumulationType, FieldOptions, SortOrder, DefaultValue, IsActive, CreatedBy, CreationDate, UpdatedBy, UpdateDate) VALUES ('63DF3B2A-9605-4A4B-AE82-3BCFB1796FC8', '138FA4BB-712B-4CCD-B041-263316C32637', 'um', 'UM', 'text', 'Excel', 'BJ8:BJ23', NULL, '[]', 4, '', 1, 'admin', '2025-11-13T16:58:05.0900000', 'admin', '2025-11-17T22:26:54.7959773');
INSERT INTO dbo.AuditTemplateFields (AuditTemplateFieldId, TableScaleTemplateId, FieldCode, FieldName, FieldType, IsCalculated, CalculationFormula, AcumulationType, FieldOptions, SortOrder, DefaultValue, IsActive, CreatedBy, CreationDate, UpdatedBy, UpdateDate) VALUES ('E40EF0E0-6EAF-429A-A82E-3DE00793EDEE', 'AC17F068-EF70-49BC-9554-1FB07835DD69', 'efectivo', 'Efectivo', 'numeric', 'No aplica', '', NULL, '[]', 1, '', 1, 'admin', '2025-11-13T16:58:05.0900000', 'admin', '2025-11-13T16:58:05.0900000');
INSERT INTO dbo.AuditTemplateFields (AuditTemplateFieldId, TableScaleTemplateId, FieldCode, FieldName, FieldType, IsCalculated, CalculationFormula, AcumulationType, FieldOptions, SortOrder, DefaultValue, IsActive, CreatedBy, CreationDate, UpdatedBy, UpdateDate) VALUES ('DD218987-1F9F-4108-B149-3F1E2A57C3FF', 'E6195349-5BFD-4E6C-A55F-E0A8C447CF35', 'fecha_venta', 'Fecha venta', 'date', 'No aplica', '', NULL, '[]', 1, '', 1, 'admin', '2025-11-13T16:58:05.0900000', 'admin', '2025-11-13T16:58:05.0900000');
INSERT INTO dbo.AuditTemplateFields (AuditTemplateFieldId, TableScaleTemplateId, FieldCode, FieldName, FieldType, IsCalculated, CalculationFormula, AcumulationType, FieldOptions, SortOrder, DefaultValue, IsActive, CreatedBy, CreationDate, UpdatedBy, UpdateDate) VALUES ('0DC151BE-1F33-4F5F-966C-413DA98514FB', 'EE26B3CF-385A-4EBC-9396-8C4222BC2354', 'al', 'Al', 'date', 'No aplica', '', NULL, '[]', 2, '', 1, 'admin', '2025-11-13T16:58:05.0900000', 'admin', '2025-11-13T16:58:05.0900000');
INSERT INTO dbo.AuditTemplateFields (AuditTemplateFieldId, TableScaleTemplateId, FieldCode, FieldName, FieldType, IsCalculated, CalculationFormula, AcumulationType, FieldOptions, SortOrder, DefaultValue, IsActive, CreatedBy, CreationDate, UpdatedBy, UpdateDate) VALUES ('AB4ABA0C-A5FC-4809-B51E-4205A473837A', '46B9E394-42A3-4705-BDE2-0B5E475A02B3', 'coment', 'Cometarios', 'text', 'No aplica', '', NULL, '[]', 7, '.', 1, 'admin', '2025-11-13T16:58:05.0900000', 'admin', '2025-11-18T16:53:26.8516883');
INSERT INTO dbo.AuditTemplateFields (AuditTemplateFieldId, TableScaleTemplateId, FieldCode, FieldName, FieldType, IsCalculated, CalculationFormula, AcumulationType, FieldOptions, SortOrder, DefaultValue, IsActive, CreatedBy, CreationDate, UpdatedBy, UpdateDate) VALUES ('F0006670-6F9A-4496-8EB3-438DF4EF4699', 'C9C009BF-7417-4240-A295-2EF1D4BDEB9F', 'monto', 'Faltante(-) / Sobrante(+)', 'numeric', 'Excel', 'AX8:AX23', 'SUM', '[]', 2, '', 1, 'admin', '2025-11-17T22:55:38.3094470', 'admin', '2025-11-17T22:56:50.7327534');
INSERT INTO dbo.AuditTemplateFields (AuditTemplateFieldId, TableScaleTemplateId, FieldCode, FieldName, FieldType, IsCalculated, CalculationFormula, AcumulationType, FieldOptions, SortOrder, DefaultValue, IsActive, CreatedBy, CreationDate, UpdatedBy, UpdateDate) VALUES ('53E30C82-A365-496F-9D3B-44A4D54C894E', 'BEF36B90-3A98-4E5E-B082-D5A06CECBD56', 'motivo', 'Motivo', 'select', 'No aplica', '', 'COUNT', NULL, 7, '', 1, 'admin', '2025-11-13T16:58:05.0900000', 'admin', '2025-11-13T16:58:05.0900000');
INSERT INTO dbo.AuditTemplateFields (AuditTemplateFieldId, TableScaleTemplateId, FieldCode, FieldName, FieldType, IsCalculated, CalculationFormula, AcumulationType, FieldOptions, SortOrder, DefaultValue, IsActive, CreatedBy, CreationDate, UpdatedBy, UpdateDate) VALUES ('D2BE3599-4158-4CB5-B827-44B92B26DE80', 'C31B3244-2A5C-41AE-9950-B79109D974F5', 'coment_neto', 'Comentario-Neto', 'text', 'No aplica', '', NULL, '[]', 9, '.', 1, 'admin', '2025-11-13T16:58:05.0900000', 'admin', '2025-11-27T14:59:49.6401554');
INSERT INTO dbo.AuditTemplateFields (AuditTemplateFieldId, TableScaleTemplateId, FieldCode, FieldName, FieldType, IsCalculated, CalculationFormula, AcumulationType, FieldOptions, SortOrder, DefaultValue, IsActive, CreatedBy, CreationDate, UpdatedBy, UpdateDate) VALUES ('1B32C973-6360-495C-8374-459E5639DF66', 'C9C009BF-7417-4240-A295-2EF1D4BDEB9F', 'insumo', 'Insumo', 'text', 'Excel', 'AS8:AS23', NULL, '[]', 1, '', 1, 'admin', '2025-11-17T22:54:09.3478468', 'admin', '2025-11-17T22:54:09.3478471');
INSERT INTO dbo.AuditTemplateFields (AuditTemplateFieldId, TableScaleTemplateId, FieldCode, FieldName, FieldType, IsCalculated, CalculationFormula, AcumulationType, FieldOptions, SortOrder, DefaultValue, IsActive, CreatedBy, CreationDate, UpdatedBy, UpdateDate) VALUES ('1B4B8027-0912-4D4A-909B-45D88A3FA71A', '188690D7-B460-488D-84C1-B74937FFBDD8', 'firmados', 'Todos los descuentos estan firmados (SI/NO)', 'select', 'No aplica', '', 'COUNT', '["si","no"]', 3, '', 1, 'admin', '2025-11-13T16:58:05.0900000', 'admin', '2025-11-13T16:58:05.0900000');
INSERT INTO dbo.AuditTemplateFields (AuditTemplateFieldId, TableScaleTemplateId, FieldCode, FieldName, FieldType, IsCalculated, CalculationFormula, AcumulationType, FieldOptions, SortOrder, DefaultValue, IsActive, CreatedBy, CreationDate, UpdatedBy, UpdateDate) VALUES ('B229DF33-2E1A-4E3F-8976-4635B12222EF', 'AC17F068-EF70-49BC-9554-1FB07835DD69', 'total_arqueo', 'Total arqueo', 'numeric', 'Tablas', 'efectivo + comp_validos + comp_invalidos', NULL, '[]', 4, '', 1, 'admin', '2025-11-13T16:58:05.0900000', 'admin', '2025-11-13T16:58:05.0900000');
INSERT INTO dbo.AuditTemplateFields (AuditTemplateFieldId, TableScaleTemplateId, FieldCode, FieldName, FieldType, IsCalculated, CalculationFormula, AcumulationType, FieldOptions, SortOrder, DefaultValue, IsActive, CreatedBy, CreationDate, UpdatedBy, UpdateDate) VALUES ('251086D5-0832-4EA0-820A-484BE3464109', '5B8AB8F3-04A1-48A3-A410-8C36BED23138', 'documento', 'Documento', 'text', 'No aplica', '', NULL, '[]', 1, '', 1, 'admin', '2025-11-13T16:58:05.0900000', 'admin', '2025-11-13T16:58:05.0900000');
INSERT INTO dbo.AuditTemplateFields (AuditTemplateFieldId, TableScaleTemplateId, FieldCode, FieldName, FieldType, IsCalculated, CalculationFormula, AcumulationType, FieldOptions, SortOrder, DefaultValue, IsActive, CreatedBy, CreationDate, UpdatedBy, UpdateDate) VALUES ('8C9BBA49-DE32-41EF-9611-49ACE694B9A7', 'EDD3492C-AE56-44DE-9E9C-E5D64CF6BC8F', 'sobrantes_cant', 'Sobrantes Cant.', 'numeric', 'Excel', 'P2', 'SUM', '[]', 5, '', 1, 'admin', '2025-11-13T16:58:05.0900000', 'admin', '2025-11-17T22:22:34.5694689');
INSERT INTO dbo.AuditTemplateFields (AuditTemplateFieldId, TableScaleTemplateId, FieldCode, FieldName, FieldType, IsCalculated, CalculationFormula, AcumulationType, FieldOptions, SortOrder, DefaultValue, IsActive, CreatedBy, CreationDate, UpdatedBy, UpdateDate) VALUES ('CE02D7A3-0B13-496F-BA2F-4AD933BF51FB', 'BEF36B90-3A98-4E5E-B082-D5A06CECBD56', 'acumulado', 'Acumulado', 'numeric', 'Tablas', '( saldo_inicial + ingresos ) - salidas', 'SUM', '[]', 4, '', 1, 'admin', '2025-11-13T16:58:05.0900000', 'admin', '2025-11-13T16:58:05.0900000');
INSERT INTO dbo.AuditTemplateFields (AuditTemplateFieldId, TableScaleTemplateId, FieldCode, FieldName, FieldType, IsCalculated, CalculationFormula, AcumulationType, FieldOptions, SortOrder, DefaultValue, IsActive, CreatedBy, CreationDate, UpdatedBy, UpdateDate) VALUES ('A9E46EA5-D487-4054-87E9-4ADF9C4CC176', '07C06AB6-2A24-49E7-A976-48EBD049D970', 'cant', 'Cantidad', 'numeric', 'Excel', 'BI7:BI22', 'SUM', '[]', 3, '', 1, 'admin', '2025-11-17T22:48:15.1231965', 'admin', '2025-11-17T22:57:17.5054157');
INSERT INTO dbo.AuditTemplateFields (AuditTemplateFieldId, TableScaleTemplateId, FieldCode, FieldName, FieldType, IsCalculated, CalculationFormula, AcumulationType, FieldOptions, SortOrder, DefaultValue, IsActive, CreatedBy, CreationDate, UpdatedBy, UpdateDate) VALUES ('D7E048D8-6507-4837-98B6-4AE4F223E945', 'B975B8B6-F6D0-4D56-BEC7-094C4A788B5F', 'al', 'Al', 'date', 'No aplica', '', NULL, '[]', 2, '', 1, 'admin', '2025-11-13T16:58:05.0900000', 'admin', '2025-11-13T16:58:05.0900000');
INSERT INTO dbo.AuditTemplateFields (AuditTemplateFieldId, TableScaleTemplateId, FieldCode, FieldName, FieldType, IsCalculated, CalculationFormula, AcumulationType, FieldOptions, SortOrder, DefaultValue, IsActive, CreatedBy, CreationDate, UpdatedBy, UpdateDate) VALUES ('C72440D8-BB2B-4179-9AB5-4B15642ED74B', '5B6E23ED-0F56-47A1-AD07-EEE718CA61A5', 'hoja_cuadra', 'Hoja de Liquidacion Cuadra?', 'select', 'No aplica', '', 'COUNT', NULL, 3, '', 1, 'admin', '2025-11-13T16:58:05.0900000', 'admin', '2025-11-28T10:23:01.0080855');
INSERT INTO dbo.AuditTemplateFields (AuditTemplateFieldId, TableScaleTemplateId, FieldCode, FieldName, FieldType, IsCalculated, CalculationFormula, AcumulationType, FieldOptions, SortOrder, DefaultValue, IsActive, CreatedBy, CreationDate, UpdatedBy, UpdateDate) VALUES ('509D0722-ECFD-46E0-9A64-4BB6FBC7706B', '6AED8114-081F-4694-B24C-A26E7929F14A', 'comentarios', 'Comentarios', 'text', 'No aplica', '', NULL, '[]', 6, '', 1, 'admin', '2025-11-13T16:58:05.0900000', 'admin', '2025-11-13T16:58:05.0900000');
INSERT INTO dbo.AuditTemplateFields (AuditTemplateFieldId, TableScaleTemplateId, FieldCode, FieldName, FieldType, IsCalculated, CalculationFormula, AcumulationType, FieldOptions, SortOrder, DefaultValue, IsActive, CreatedBy, CreationDate, UpdatedBy, UpdateDate) VALUES ('07081B94-CE5B-41DE-A815-4C9394EC535F', 'F20556B2-0D00-4DCE-ACAA-1B1021203E0A', 'cant', 'Cant.', 'numeric', 'No aplica', '', 'SUM', '[]', 2, '', 1, 'admin', '2025-11-13T16:58:05.0900000', 'admin', '2025-11-13T16:58:05.0900000');
INSERT INTO dbo.AuditTemplateFields (AuditTemplateFieldId, TableScaleTemplateId, FieldCode, FieldName, FieldType, IsCalculated, CalculationFormula, AcumulationType, FieldOptions, SortOrder, DefaultValue, IsActive, CreatedBy, CreationDate, UpdatedBy, UpdateDate) VALUES ('609F7B88-F947-4B2E-B88C-4CA69CC9E213', 'EDD3492C-AE56-44DE-9E9C-E5D64CF6BC8F', 'faltantes_soles', 'Faltantes S/.', 'numeric', 'Excel', 'N1', 'SUM', '[]', 1, '', 1, 'admin', '2025-11-13T16:58:05.0900000', 'admin', '2025-11-17T22:21:26.8029970');
INSERT INTO dbo.AuditTemplateFields (AuditTemplateFieldId, TableScaleTemplateId, FieldCode, FieldName, FieldType, IsCalculated, CalculationFormula, AcumulationType, FieldOptions, SortOrder, DefaultValue, IsActive, CreatedBy, CreationDate, UpdatedBy, UpdateDate) VALUES ('FEE22744-47D2-4E4C-9DC6-4DB92E816605', 'D09F6B29-3BA7-47EC-8F02-CAAB9A8C0A63', 'dif_saz_kg', 'Diferencia de Sazon x KG', 'numeric', 'No aplica', '', 'SUM', '[]', 5, '', 1, 'admin', '2025-11-13T16:58:05.0900000', 'admin', '2025-11-13T16:58:05.0900000');
INSERT INTO dbo.AuditTemplateFields (AuditTemplateFieldId, TableScaleTemplateId, FieldCode, FieldName, FieldType, IsCalculated, CalculationFormula, AcumulationType, FieldOptions, SortOrder, DefaultValue, IsActive, CreatedBy, CreationDate, UpdatedBy, UpdateDate) VALUES ('B1F4180C-BF02-42EC-B7B6-4E1CAEA30727', 'B6661C01-045D-484B-8EA1-D689518C081F', 'comp_validos', 'Comprobantes válidos', 'numeric', 'No aplica', '', NULL, '[]', 2, '', 1, 'admin', '2025-11-13T16:58:05.0900000', 'admin', '2025-11-13T16:58:05.0900000');
INSERT INTO dbo.AuditTemplateFields (AuditTemplateFieldId, TableScaleTemplateId, FieldCode, FieldName, FieldType, IsCalculated, CalculationFormula, AcumulationType, FieldOptions, SortOrder, DefaultValue, IsActive, CreatedBy, CreationDate, UpdatedBy, UpdateDate) VALUES ('93FFCF4D-C44F-4D10-8910-4E3E90AFAD16', '5F5BDC64-F471-464A-B0BC-3A2CF9914A0C', 'documento', 'Documento', 'text', 'No aplica', '', NULL, '[]', 1, '', 1, 'admin', '2025-11-13T16:58:05.0900000', 'admin', '2025-11-13T16:58:05.0900000');
INSERT INTO dbo.AuditTemplateFields (AuditTemplateFieldId, TableScaleTemplateId, FieldCode, FieldName, FieldType, IsCalculated, CalculationFormula, AcumulationType, FieldOptions, SortOrder, DefaultValue, IsActive, CreatedBy, CreationDate, UpdatedBy, UpdateDate) VALUES ('D00C7B16-EF25-42D4-9851-51609C429857', 'F81BDC42-E8B1-4CB8-A87F-29F30D4F8583', 'detalle_obs', 'Observaciones Relevantes', 'text', 'No aplica', '', NULL, '[]', 4, '', 1, 'admin', '2025-11-13T16:58:05.0900000', 'admin', '2025-11-13T16:58:05.0900000');
INSERT INTO dbo.AuditTemplateFields (AuditTemplateFieldId, TableScaleTemplateId, FieldCode, FieldName, FieldType, IsCalculated, CalculationFormula, AcumulationType, FieldOptions, SortOrder, DefaultValue, IsActive, CreatedBy, CreationDate, UpdatedBy, UpdateDate) VALUES ('FDA8B24C-EB9C-4F5E-856A-5378EBFD5F13', 'E6195349-5BFD-4E6C-A55F-E0A8C447CF35', 'monto_deposito', 'Monto del depósito', 'numeric', 'No aplica', '', NULL, '[]', 4, '', 1, 'admin', '2025-11-13T16:58:05.0900000', 'admin', '2025-11-13T16:58:05.0900000');
INSERT INTO dbo.AuditTemplateFields (AuditTemplateFieldId, TableScaleTemplateId, FieldCode, FieldName, FieldType, IsCalculated, CalculationFormula, AcumulationType, FieldOptions, SortOrder, DefaultValue, IsActive, CreatedBy, CreationDate, UpdatedBy, UpdateDate) VALUES ('50F86657-468D-4843-BBCA-55E534E1A81D', 'B6661C01-045D-484B-8EA1-D689518C081F', 'total_arqueo', 'Total Arqueo', 'numeric', 'Tablas', 'efectivo + comp_validos + comp_invalidos + reembolso', NULL, '[]', 5, '', 1, 'admin', '2025-11-13T16:58:05.0900000', 'admin', '2025-11-13T16:58:05.0900000');
INSERT INTO dbo.AuditTemplateFields (AuditTemplateFieldId, TableScaleTemplateId, FieldCode, FieldName, FieldType, IsCalculated, CalculationFormula, AcumulationType, FieldOptions, SortOrder, DefaultValue, IsActive, CreatedBy, CreationDate, UpdatedBy, UpdateDate) VALUES ('1973ED89-E6A7-47F7-A2C7-570FBB98DEA5', 'AC17F068-EF70-49BC-9554-1FB07835DD69', 'comp_invalidos', 'Comprobantes inválidos', 'numeric', 'No aplica', '', NULL, '[]', 3, '', 1, 'admin', '2025-11-13T16:58:05.0900000', 'admin', '2025-11-13T16:58:05.0900000');
INSERT INTO dbo.AuditTemplateFields (AuditTemplateFieldId, TableScaleTemplateId, FieldCode, FieldName, FieldType, IsCalculated, CalculationFormula, AcumulationType, FieldOptions, SortOrder, DefaultValue, IsActive, CreatedBy, CreationDate, UpdatedBy, UpdateDate) VALUES ('5C1512C4-EB7D-481F-B04E-57595B6C9BCD', 'E6195349-5BFD-4E6C-A55F-E0A8C447CF35', 'dias_retrazo', 'Días de retrazo', 'numeric', 'No aplica', '', 'SUM', '[]', 8, '', 1, 'admin', '2025-11-13T16:58:05.0900000', 'admin', '2025-11-13T16:58:05.0900000');
INSERT INTO dbo.AuditTemplateFields (AuditTemplateFieldId, TableScaleTemplateId, FieldCode, FieldName, FieldType, IsCalculated, CalculationFormula, AcumulationType, FieldOptions, SortOrder, DefaultValue, IsActive, CreatedBy, CreationDate, UpdatedBy, UpdateDate) VALUES ('144F7A9C-2002-4883-9780-58043E208E11', '8CB99D27-6A5A-4206-BBA9-A2B24141708A', 'dif_pollos', 'Diferencia de pollos', 'numeric', 'No aplica', '', 'SUM', '[]', 5, '', 1, 'admin', '2025-11-13T16:58:05.0900000', 'admin', '2025-11-13T16:58:05.0900000');
INSERT INTO dbo.AuditTemplateFields (AuditTemplateFieldId, TableScaleTemplateId, FieldCode, FieldName, FieldType, IsCalculated, CalculationFormula, AcumulationType, FieldOptions, SortOrder, DefaultValue, IsActive, CreatedBy, CreationDate, UpdatedBy, UpdateDate) VALUES ('1C64EAE6-3E58-471E-B59D-5A166929295C', 'D09F6B29-3BA7-47EC-8F02-CAAB9A8C0A63', 'cmt_rlv', 'Comentarios Relevantes', 'text', 'No aplica', '', NULL, '[]', 7, '', 1, 'admin', '2025-11-13T16:58:05.0900000', 'admin', '2025-11-13T16:58:05.0900000');
INSERT INTO dbo.AuditTemplateFields (AuditTemplateFieldId, TableScaleTemplateId, FieldCode, FieldName, FieldType, IsCalculated, CalculationFormula, AcumulationType, FieldOptions, SortOrder, DefaultValue, IsActive, CreatedBy, CreationDate, UpdatedBy, UpdateDate) VALUES ('20C81192-0465-43DF-95A6-5C86572BFCF5', '710FA9E3-FD8D-4DBA-85BA-995795E08170', 'del', 'Del', 'date', 'No aplica', '', NULL, '[]', 1, '', 1, 'admin', '2025-11-13T16:58:05.0900000', 'admin', '2025-11-13T16:58:05.0900000');
INSERT INTO dbo.AuditTemplateFields (AuditTemplateFieldId, TableScaleTemplateId, FieldCode, FieldName, FieldType, IsCalculated, CalculationFormula, AcumulationType, FieldOptions, SortOrder, DefaultValue, IsActive, CreatedBy, CreationDate, UpdatedBy, UpdateDate) VALUES ('4580F446-708B-4653-841A-5D707134FCFA', '07C06AB6-2A24-49E7-A976-48EBD049D970', 'um', 'UM', 'text', 'Excel', 'BJ7:BJ22', NULL, '[]', 4, '', 1, 'admin', '2025-11-17T22:49:16.3637802', 'admin', '2025-11-17T22:49:16.3637806');
INSERT INTO dbo.AuditTemplateFields (AuditTemplateFieldId, TableScaleTemplateId, FieldCode, FieldName, FieldType, IsCalculated, CalculationFormula, AcumulationType, FieldOptions, SortOrder, DefaultValue, IsActive, CreatedBy, CreationDate, UpdatedBy, UpdateDate) VALUES ('55ED6C6F-7A62-46B9-B48E-5DDB314196CE', '788DB008-B705-4CFA-83FE-B8E5E49BC31C', 'tipo', 'Tipo de Observación', 'select', 'No aplica', '', NULL, '["Falta_de_registro","Registro_fuera_de_fecha","Registro_con_cantidades_diferentes","Otros_casos"]', 1, '', 1, 'admin', '2025-11-13T16:58:05.0900000', 'admin', '2025-11-13T16:58:05.0900000');
INSERT INTO dbo.AuditTemplateFields (AuditTemplateFieldId, TableScaleTemplateId, FieldCode, FieldName, FieldType, IsCalculated, CalculationFormula, AcumulationType, FieldOptions, SortOrder, DefaultValue, IsActive, CreatedBy, CreationDate, UpdatedBy, UpdateDate) VALUES ('B869DA46-AE3D-4BBE-ABD0-5EDB31EE9064', 'BEF36B90-3A98-4E5E-B082-D5A06CECBD56', 'saldo_inicial', 'Saldo inicial', 'numeric', 'No aplica', '', 'SUM', '[]', 9, '', 1, 'admin', '2025-11-13T16:58:05.0900000', 'admin', '2025-11-13T16:58:05.0900000');
INSERT INTO dbo.AuditTemplateFields (AuditTemplateFieldId, TableScaleTemplateId, FieldCode, FieldName, FieldType, IsCalculated, CalculationFormula, AcumulationType, FieldOptions, SortOrder, DefaultValue, IsActive, CreatedBy, CreationDate, UpdatedBy, UpdateDate) VALUES ('66019315-17BA-4D57-9163-6236FC29CF19', '5F5BDC64-F471-464A-B0BC-3A2CF9914A0C', 'monto_soles', 'S/.', 'numeric', 'No aplica', '', NULL, '[]', 2, '', 1, 'admin', '2025-11-13T16:58:05.0900000', 'admin', '2025-11-13T16:58:05.0900000');
INSERT INTO dbo.AuditTemplateFields (AuditTemplateFieldId, TableScaleTemplateId, FieldCode, FieldName, FieldType, IsCalculated, CalculationFormula, AcumulationType, FieldOptions, SortOrder, DefaultValue, IsActive, CreatedBy, CreationDate, UpdatedBy, UpdateDate) VALUES ('F8EA5934-B763-47F3-8E7F-626AAD615EC4', 'A0C80AE0-4FA2-45C4-B995-E4EAFE551D5B', 'total', 'Total S/.', 'numeric', 'No aplica', '', 'SUM', '[]', 3, '', 1, 'admin', '2025-11-13T16:58:05.0900000', 'admin', '2025-11-13T16:58:05.0900000');
INSERT INTO dbo.AuditTemplateFields (AuditTemplateFieldId, TableScaleTemplateId, FieldCode, FieldName, FieldType, IsCalculated, CalculationFormula, AcumulationType, FieldOptions, SortOrder, DefaultValue, IsActive, CreatedBy, CreationDate, UpdatedBy, UpdateDate) VALUES ('CCA88C85-8B0E-4F28-93ED-64CBF93D52EC', 'B6661C01-045D-484B-8EA1-D689518C081F', 'comp_invalidos', 'Comprobantes inválidos', 'numeric', 'No aplica', '', NULL, '[]', 4, '', 1, 'admin', '2025-11-13T16:58:05.0900000', 'admin', '2025-11-13T16:58:05.0900000');
INSERT INTO dbo.AuditTemplateFields (AuditTemplateFieldId, TableScaleTemplateId, FieldCode, FieldName, FieldType, IsCalculated, CalculationFormula, AcumulationType, FieldOptions, SortOrder, DefaultValue, IsActive, CreatedBy, CreationDate, UpdatedBy, UpdateDate) VALUES ('347A2EA5-63B5-4629-A82E-676A701CE88B', 'C31B3244-2A5C-41AE-9950-B79109D974F5', 'coment_sobrante', 'Comentario -Sobrante', 'text', 'No aplica', '', NULL, '[]', 8, '.', 1, 'admin', '2025-11-13T16:58:05.0900000', 'admin', '2025-11-27T15:00:10.5370759');
INSERT INTO dbo.AuditTemplateFields (AuditTemplateFieldId, TableScaleTemplateId, FieldCode, FieldName, FieldType, IsCalculated, CalculationFormula, AcumulationType, FieldOptions, SortOrder, DefaultValue, IsActive, CreatedBy, CreationDate, UpdatedBy, UpdateDate) VALUES ('B361D40C-D445-4087-9E60-6811652FD5D4', 'EE26B3CF-385A-4EBC-9396-8C4222BC2354', 'firmados', 'Todos los descuentos estan firmados (SI/NO)', 'select', 'No aplica', '', 'COUNT', '["si","no"]', 3, '', 1, 'admin', '2025-11-13T16:58:05.0900000', 'admin', '2025-11-13T16:58:05.0900000');
INSERT INTO dbo.AuditTemplateFields (AuditTemplateFieldId, TableScaleTemplateId, FieldCode, FieldName, FieldType, IsCalculated, CalculationFormula, AcumulationType, FieldOptions, SortOrder, DefaultValue, IsActive, CreatedBy, CreationDate, UpdatedBy, UpdateDate) VALUES ('CA3385CB-C189-4F1C-A293-6C4027D677ED', 'A0C80AE0-4FA2-45C4-B995-E4EAFE551D5B', 'prod', 'Producto', 'text', 'No aplica', '', NULL, '[]', 1, '', 1, 'admin', '2025-11-13T16:58:05.0900000', 'admin', '2025-11-13T16:58:05.0900000');
INSERT INTO dbo.AuditTemplateFields (AuditTemplateFieldId, TableScaleTemplateId, FieldCode, FieldName, FieldType, IsCalculated, CalculationFormula, AcumulationType, FieldOptions, SortOrder, DefaultValue, IsActive, CreatedBy, CreationDate, UpdatedBy, UpdateDate) VALUES ('8D1B6A98-1354-41F0-98A1-6CE0805C16B8', '788DB008-B705-4CFA-83FE-B8E5E49BC31C', 'observado', 'Observado', 'select', 'No aplica', '', 'COUNT', '["si","excep"]', 4, '', 1, 'admin', '2025-11-13T16:58:05.0900000', 'admin', '2025-11-13T16:58:05.0900000');
INSERT INTO dbo.AuditTemplateFields (AuditTemplateFieldId, TableScaleTemplateId, FieldCode, FieldName, FieldType, IsCalculated, CalculationFormula, AcumulationType, FieldOptions, SortOrder, DefaultValue, IsActive, CreatedBy, CreationDate, UpdatedBy, UpdateDate) VALUES ('C522D0EB-B5AF-47B9-8F5D-6E57D7285DF3', '63F978E1-BB59-44AB-9164-21CBDA4BBD2B', 'detalle', 'Detalle Incumplimiento', 'text', 'No aplica', '', NULL, '[]', 3, '', 1, 'admin', '2025-11-13T16:58:05.0900000', 'admin', '2025-11-13T16:58:05.0900000');
INSERT INTO dbo.AuditTemplateFields (AuditTemplateFieldId, TableScaleTemplateId, FieldCode, FieldName, FieldType, IsCalculated, CalculationFormula, AcumulationType, FieldOptions, SortOrder, DefaultValue, IsActive, CreatedBy, CreationDate, UpdatedBy, UpdateDate) VALUES ('51B100E2-D336-4A05-99D6-6F9401425C9B', 'BEF36B90-3A98-4E5E-B082-D5A06CECBD56', 'salidas', 'Salidas', 'numeric', 'No aplica', '', 'SUM', '[]', 3, '', 1, 'admin', '2025-11-13T16:58:05.0900000', 'admin', '2025-11-13T16:58:05.0900000');
INSERT INTO dbo.AuditTemplateFields (AuditTemplateFieldId, TableScaleTemplateId, FieldCode, FieldName, FieldType, IsCalculated, CalculationFormula, AcumulationType, FieldOptions, SortOrder, DefaultValue, IsActive, CreatedBy, CreationDate, UpdatedBy, UpdateDate) VALUES ('6C61F4F3-2B35-45CA-9EBF-70C3CD821365', 'E3CEB7C8-8EC6-43C5-8C4A-3204460F6807', 'pregunta_dos', 'P2:Las diferencias son reponsabilidad de la administración, ya sea por falta de registro o dif real', 'select', 'No aplica', '', 'COUNT', '["si","no","excep"]', 3, '', 1, 'admin', '2025-11-13T16:58:05.0900000', 'admin', '2025-11-26T16:31:31.0334667');
INSERT INTO dbo.AuditTemplateFields (AuditTemplateFieldId, TableScaleTemplateId, FieldCode, FieldName, FieldType, IsCalculated, CalculationFormula, AcumulationType, FieldOptions, SortOrder, DefaultValue, IsActive, CreatedBy, CreationDate, UpdatedBy, UpdateDate) VALUES ('8B4545D9-6302-48B0-B20D-75C9BFD46D12', 'C9C009BF-7417-4240-A295-2EF1D4BDEB9F', 'um', 'UM', 'text', 'Excel', 'AZ8:AZ23', NULL, '[]', 4, '', 1, 'admin', '2025-11-17T22:58:25.2681759', 'admin', '2025-11-17T22:58:25.2681760');
INSERT INTO dbo.AuditTemplateFields (AuditTemplateFieldId, TableScaleTemplateId, FieldCode, FieldName, FieldType, IsCalculated, CalculationFormula, AcumulationType, FieldOptions, SortOrder, DefaultValue, IsActive, CreatedBy, CreationDate, UpdatedBy, UpdateDate) VALUES ('192FDEA2-4D02-4649-A44E-75D023709BEA', 'EDD3492C-AE56-44DE-9E9C-E5D64CF6BC8F', 'coment_faltantes', 'Cometario faltantes', 'text', 'No aplica', '', NULL, '[]', 3, '.', 1, 'admin', '2025-11-13T16:58:05.0900000', 'admin', '2025-11-27T10:45:41.5030374');
INSERT INTO dbo.AuditTemplateFields (AuditTemplateFieldId, TableScaleTemplateId, FieldCode, FieldName, FieldType, IsCalculated, CalculationFormula, AcumulationType, FieldOptions, SortOrder, DefaultValue, IsActive, CreatedBy, CreationDate, UpdatedBy, UpdateDate) VALUES ('E336B365-153C-4195-8CF3-765992E16200', 'F72E9495-B6EC-4A26-900C-409B64454242', 'fondo_sencillo', 'Fondo de sencillo', 'numeric', 'No aplica', '', NULL, '[]', 1, '', 1, 'admin', '2025-11-13T16:58:05.0900000', 'admin', '2025-12-02T10:19:14.0191505');
INSERT INTO dbo.AuditTemplateFields (AuditTemplateFieldId, TableScaleTemplateId, FieldCode, FieldName, FieldType, IsCalculated, CalculationFormula, AcumulationType, FieldOptions, SortOrder, DefaultValue, IsActive, CreatedBy, CreationDate, UpdatedBy, UpdateDate) VALUES ('ECB6E297-39D2-4595-9732-773D449E630A', 'C31B3244-2A5C-41AE-9950-B79109D974F5', 'sobrantes_soles', 'Sobrantes S/.', 'numeric', 'Excel', 'N2', NULL, '[]', 3, '', 1, 'admin', '2025-11-13T16:58:05.0900000', 'admin', '2025-11-17T16:30:58.5870880');
INSERT INTO dbo.AuditTemplateFields (AuditTemplateFieldId, TableScaleTemplateId, FieldCode, FieldName, FieldType, IsCalculated, CalculationFormula, AcumulationType, FieldOptions, SortOrder, DefaultValue, IsActive, CreatedBy, CreationDate, UpdatedBy, UpdateDate) VALUES ('9F00BDD6-B9CB-4666-B6BC-783DD1DFE915', '46B9E394-42A3-4705-BDE2-0B5E475A02B3', 'porcent_dif', '% de diferencia', 'numeric', 'Tablas', 'dif_papa / decargada_vta * 100', 'SUM', '[]', 6, '', 1, 'admin', '2025-11-13T16:58:05.0900000', 'admin', '2025-11-24T16:39:41.6541458');
INSERT INTO dbo.AuditTemplateFields (AuditTemplateFieldId, TableScaleTemplateId, FieldCode, FieldName, FieldType, IsCalculated, CalculationFormula, AcumulationType, FieldOptions, SortOrder, DefaultValue, IsActive, CreatedBy, CreationDate, UpdatedBy, UpdateDate) VALUES ('2B3159AB-27A0-44EE-AE91-78545200574B', '8CB99D27-6A5A-4206-BBA9-A2B24141708A', 'porcent_dif', '% de Diferencia', 'numeric', 'Tablas', 'dif_pollos / num_p_descargads * 100', 'SUM', '[]', 6, '', 1, 'admin', '2025-11-13T16:58:05.0900000', 'admin', '2025-11-24T16:38:58.8251181');
INSERT INTO dbo.AuditTemplateFields (AuditTemplateFieldId, TableScaleTemplateId, FieldCode, FieldName, FieldType, IsCalculated, CalculationFormula, AcumulationType, FieldOptions, SortOrder, DefaultValue, IsActive, CreatedBy, CreationDate, UpdatedBy, UpdateDate) VALUES ('FC368D55-6593-48AE-937F-79CB2BF8F418', '6AED8114-081F-4694-B24C-A26E7929F14A', 'cantidad', 'Cantidad', 'numeric', 'No aplica', '', 'SUM', '[]', 2, '0', 1, 'admin', '2025-11-13T16:58:05.0900000', 'admin', '2025-11-13T16:58:05.0900000');
INSERT INTO dbo.AuditTemplateFields (AuditTemplateFieldId, TableScaleTemplateId, FieldCode, FieldName, FieldType, IsCalculated, CalculationFormula, AcumulationType, FieldOptions, SortOrder, DefaultValue, IsActive, CreatedBy, CreationDate, UpdatedBy, UpdateDate) VALUES ('D8DFF5AC-1E2C-4FC9-A5C8-7AD3F0B32168', 'BB05A45A-54AF-47F3-83FF-CE474D0D4CC3', 'al', 'Al', 'date', 'No aplica', '', NULL, '[]', 2, '', 1, 'admin', '2025-11-13T16:58:05.0900000', 'admin', '2025-11-13T16:58:05.0900000');
INSERT INTO dbo.AuditTemplateFields (AuditTemplateFieldId, TableScaleTemplateId, FieldCode, FieldName, FieldType, IsCalculated, CalculationFormula, AcumulationType, FieldOptions, SortOrder, DefaultValue, IsActive, CreatedBy, CreationDate, UpdatedBy, UpdateDate) VALUES ('8623981A-EF75-40F1-AD42-7C0DA24A1DA4', 'C31B3244-2A5C-41AE-9950-B79109D974F5', 'neto_cant', 'Neto cant.', 'numeric', 'Excel', 'P3', 'SUM', '[]', 6, '', 1, 'admin', '2025-11-13T16:58:05.0900000', 'admin', '2025-11-17T16:32:00.6276413');
INSERT INTO dbo.AuditTemplateFields (AuditTemplateFieldId, TableScaleTemplateId, FieldCode, FieldName, FieldType, IsCalculated, CalculationFormula, AcumulationType, FieldOptions, SortOrder, DefaultValue, IsActive, CreatedBy, CreationDate, UpdatedBy, UpdateDate) VALUES ('58468602-0810-4622-8CF2-7EC8B91A4B6C', '46B9E394-42A3-4705-BDE2-0B5E475A02B3', 'dif_lechuga', 'Diferencia de Lechuga en Kg', 'numeric', 'No aplica', '', 'SUM', '[]', 5, '0', 1, 'admin', '2025-11-13T16:58:05.0900000', 'admin', '2025-12-02T11:53:36.0567564');
INSERT INTO dbo.AuditTemplateFields (AuditTemplateFieldId, TableScaleTemplateId, FieldCode, FieldName, FieldType, IsCalculated, CalculationFormula, AcumulationType, FieldOptions, SortOrder, DefaultValue, IsActive, CreatedBy, CreationDate, UpdatedBy, UpdateDate) VALUES ('E5B1B791-A735-4E77-8647-7EFDE9F845ED', '5B8AB8F3-04A1-48A3-A410-8C36BED23138', 'monto_soles', 'S/.', 'numeric', 'No aplica', '', 'SUM', '[]', 2, '', 1, 'admin', '2025-11-13T16:58:05.0900000', 'admin', '2025-11-13T16:58:05.0900000');
INSERT INTO dbo.AuditTemplateFields (AuditTemplateFieldId, TableScaleTemplateId, FieldCode, FieldName, FieldType, IsCalculated, CalculationFormula, AcumulationType, FieldOptions, SortOrder, DefaultValue, IsActive, CreatedBy, CreationDate, UpdatedBy, UpdateDate) VALUES ('5CFB9EE9-E639-4934-AA6F-7FC62EF594C3', 'BB05A45A-54AF-47F3-83FF-CE474D0D4CC3', 'pct_diferencia', '% de diferencia', 'numeric', 'Tablas', 'dif_aji_bolsas_ltrs / descarg_vta * 100', 'SUM', '[]', 6, '', 1, 'admin', '2025-11-13T16:58:05.0900000', 'admin', '2025-11-24T16:40:03.7920120');
INSERT INTO dbo.AuditTemplateFields (AuditTemplateFieldId, TableScaleTemplateId, FieldCode, FieldName, FieldType, IsCalculated, CalculationFormula, AcumulationType, FieldOptions, SortOrder, DefaultValue, IsActive, CreatedBy, CreationDate, UpdatedBy, UpdateDate) VALUES ('56E860F0-F1FF-4B67-983C-805F65DC6692', 'C9C009BF-7417-4240-A295-2EF1D4BDEB9F', 'coment', 'Comentario', 'text', 'No aplica', '', NULL, '[]', 5, 'Ninguna', 1, 'admin', '2025-11-17T22:59:24.7898421', 'admin', '2025-11-17T22:59:24.7898424');
INSERT INTO dbo.AuditTemplateFields (AuditTemplateFieldId, TableScaleTemplateId, FieldCode, FieldName, FieldType, IsCalculated, CalculationFormula, AcumulationType, FieldOptions, SortOrder, DefaultValue, IsActive, CreatedBy, CreationDate, UpdatedBy, UpdateDate) VALUES ('8F8531A3-14E6-480F-866D-81430E810C74', 'BB05A45A-54AF-47F3-83FF-CE474D0D4CC3', 'descarg_vta', 'Aji descargado por VTA en bolsas de 4trs', 'numeric', 'No aplica', '', 'SUM', '[]', 4, '', 1, 'admin', '2025-11-13T16:58:05.0900000', 'admin', '2025-11-18T16:53:52.6934445');
INSERT INTO dbo.AuditTemplateFields (AuditTemplateFieldId, TableScaleTemplateId, FieldCode, FieldName, FieldType, IsCalculated, CalculationFormula, AcumulationType, FieldOptions, SortOrder, DefaultValue, IsActive, CreatedBy, CreationDate, UpdatedBy, UpdateDate) VALUES ('261AC6D8-4D23-49A9-86FC-816F51200CCB', 'BEF36B90-3A98-4E5E-B082-D5A06CECBD56', 'facturado', 'Facturado', 'numeric', 'No aplica', '', NULL, '[]', 5, '', 1, 'admin', '2025-11-13T16:58:05.0900000', 'admin', '2025-11-13T16:58:05.0900000');
INSERT INTO dbo.AuditTemplateFields (AuditTemplateFieldId, TableScaleTemplateId, FieldCode, FieldName, FieldType, IsCalculated, CalculationFormula, AcumulationType, FieldOptions, SortOrder, DefaultValue, IsActive, CreatedBy, CreationDate, UpdatedBy, UpdateDate) VALUES ('64ED3823-9721-473F-80B1-825F8D9FA9A2', 'E3CEB7C8-8EC6-43C5-8C4A-3204460F6807', 'pregunta_tres', 'P3:De no ser responsabilidad de la administración - Fueron informadas al area correspondiente del Back Office.', 'select', 'No aplica', '', 'COUNT', '["si","no","excep"]', 5, '', 1, 'admin', '2025-11-13T16:58:05.0900000', 'admin', '2025-11-26T16:31:48.7900421');
INSERT INTO dbo.AuditTemplateFields (AuditTemplateFieldId, TableScaleTemplateId, FieldCode, FieldName, FieldType, IsCalculated, CalculationFormula, AcumulationType, FieldOptions, SortOrder, DefaultValue, IsActive, CreatedBy, CreationDate, UpdatedBy, UpdateDate) VALUES ('14939E02-F620-4C80-BC67-83C6F05E8C63', '188690D7-B460-488D-84C1-B74937FFBDD8', 'del', 'Del', 'date', 'No aplica', '', NULL, '[]', 1, '', 1, 'admin', '2025-11-13T16:58:05.0900000', 'admin', '2025-11-13T16:58:05.0900000');
INSERT INTO dbo.AuditTemplateFields (AuditTemplateFieldId, TableScaleTemplateId, FieldCode, FieldName, FieldType, IsCalculated, CalculationFormula, AcumulationType, FieldOptions, SortOrder, DefaultValue, IsActive, CreatedBy, CreationDate, UpdatedBy, UpdateDate) VALUES ('4A3C65B3-CBFD-43B2-B4AA-847FDD4E64C3', 'D09F6B29-3BA7-47EC-8F02-CAAB9A8C0A63', 'nro_dias_eval', 'Nro de Dias evaluados', 'numeric', 'No aplica', '', NULL, '[]', 3, '', 1, 'admin', '2025-11-13T16:58:05.0900000', 'admin', '2025-11-13T16:58:05.0900000');
INSERT INTO dbo.AuditTemplateFields (AuditTemplateFieldId, TableScaleTemplateId, FieldCode, FieldName, FieldType, IsCalculated, CalculationFormula, AcumulationType, FieldOptions, SortOrder, DefaultValue, IsActive, CreatedBy, CreationDate, UpdatedBy, UpdateDate) VALUES ('D4944ED5-C84D-437A-AC03-850532EECA69', '710FA9E3-FD8D-4DBA-85BA-995795E08170', 'coment', 'Comentario', 'text', 'No aplica', '', NULL, '[]', 7, '', 1, 'admin', '2025-11-13T16:58:05.0900000', 'admin', '2025-11-13T16:58:05.0900000');
INSERT INTO dbo.AuditTemplateFields (AuditTemplateFieldId, TableScaleTemplateId, FieldCode, FieldName, FieldType, IsCalculated, CalculationFormula, AcumulationType, FieldOptions, SortOrder, DefaultValue, IsActive, CreatedBy, CreationDate, UpdatedBy, UpdateDate) VALUES ('37FB420D-2ABD-4FA3-A64C-8673339AB5DE', 'A0C80AE0-4FA2-45C4-B995-E4EAFE551D5B', 'cant', 'Cantidad', 'numeric', 'No aplica', '', 'SUM', '[]', 2, '', 1, 'admin', '2025-11-13T16:58:05.0900000', 'admin', '2025-11-13T16:58:05.0900000');
INSERT INTO dbo.AuditTemplateFields (AuditTemplateFieldId, TableScaleTemplateId, FieldCode, FieldName, FieldType, IsCalculated, CalculationFormula, AcumulationType, FieldOptions, SortOrder, DefaultValue, IsActive, CreatedBy, CreationDate, UpdatedBy, UpdateDate) VALUES ('2A5E0D24-E4F2-4EAA-8397-86E21036379C', '138FA4BB-712B-4CCD-B041-263316C32637', 'monto', 'Faltante(-) / Sobrante(+)', 'numeric', 'Excel', 'BH8:BH23', 'SUM', '[]', 2, '', 1, 'admin', '2025-11-13T16:58:05.0900000', 'admin', '2025-11-17T22:26:16.6989864');
INSERT INTO dbo.AuditTemplateFields (AuditTemplateFieldId, TableScaleTemplateId, FieldCode, FieldName, FieldType, IsCalculated, CalculationFormula, AcumulationType, FieldOptions, SortOrder, DefaultValue, IsActive, CreatedBy, CreationDate, UpdatedBy, UpdateDate) VALUES ('7B988E25-7BCE-42E8-A628-8982C9C819F7', 'E3CEB7C8-8EC6-43C5-8C4A-3204460F6807', 'pregunta_uno', 'P1:Las cuenta corriente de las liquidaciones de dinero de tienda se encuentran sin observaciones - Reporte 205 Spring', 'select', 'No aplica', '', 'COUNT', '["si","no"]', 1, '', 1, 'admin', '2025-11-13T16:58:05.0900000', 'admin', '2025-11-13T16:58:05.0900000');
INSERT INTO dbo.AuditTemplateFields (AuditTemplateFieldId, TableScaleTemplateId, FieldCode, FieldName, FieldType, IsCalculated, CalculationFormula, AcumulationType, FieldOptions, SortOrder, DefaultValue, IsActive, CreatedBy, CreationDate, UpdatedBy, UpdateDate) VALUES ('9896FE74-15EF-42F0-A046-89D5F5B6F65B', 'D09F6B29-3BA7-47EC-8F02-CAAB9A8C0A63', 'al', 'Al', 'date', 'No aplica', '', NULL, '[]', 2, '', 1, 'admin', '2025-11-13T16:58:05.0900000', 'admin', '2025-11-13T16:58:05.0900000');
INSERT INTO dbo.AuditTemplateFields (AuditTemplateFieldId, TableScaleTemplateId, FieldCode, FieldName, FieldType, IsCalculated, CalculationFormula, AcumulationType, FieldOptions, SortOrder, DefaultValue, IsActive, CreatedBy, CreationDate, UpdatedBy, UpdateDate) VALUES ('F8F5C47D-1972-4A0A-92BE-8A1B85629BD1', '3F6DA6B5-553C-40EB-90AD-338EFF4B4513', 'monto_soles', 'S/.', 'numeric', 'No aplica', '', 'SUM', '[]', 1, '', 1, 'admin', '2025-11-13T16:58:05.0900000', 'admin', '2025-11-13T16:58:05.0900000');
INSERT INTO dbo.AuditTemplateFields (AuditTemplateFieldId, TableScaleTemplateId, FieldCode, FieldName, FieldType, IsCalculated, CalculationFormula, AcumulationType, FieldOptions, SortOrder, DefaultValue, IsActive, CreatedBy, CreationDate, UpdatedBy, UpdateDate) VALUES ('A45CDB94-481F-4693-81C8-8C7DC3EEA6AA', '52E09CAE-5BD4-42A0-8F3D-67FA7E0F65C2', 'es_valida', '¿Es valida?', 'select', 'No aplica', '', 'COUNT', '["Si","No"]', 3, '', 1, 'admin', '2025-11-13T16:58:05.0900000', 'admin', '2025-11-13T16:58:05.0900000');
INSERT INTO dbo.AuditTemplateFields (AuditTemplateFieldId, TableScaleTemplateId, FieldCode, FieldName, FieldType, IsCalculated, CalculationFormula, AcumulationType, FieldOptions, SortOrder, DefaultValue, IsActive, CreatedBy, CreationDate, UpdatedBy, UpdateDate) VALUES ('280A3DE6-A50E-4999-8010-8D561E6F2D6A', '63F978E1-BB59-44AB-9164-21CBDA4BBD2B', 'observado', 'Observado', 'select', 'No aplica', '', 'COUNT', '["si","excep"]', 4, '', 1, 'admin', '2025-11-13T16:58:05.0900000', 'admin', '2025-11-13T16:58:05.0900000');
INSERT INTO dbo.AuditTemplateFields (AuditTemplateFieldId, TableScaleTemplateId, FieldCode, FieldName, FieldType, IsCalculated, CalculationFormula, AcumulationType, FieldOptions, SortOrder, DefaultValue, IsActive, CreatedBy, CreationDate, UpdatedBy, UpdateDate) VALUES ('8BF5A061-5A96-40CE-93A8-8D7E59A1C019', 'C31B3244-2A5C-41AE-9950-B79109D974F5', 'neto_soles', 'Neto en S/.', 'numeric', 'Excel', 'N3', 'SUM', '[]', 5, '', 1, 'admin', '2025-11-13T16:58:05.0900000', 'admin', '2025-11-17T16:31:39.0727412');
INSERT INTO dbo.AuditTemplateFields (AuditTemplateFieldId, TableScaleTemplateId, FieldCode, FieldName, FieldType, IsCalculated, CalculationFormula, AcumulationType, FieldOptions, SortOrder, DefaultValue, IsActive, CreatedBy, CreationDate, UpdatedBy, UpdateDate) VALUES ('7279B912-A878-4B39-BCF9-8EFCB8B7C9FF', 'BEF36B90-3A98-4E5E-B082-D5A06CECBD56', 'fecha', 'Fecha', 'date', 'No aplica', '', NULL, '[]', 1, '', 1, 'admin', '2025-11-13T16:58:05.0900000', 'admin', '2025-11-13T16:58:05.0900000');
INSERT INTO dbo.AuditTemplateFields (AuditTemplateFieldId, TableScaleTemplateId, FieldCode, FieldName, FieldType, IsCalculated, CalculationFormula, AcumulationType, FieldOptions, SortOrder, DefaultValue, IsActive, CreatedBy, CreationDate, UpdatedBy, UpdateDate) VALUES ('32300346-4AA2-4574-844C-92FD88C8C348', '639F051C-5AD5-4110-8B7F-0CAB7E346F3C', 'detalle', 'Detalle incumplimiento', 'text', 'No aplica', '', NULL, '[]', 3, '', 1, 'admin', '2025-11-13T16:58:05.0900000', 'admin', '2025-11-13T16:58:05.0900000');
INSERT INTO dbo.AuditTemplateFields (AuditTemplateFieldId, TableScaleTemplateId, FieldCode, FieldName, FieldType, IsCalculated, CalculationFormula, AcumulationType, FieldOptions, SortOrder, DefaultValue, IsActive, CreatedBy, CreationDate, UpdatedBy, UpdateDate) VALUES ('2FAD3F41-5781-46E9-85AA-94C077ADDE94', '7AF24E1C-7117-4C57-8E10-4A3D883145CB', 'al', 'Al', 'date', 'No aplica', '', NULL, '[]', 2, '', 1, 'admin', '2025-11-13T16:58:05.0900000', 'admin', '2025-11-13T16:58:05.0900000');
INSERT INTO dbo.AuditTemplateFields (AuditTemplateFieldId, TableScaleTemplateId, FieldCode, FieldName, FieldType, IsCalculated, CalculationFormula, AcumulationType, FieldOptions, SortOrder, DefaultValue, IsActive, CreatedBy, CreationDate, UpdatedBy, UpdateDate) VALUES ('BEF14776-55A8-40D5-8AEF-958F78E7B15E', 'B6661C01-045D-484B-8EA1-D689518C081F', 'reembolso', 'C.Chicas P. Reembolso', 'numeric', 'No aplica', '', NULL, '[]', 3, '', 1, 'admin', '2025-11-13T16:58:05.0900000', 'admin', '2025-11-13T16:58:05.0900000');
INSERT INTO dbo.AuditTemplateFields (AuditTemplateFieldId, TableScaleTemplateId, FieldCode, FieldName, FieldType, IsCalculated, CalculationFormula, AcumulationType, FieldOptions, SortOrder, DefaultValue, IsActive, CreatedBy, CreationDate, UpdatedBy, UpdateDate) VALUES ('1503AD05-D009-478D-8A2C-95B9BE6A1F67', '710FA9E3-FD8D-4DBA-85BA-995795E08170', 'diferencia', 'Diferencia de Papa en Kg', 'numeric', 'No aplica', '', 'SUM', '[]', 5, '', 1, 'admin', '2025-11-13T16:58:05.0900000', 'admin', '2025-11-13T16:58:05.0900000');
INSERT INTO dbo.AuditTemplateFields (AuditTemplateFieldId, TableScaleTemplateId, FieldCode, FieldName, FieldType, IsCalculated, CalculationFormula, AcumulationType, FieldOptions, SortOrder, DefaultValue, IsActive, CreatedBy, CreationDate, UpdatedBy, UpdateDate) VALUES ('6FE7E950-948A-4D3A-834D-95F96E995277', 'F81BDC42-E8B1-4CB8-A87F-29F30D4F8583', 'adminis', 'Administrador que Gestionó TMSA', 'text', 'No aplica', '', NULL, '[]', 2, '', 1, 'admin', '2025-11-13T16:58:05.0900000', 'admin', '2025-11-13T16:58:05.0900000');
INSERT INTO dbo.AuditTemplateFields (AuditTemplateFieldId, TableScaleTemplateId, FieldCode, FieldName, FieldType, IsCalculated, CalculationFormula, AcumulationType, FieldOptions, SortOrder, DefaultValue, IsActive, CreatedBy, CreationDate, UpdatedBy, UpdateDate) VALUES ('6C20E5E8-C639-499C-9C6B-97F788C93719', '46B9E394-42A3-4705-BDE2-0B5E475A02B3', 'del', 'Del', 'date', 'No aplica', '', NULL, '[]', 1, '', 1, 'admin', '2025-11-13T16:58:05.0900000', 'admin', '2025-11-13T16:58:05.0900000');
INSERT INTO dbo.AuditTemplateFields (AuditTemplateFieldId, TableScaleTemplateId, FieldCode, FieldName, FieldType, IsCalculated, CalculationFormula, AcumulationType, FieldOptions, SortOrder, DefaultValue, IsActive, CreatedBy, CreationDate, UpdatedBy, UpdateDate) VALUES ('12107F6D-E60B-41EF-9006-9C06777DE46D', 'EE26B3CF-385A-4EBC-9396-8C4222BC2354', 'detalle', 'Detalle de observaciones / incumplimientos', 'text', 'No aplica', '', NULL, '[]', 4, '', 1, 'admin', '2025-11-13T16:58:05.0900000', 'admin', '2025-11-13T16:58:05.0900000');
INSERT INTO dbo.AuditTemplateFields (AuditTemplateFieldId, TableScaleTemplateId, FieldCode, FieldName, FieldType, IsCalculated, CalculationFormula, AcumulationType, FieldOptions, SortOrder, DefaultValue, IsActive, CreatedBy, CreationDate, UpdatedBy, UpdateDate) VALUES ('86393C76-FD50-4F45-B9E9-9F55DD5CBCF9', 'F20556B2-0D00-4DCE-ACAA-1B1021203E0A', 'prod', 'Producto', 'text', 'No aplica', '', NULL, '[]', 1, '', 1, 'admin', '2025-11-13T16:58:05.0900000', 'admin', '2025-11-13T16:58:05.0900000');
INSERT INTO dbo.AuditTemplateFields (AuditTemplateFieldId, TableScaleTemplateId, FieldCode, FieldName, FieldType, IsCalculated, CalculationFormula, AcumulationType, FieldOptions, SortOrder, DefaultValue, IsActive, CreatedBy, CreationDate, UpdatedBy, UpdateDate) VALUES ('DA41C235-4173-4D4F-BC82-A01ACAA5659B', '07C06AB6-2A24-49E7-A976-48EBD049D970', 'coment', 'Comentarios', 'text', 'No aplica', '', NULL, '[]', 5, 'Ninguna', 1, 'admin', '2025-11-17T22:50:31.9567377', 'admin', '2025-11-17T22:50:31.9567381');
INSERT INTO dbo.AuditTemplateFields (AuditTemplateFieldId, TableScaleTemplateId, FieldCode, FieldName, FieldType, IsCalculated, CalculationFormula, AcumulationType, FieldOptions, SortOrder, DefaultValue, IsActive, CreatedBy, CreationDate, UpdatedBy, UpdateDate) VALUES ('1628167C-2B3C-4B1C-B206-A074C30CD1E7', '138FA4BB-712B-4CCD-B041-263316C32637', 'insumo', 'Insumo', 'text', 'Excel', 'BC8:BC23', NULL, '[]', 1, '', 1, 'admin', '2025-11-13T16:58:05.0900000', 'admin', '2025-11-17T22:25:02.6676400');
INSERT INTO dbo.AuditTemplateFields (AuditTemplateFieldId, TableScaleTemplateId, FieldCode, FieldName, FieldType, IsCalculated, CalculationFormula, AcumulationType, FieldOptions, SortOrder, DefaultValue, IsActive, CreatedBy, CreationDate, UpdatedBy, UpdateDate) VALUES ('C56924B2-2143-427C-8F8B-A17E55FED1D7', '6AED8114-081F-4694-B24C-A26E7929F14A', 'fecha_venc', 'Fecha vencimiento', 'date', 'No aplica', '', NULL, '[]', 3, '', 1, 'admin', '2025-11-13T16:58:05.0900000', 'admin', '2025-11-13T16:58:05.0900000');
INSERT INTO dbo.AuditTemplateFields (AuditTemplateFieldId, TableScaleTemplateId, FieldCode, FieldName, FieldType, IsCalculated, CalculationFormula, AcumulationType, FieldOptions, SortOrder, DefaultValue, IsActive, CreatedBy, CreationDate, UpdatedBy, UpdateDate) VALUES ('A1C537E1-9CFF-441D-AAA5-A1819639686B', '4B1EBA56-1DB9-4BDF-BF0B-561EA11A5034', 'observaciones', 'Observaciones relevantes', 'text', 'No aplica', '', NULL, '[]', 5, '', 1, 'admin', '2025-11-13T16:58:05.0900000', 'admin', '2025-11-13T16:58:05.0900000');
INSERT INTO dbo.AuditTemplateFields (AuditTemplateFieldId, TableScaleTemplateId, FieldCode, FieldName, FieldType, IsCalculated, CalculationFormula, AcumulationType, FieldOptions, SortOrder, DefaultValue, IsActive, CreatedBy, CreationDate, UpdatedBy, UpdateDate) VALUES ('A5A0CD6B-9022-489F-8C1B-A1BD2DAF7E08', 'F3811101-AC19-4952-AE67-BD7EAF18CCFB', 'um', 'UM', 'text', 'Excel', 'BT7:BT22', NULL, '[]', 4, '', 1, 'admin', '2025-11-13T16:58:05.0900000', 'admin', '2025-11-17T16:36:19.3772064');
INSERT INTO dbo.AuditTemplateFields (AuditTemplateFieldId, TableScaleTemplateId, FieldCode, FieldName, FieldType, IsCalculated, CalculationFormula, AcumulationType, FieldOptions, SortOrder, DefaultValue, IsActive, CreatedBy, CreationDate, UpdatedBy, UpdateDate) VALUES ('7CF95BB9-BFA7-4378-B305-A39B06FB4BB5', '8CB99D27-6A5A-4206-BBA9-A2B24141708A', 'num_dias_evaluados', 'Número de días evaluados', 'numeric', 'No aplica', '', 'SUM', '[]', 3, '', 1, 'admin', '2025-11-13T16:58:05.0900000', 'admin', '2025-11-13T16:58:05.0900000');
INSERT INTO dbo.AuditTemplateFields (AuditTemplateFieldId, TableScaleTemplateId, FieldCode, FieldName, FieldType, IsCalculated, CalculationFormula, AcumulationType, FieldOptions, SortOrder, DefaultValue, IsActive, CreatedBy, CreationDate, UpdatedBy, UpdateDate) VALUES ('94614099-2D66-41F7-B5A5-A3D5D45E2124', '6AED8114-081F-4694-B24C-A26E7929F14A', 'cond_producto', '¿Condición del producto?', 'select', 'No aplica', '', 'COUNT', '["vencido","mal_estado"]', 5, '', 1, 'admin', '2025-11-13T16:58:05.0900000', 'admin', '2025-11-27T09:55:15.6506513');
INSERT INTO dbo.AuditTemplateFields (AuditTemplateFieldId, TableScaleTemplateId, FieldCode, FieldName, FieldType, IsCalculated, CalculationFormula, AcumulationType, FieldOptions, SortOrder, DefaultValue, IsActive, CreatedBy, CreationDate, UpdatedBy, UpdateDate) VALUES ('D592A79E-94F4-4632-BF80-A459C2F994CB', '5B6E23ED-0F56-47A1-AD07-EEE718CA61A5', 'observacion', 'Observaciones Detalle', 'text', 'No aplica', '', NULL, '[]', 4, '', 1, 'admin', '2025-11-13T16:58:05.0900000', 'admin', '2025-11-13T16:58:05.0900000');
INSERT INTO dbo.AuditTemplateFields (AuditTemplateFieldId, TableScaleTemplateId, FieldCode, FieldName, FieldType, IsCalculated, CalculationFormula, AcumulationType, FieldOptions, SortOrder, DefaultValue, IsActive, CreatedBy, CreationDate, UpdatedBy, UpdateDate) VALUES ('8F0A10CE-B2CC-4492-917D-A5123E884CAC', 'B975B8B6-F6D0-4D56-BEC7-094C4A788B5F', 'descuento_sis', 'Descuento en Sistema Tareo', 'numeric', 'No aplica', '', 'SUM', '[]', 4, '', 1, 'admin', '2025-11-13T16:58:05.0900000', 'admin', '2025-11-13T16:58:05.0900000');
INSERT INTO dbo.AuditTemplateFields (AuditTemplateFieldId, TableScaleTemplateId, FieldCode, FieldName, FieldType, IsCalculated, CalculationFormula, AcumulationType, FieldOptions, SortOrder, DefaultValue, IsActive, CreatedBy, CreationDate, UpdatedBy, UpdateDate) VALUES ('C77F5934-2BE4-4332-B4A0-A52DBBDF179D', '9E2BE3E0-6B7B-41C8-9542-83DCBD99D26C', 'coment', 'Comentario', 'text', 'No aplica', '', NULL, '[]', 5, 'Ninguna', 1, 'admin', '2025-11-17T23:03:58.2721894', 'admin', '2025-11-17T23:03:58.2721898');
INSERT INTO dbo.AuditTemplateFields (AuditTemplateFieldId, TableScaleTemplateId, FieldCode, FieldName, FieldType, IsCalculated, CalculationFormula, AcumulationType, FieldOptions, SortOrder, DefaultValue, IsActive, CreatedBy, CreationDate, UpdatedBy, UpdateDate) VALUES ('4941B679-4FD7-421D-AA35-A56BC9D7117A', 'B975B8B6-F6D0-4D56-BEC7-094C4A788B5F', 'diferencia', 'Diferencias por Aplicar S/.', 'numeric', 'Tablas', 'faltante_inv - descuento_sis', 'SUM', '[]', 5, '', 1, 'admin', '2025-11-13T16:58:05.0900000', 'admin', '2025-11-13T16:58:05.0900000');
INSERT INTO dbo.AuditTemplateFields (AuditTemplateFieldId, TableScaleTemplateId, FieldCode, FieldName, FieldType, IsCalculated, CalculationFormula, AcumulationType, FieldOptions, SortOrder, DefaultValue, IsActive, CreatedBy, CreationDate, UpdatedBy, UpdateDate) VALUES ('9A51A318-4C29-4918-B6D5-A58FB0C77507', '639F051C-5AD5-4110-8B7F-0CAB7E346F3C', 'observado', 'Obs.', 'select', 'No aplica', '', 'COUNT', '["si","excep"]', 4, '', 1, 'admin', '2025-11-13T16:58:05.0900000', 'admin', '2025-11-13T16:58:05.0900000');
INSERT INTO dbo.AuditTemplateFields (AuditTemplateFieldId, TableScaleTemplateId, FieldCode, FieldName, FieldType, IsCalculated, CalculationFormula, AcumulationType, FieldOptions, SortOrder, DefaultValue, IsActive, CreatedBy, CreationDate, UpdatedBy, UpdateDate) VALUES ('077343EA-B427-4089-9E49-A7129BB3A60C', '8CB99D27-6A5A-4206-BBA9-A2B24141708A', 'comentario', 'Comentario', 'text', 'No aplica', '', NULL, '[]', 7, '', 1, 'admin', '2025-11-13T16:58:05.0900000', 'admin', '2025-11-13T16:58:05.0900000');
INSERT INTO dbo.AuditTemplateFields (AuditTemplateFieldId, TableScaleTemplateId, FieldCode, FieldName, FieldType, IsCalculated, CalculationFormula, AcumulationType, FieldOptions, SortOrder, DefaultValue, IsActive, CreatedBy, CreationDate, UpdatedBy, UpdateDate) VALUES ('0B46ADFD-474A-4364-B811-A77D4E397CD9', 'BEF36B90-3A98-4E5E-B082-D5A06CECBD56', 'ingresos', 'Ingresos', 'numeric', 'No aplica', '', 'SUM', '[]', 2, '', 1, 'admin', '2025-11-13T16:58:05.0900000', 'admin', '2025-11-13T16:58:05.0900000');
INSERT INTO dbo.AuditTemplateFields (AuditTemplateFieldId, TableScaleTemplateId, FieldCode, FieldName, FieldType, IsCalculated, CalculationFormula, AcumulationType, FieldOptions, SortOrder, DefaultValue, IsActive, CreatedBy, CreationDate, UpdatedBy, UpdateDate) VALUES ('0BCB402A-E355-4E81-A920-AD03A9C92497', 'F81BDC42-E8B1-4CB8-A87F-29F30D4F8583', 'obs', 'Obs.', 'select', 'No aplica', '', 'COUNT', '["si","excep"]', 5, '', 1, 'admin', '2025-11-13T16:58:05.0900000', 'admin', '2025-11-13T16:58:05.0900000');
INSERT INTO dbo.AuditTemplateFields (AuditTemplateFieldId, TableScaleTemplateId, FieldCode, FieldName, FieldType, IsCalculated, CalculationFormula, AcumulationType, FieldOptions, SortOrder, DefaultValue, IsActive, CreatedBy, CreationDate, UpdatedBy, UpdateDate) VALUES ('AC9E2A71-269C-40A2-9380-AE94798CFE22', 'E6195349-5BFD-4E6C-A55F-E0A8C447CF35', 'deposito_integro', 'Depósito Integro - Conteo Dinero y Depósito en Bóveda / Sin Observac.', 'select', 'No aplica', '', 'COUNT', '["Si","Anomalia","Excep"]', 6, '', 1, 'admin', '2025-11-13T16:58:05.0900000', 'admin', '2025-11-13T16:58:05.0900000');
INSERT INTO dbo.AuditTemplateFields (AuditTemplateFieldId, TableScaleTemplateId, FieldCode, FieldName, FieldType, IsCalculated, CalculationFormula, AcumulationType, FieldOptions, SortOrder, DefaultValue, IsActive, CreatedBy, CreationDate, UpdatedBy, UpdateDate) VALUES ('9B316216-C833-4695-B7DE-B0B93E250442', '9E2BE3E0-6B7B-41C8-9542-83DCBD99D26C', 'monto', 'Faltante(-) / Sobrante(+)', 'numeric', 'Excel', 'BR8:BR23', 'SUM', '[]', 2, '', 1, 'admin', '2025-11-17T23:02:02.1016575', 'admin', '2025-11-17T23:02:02.1016576');
INSERT INTO dbo.AuditTemplateFields (AuditTemplateFieldId, TableScaleTemplateId, FieldCode, FieldName, FieldType, IsCalculated, CalculationFormula, AcumulationType, FieldOptions, SortOrder, DefaultValue, IsActive, CreatedBy, CreationDate, UpdatedBy, UpdateDate) VALUES ('153E93DD-38A9-48D4-BC04-B0C34CDC9D74', '788DB008-B705-4CFA-83FE-B8E5E49BC31C', 'datos_documento', 'Datos documento (Nro Doc / Cantidad / Proveedor)', 'text', 'No aplica', '', NULL, '[]', 2, '', 1, 'admin', '2025-11-13T16:58:05.0900000', 'admin', '2025-11-13T16:58:05.0900000');
INSERT INTO dbo.AuditTemplateFields (AuditTemplateFieldId, TableScaleTemplateId, FieldCode, FieldName, FieldType, IsCalculated, CalculationFormula, AcumulationType, FieldOptions, SortOrder, DefaultValue, IsActive, CreatedBy, CreationDate, UpdatedBy, UpdateDate) VALUES ('B440A406-36FB-4605-BF9A-B0C56EC7413C', '7AF24E1C-7117-4C57-8E10-4A3D883145CB', 'diferencia', 'Diferencias por Aplicar S/.', 'numeric', 'Tablas', 'faltante_caja - descuento_sis', 'SUM', '[]', 5, '', 1, 'admin', '2025-11-13T16:58:05.0900000', 'admin', '2025-11-13T16:58:05.0900000');
INSERT INTO dbo.AuditTemplateFields (AuditTemplateFieldId, TableScaleTemplateId, FieldCode, FieldName, FieldType, IsCalculated, CalculationFormula, AcumulationType, FieldOptions, SortOrder, DefaultValue, IsActive, CreatedBy, CreationDate, UpdatedBy, UpdateDate) VALUES ('ACD2DAF5-97BA-4BB5-A4A0-B204743D6597', 'D09F6B29-3BA7-47EC-8F02-CAAB9A8C0A63', 'del', 'Del', 'date', 'No aplica', '', NULL, '[]', 1, '', 1, 'admin', '2025-11-13T16:58:05.0900000', 'admin', '2025-11-13T16:58:05.0900000');
INSERT INTO dbo.AuditTemplateFields (AuditTemplateFieldId, TableScaleTemplateId, FieldCode, FieldName, FieldType, IsCalculated, CalculationFormula, AcumulationType, FieldOptions, SortOrder, DefaultValue, IsActive, CreatedBy, CreationDate, UpdatedBy, UpdateDate) VALUES ('F75B62B1-959A-4006-9B4E-B5248633CCD3', '07C06AB6-2A24-49E7-A976-48EBD049D970', 'insumo', 'Insumo', 'text', 'Excel', 'BC7:BC22', NULL, '[]', 1, '', 1, 'admin', '2025-11-17T22:44:56.4533425', 'admin', '2025-11-17T22:45:54.6288347');
INSERT INTO dbo.AuditTemplateFields (AuditTemplateFieldId, TableScaleTemplateId, FieldCode, FieldName, FieldType, IsCalculated, CalculationFormula, AcumulationType, FieldOptions, SortOrder, DefaultValue, IsActive, CreatedBy, CreationDate, UpdatedBy, UpdateDate) VALUES ('6D391A2A-4B94-4345-8628-B91DAD59B7FD', '4B1EBA56-1DB9-4BDF-BF0B-561EA11A5034', 'cortesia', 'Cortesía', 'select', 'No aplica', '', 'COUNT', '["x","excep"]', 2, '', 1, 'admin', '2025-11-13T16:58:05.0900000', 'admin', '2025-11-13T16:58:05.0900000');
INSERT INTO dbo.AuditTemplateFields (AuditTemplateFieldId, TableScaleTemplateId, FieldCode, FieldName, FieldType, IsCalculated, CalculationFormula, AcumulationType, FieldOptions, SortOrder, DefaultValue, IsActive, CreatedBy, CreationDate, UpdatedBy, UpdateDate) VALUES ('8A367BE5-7EBA-4364-ADE1-B93174D37A49', '710FA9E3-FD8D-4DBA-85BA-995795E08170', 'descarga_vta', 'Papa descargada por VTA en Kg', 'numeric', 'No aplica', '', 'SUM', '[]', 4, '', 1, 'admin', '2025-11-13T16:58:05.0900000', 'admin', '2025-11-18T16:52:43.6631363');
INSERT INTO dbo.AuditTemplateFields (AuditTemplateFieldId, TableScaleTemplateId, FieldCode, FieldName, FieldType, IsCalculated, CalculationFormula, AcumulationType, FieldOptions, SortOrder, DefaultValue, IsActive, CreatedBy, CreationDate, UpdatedBy, UpdateDate) VALUES ('6CA2131E-D6ED-4DE4-83C3-BA4484E5864F', '07C06AB6-2A24-49E7-A976-48EBD049D970', 'monto', 'Monto s/', 'numeric', 'Excel', 'BH7:BH22', 'SUM', '[]', 2, '', 1, 'admin', '2025-11-17T22:47:13.8395838', 'admin', '2025-11-17T22:57:11.9483364');
INSERT INTO dbo.AuditTemplateFields (AuditTemplateFieldId, TableScaleTemplateId, FieldCode, FieldName, FieldType, IsCalculated, CalculationFormula, AcumulationType, FieldOptions, SortOrder, DefaultValue, IsActive, CreatedBy, CreationDate, UpdatedBy, UpdateDate) VALUES ('1F5BDAA3-A525-4F25-9793-BB1AFD14F42E', '138FA4BB-712B-4CCD-B041-263316C32637', 'coment', 'Comentario', 'text', 'No aplica', '', NULL, '[]', 5, 'Ninguna', 1, 'admin', '2025-11-13T16:58:05.0900000', 'admin', '2025-11-17T23:22:50.4196206');
INSERT INTO dbo.AuditTemplateFields (AuditTemplateFieldId, TableScaleTemplateId, FieldCode, FieldName, FieldType, IsCalculated, CalculationFormula, AcumulationType, FieldOptions, SortOrder, DefaultValue, IsActive, CreatedBy, CreationDate, UpdatedBy, UpdateDate) VALUES ('03A91423-9F5D-4759-BDDC-BB629251861D', 'EDD3492C-AE56-44DE-9E9C-E5D64CF6BC8F', 'sobrantes_soles', 'Sobrantes S/.', 'numeric', 'Excel', 'N2', 'SUM', '[]', 4, '', 1, 'admin', '2025-11-13T16:58:05.0900000', 'admin', '2025-11-17T22:21:53.4831932');
INSERT INTO dbo.AuditTemplateFields (AuditTemplateFieldId, TableScaleTemplateId, FieldCode, FieldName, FieldType, IsCalculated, CalculationFormula, AcumulationType, FieldOptions, SortOrder, DefaultValue, IsActive, CreatedBy, CreationDate, UpdatedBy, UpdateDate) VALUES ('E4492201-FE62-4D15-8BC0-BB7BEA30B7C2', '9E2BE3E0-6B7B-41C8-9542-83DCBD99D26C', 'insumo', 'Insumo', 'text', 'Excel', 'BM8:BM23', NULL, '[]', 1, '', 1, 'admin', '2025-11-17T23:00:59.2084072', 'admin', '2025-11-17T23:00:59.2084074');
INSERT INTO dbo.AuditTemplateFields (AuditTemplateFieldId, TableScaleTemplateId, FieldCode, FieldName, FieldType, IsCalculated, CalculationFormula, AcumulationType, FieldOptions, SortOrder, DefaultValue, IsActive, CreatedBy, CreationDate, UpdatedBy, UpdateDate) VALUES ('DB1BD9B1-B7FB-440B-95D5-BCC6431B7201', 'F20556B2-0D00-4DCE-ACAA-1B1021203E0A', 'total', 'Total', 'numeric', 'No aplica', '', 'SUM', '[]', 3, '', 1, 'admin', '2025-11-13T16:58:05.0900000', 'admin', '2025-11-13T16:58:05.0900000');
INSERT INTO dbo.AuditTemplateFields (AuditTemplateFieldId, TableScaleTemplateId, FieldCode, FieldName, FieldType, IsCalculated, CalculationFormula, AcumulationType, FieldOptions, SortOrder, DefaultValue, IsActive, CreatedBy, CreationDate, UpdatedBy, UpdateDate) VALUES ('36F37081-4C33-4725-8773-C0433B37FD7B', 'BB05A45A-54AF-47F3-83FF-CE474D0D4CC3', 'del', 'Del', 'date', 'No aplica', '', NULL, '[]', 1, '', 1, 'admin', '2025-11-13T16:58:05.0900000', 'admin', '2025-11-13T16:58:05.0900000');
INSERT INTO dbo.AuditTemplateFields (AuditTemplateFieldId, TableScaleTemplateId, FieldCode, FieldName, FieldType, IsCalculated, CalculationFormula, AcumulationType, FieldOptions, SortOrder, DefaultValue, IsActive, CreatedBy, CreationDate, UpdatedBy, UpdateDate) VALUES ('4A2D250F-CED5-47B0-9BD2-C10FE0DEEE9F', '5B6E23ED-0F56-47A1-AD07-EEE718CA61A5', 'fecha', 'Fecha', 'date', 'No aplica', '', NULL, '[]', 1, '', 1, 'admin', '2025-11-13T16:58:05.0900000', 'admin', '2025-11-13T16:58:05.0900000');
INSERT INTO dbo.AuditTemplateFields (AuditTemplateFieldId, TableScaleTemplateId, FieldCode, FieldName, FieldType, IsCalculated, CalculationFormula, AcumulationType, FieldOptions, SortOrder, DefaultValue, IsActive, CreatedBy, CreationDate, UpdatedBy, UpdateDate) VALUES ('4A67462F-9FCF-4A19-86EB-C1CFD2E0E787', '63F978E1-BB59-44AB-9164-21CBDA4BBD2B', 'datos_documento', 'Datos documento (Nro Doc/Cantidad/Proveedor)', 'text', 'No aplica', '', NULL, '[]', 2, '', 1, 'admin', '2025-11-13T16:58:05.0900000', 'admin', '2025-11-13T16:58:05.0900000');
INSERT INTO dbo.AuditTemplateFields (AuditTemplateFieldId, TableScaleTemplateId, FieldCode, FieldName, FieldType, IsCalculated, CalculationFormula, AcumulationType, FieldOptions, SortOrder, DefaultValue, IsActive, CreatedBy, CreationDate, UpdatedBy, UpdateDate) VALUES ('5D0C7241-6ED0-44AB-B592-C4D49930489F', 'D09F6B29-3BA7-47EC-8F02-CAAB9A8C0A63', 'porc_dif', '% de diferencia', 'numeric', 'Tablas', 'dif_saz_kg / desca_vta * 100', 'SUM', '[]', 6, '', 1, 'admin', '2025-11-13T16:58:05.0900000', 'admin', '2025-11-24T16:40:23.4929475');
INSERT INTO dbo.AuditTemplateFields (AuditTemplateFieldId, TableScaleTemplateId, FieldCode, FieldName, FieldType, IsCalculated, CalculationFormula, AcumulationType, FieldOptions, SortOrder, DefaultValue, IsActive, CreatedBy, CreationDate, UpdatedBy, UpdateDate) VALUES ('5A4DEC06-24B4-4A8E-84A3-C5CC9D963F2F', 'BB05A45A-54AF-47F3-83FF-CE474D0D4CC3', 'nro_dias_evaluados', 'Nro de Dias evaluados', 'numeric', 'No aplica', '', NULL, '[]', 3, '', 1, 'admin', '2025-11-13T16:58:05.0900000', 'admin', '2025-11-13T16:58:05.0900000');
INSERT INTO dbo.AuditTemplateFields (AuditTemplateFieldId, TableScaleTemplateId, FieldCode, FieldName, FieldType, IsCalculated, CalculationFormula, AcumulationType, FieldOptions, SortOrder, DefaultValue, IsActive, CreatedBy, CreationDate, UpdatedBy, UpdateDate) VALUES ('3D4D71F3-9EA6-41F8-8ACE-C80CEF9CE911', '710FA9E3-FD8D-4DBA-85BA-995795E08170', 'dias_eval', 'Nro de días evaluados', 'numeric', 'No aplica', '', 'SUM', '[]', 3, '', 1, 'admin', '2025-11-13T16:58:05.0900000', 'admin', '2025-11-13T16:58:05.0900000');
INSERT INTO dbo.AuditTemplateFields (AuditTemplateFieldId, TableScaleTemplateId, FieldCode, FieldName, FieldType, IsCalculated, CalculationFormula, AcumulationType, FieldOptions, SortOrder, DefaultValue, IsActive, CreatedBy, CreationDate, UpdatedBy, UpdateDate) VALUES ('5DC4773A-0485-47ED-ACFC-CAD3602AE8DA', '3F6DA6B5-553C-40EB-90AD-338EFF4B4513', 'es_valida', '¿Es valida?', 'select', 'No aplica', '', 'COUNT', '["si","no"]', 3, '', 1, 'admin', '2025-11-13T16:58:05.0900000', 'admin', '2025-11-13T16:58:05.0900000');
INSERT INTO dbo.AuditTemplateFields (AuditTemplateFieldId, TableScaleTemplateId, FieldCode, FieldName, FieldType, IsCalculated, CalculationFormula, AcumulationType, FieldOptions, SortOrder, DefaultValue, IsActive, CreatedBy, CreationDate, UpdatedBy, UpdateDate) VALUES ('1DE031D8-62F3-4E08-A3E9-CDDCE442BC7B', 'BEF36B90-3A98-4E5E-B082-D5A06CECBD56', 'comentario', 'Comentario', 'text', 'No aplica', '', NULL, '[]', 8, '', 1, 'admin', '2025-11-13T16:58:05.0900000', 'admin', '2025-11-13T16:58:05.0900000');
INSERT INTO dbo.AuditTemplateFields (AuditTemplateFieldId, TableScaleTemplateId, FieldCode, FieldName, FieldType, IsCalculated, CalculationFormula, AcumulationType, FieldOptions, SortOrder, DefaultValue, IsActive, CreatedBy, CreationDate, UpdatedBy, UpdateDate) VALUES ('58ECE080-D43D-4EEF-9D52-CDE9F47B0E0E', '8CB99D27-6A5A-4206-BBA9-A2B24141708A', 'al', 'Al', 'date', 'No aplica', '', NULL, '[]', 2, '', 1, 'admin', '2025-11-13T16:58:05.0900000', 'admin', '2025-11-13T16:58:05.0900000');
INSERT INTO dbo.AuditTemplateFields (AuditTemplateFieldId, TableScaleTemplateId, FieldCode, FieldName, FieldType, IsCalculated, CalculationFormula, AcumulationType, FieldOptions, SortOrder, DefaultValue, IsActive, CreatedBy, CreationDate, UpdatedBy, UpdateDate) VALUES ('E20E83F1-B95B-4FC5-8EC9-CEF3B4E6B43F', '03827B06-2E75-4DC5-BA6F-C0CCACD51275', 'coment', 'Comentarios relevantes', 'text', 'No aplica', '', NULL, '[]', 5, 'Ninguna', 1, 'admin', '2025-11-13T16:58:05.0900000', 'admin', '2025-11-17T15:14:25.7886570');
INSERT INTO dbo.AuditTemplateFields (AuditTemplateFieldId, TableScaleTemplateId, FieldCode, FieldName, FieldType, IsCalculated, CalculationFormula, AcumulationType, FieldOptions, SortOrder, DefaultValue, IsActive, CreatedBy, CreationDate, UpdatedBy, UpdateDate) VALUES ('346466A5-BE9D-444C-8E4B-D21560161B3E', 'EDD3492C-AE56-44DE-9E9C-E5D64CF6BC8F', 'coment_neto', 'Comentario Neto', 'text', 'No aplica', '', NULL, '[]', 9, '.', 1, 'admin', '2025-11-13T16:58:05.0900000', 'admin', '2025-11-27T10:45:52.9698606');
INSERT INTO dbo.AuditTemplateFields (AuditTemplateFieldId, TableScaleTemplateId, FieldCode, FieldName, FieldType, IsCalculated, CalculationFormula, AcumulationType, FieldOptions, SortOrder, DefaultValue, IsActive, CreatedBy, CreationDate, UpdatedBy, UpdateDate) VALUES ('EE5D1FDA-ADB2-4843-9CEC-D2E1ED2B7AB0', '8CB99D27-6A5A-4206-BBA9-A2B24141708A', 'del', 'Del', 'date', 'No aplica', '', NULL, '[]', 1, '', 1, 'admin', '2025-11-13T16:58:05.0900000', 'admin', '2025-11-13T16:58:05.0900000');
INSERT INTO dbo.AuditTemplateFields (AuditTemplateFieldId, TableScaleTemplateId, FieldCode, FieldName, FieldType, IsCalculated, CalculationFormula, AcumulationType, FieldOptions, SortOrder, DefaultValue, IsActive, CreatedBy, CreationDate, UpdatedBy, UpdateDate) VALUES ('F12DD5E5-47ED-4422-A760-D387D785DF76', '46B9E394-42A3-4705-BDE2-0B5E475A02B3', 'al', 'Al', 'date', 'No aplica', '', NULL, '[]', 2, '', 1, 'admin', '2025-11-13T16:58:05.0900000', 'admin', '2025-11-13T16:58:05.0900000');
INSERT INTO dbo.AuditTemplateFields (AuditTemplateFieldId, TableScaleTemplateId, FieldCode, FieldName, FieldType, IsCalculated, CalculationFormula, AcumulationType, FieldOptions, SortOrder, DefaultValue, IsActive, CreatedBy, CreationDate, UpdatedBy, UpdateDate) VALUES ('1F63646E-186C-4D86-9D53-D62A77017C65', '188690D7-B460-488D-84C1-B74937FFBDD8', 'detalle_obs', 'Detalle de observaciones / incumplimientos', 'text', 'No aplica', '', NULL, '[]', 4, '', 1, 'admin', '2025-11-13T16:58:05.0900000', 'admin', '2025-11-13T16:58:05.0900000');
INSERT INTO dbo.AuditTemplateFields (AuditTemplateFieldId, TableScaleTemplateId, FieldCode, FieldName, FieldType, IsCalculated, CalculationFormula, AcumulationType, FieldOptions, SortOrder, DefaultValue, IsActive, CreatedBy, CreationDate, UpdatedBy, UpdateDate) VALUES ('1BCFF8DB-6C90-4A2F-9BBD-D82C7E0BA929', '03827B06-2E75-4DC5-BA6F-C0CCACD51275', 'cant', 'Cantidad', 'numeric', 'Excel', 'AY7:AY22', 'SUM', '[]', 3, '', 1, 'admin', '2025-11-13T16:58:05.0900000', 'admin', '2025-11-17T23:15:11.4585264');
INSERT INTO dbo.AuditTemplateFields (AuditTemplateFieldId, TableScaleTemplateId, FieldCode, FieldName, FieldType, IsCalculated, CalculationFormula, AcumulationType, FieldOptions, SortOrder, DefaultValue, IsActive, CreatedBy, CreationDate, UpdatedBy, UpdateDate) VALUES ('E20182C1-4C4F-4A35-8957-D8F76FEFFE89', 'B681099A-A5ED-4E02-BD57-B57361E09EF0', 'caja_chica', 'Caja chica', 'numeric', 'No aplica', '', NULL, '[]', 1, '1000', 1, 'admin', '2025-11-13T16:58:05.0900000', 'admin', '2025-11-13T16:58:05.0900000');
INSERT INTO dbo.AuditTemplateFields (AuditTemplateFieldId, TableScaleTemplateId, FieldCode, FieldName, FieldType, IsCalculated, CalculationFormula, AcumulationType, FieldOptions, SortOrder, DefaultValue, IsActive, CreatedBy, CreationDate, UpdatedBy, UpdateDate) VALUES ('47AA88C1-2563-4D05-B206-DBE299856E68', 'F3811101-AC19-4952-AE67-BD7EAF18CCFB', 'monto', 'Monto', 'numeric', 'Excel', 'BR7:BR22', 'SUM', '[]', 2, '', 1, 'admin', '2025-11-13T16:58:05.0933333', 'admin', '2025-11-17T23:15:25.5143582');
INSERT INTO dbo.AuditTemplateFields (AuditTemplateFieldId, TableScaleTemplateId, FieldCode, FieldName, FieldType, IsCalculated, CalculationFormula, AcumulationType, FieldOptions, SortOrder, DefaultValue, IsActive, CreatedBy, CreationDate, UpdatedBy, UpdateDate) VALUES ('D0022634-C367-41C0-BB26-DEAE195C3115', 'E6195349-5BFD-4E6C-A55F-E0A8C447CF35', 'registro_sistema', 'Registro en Sistema OK', 'select', 'No aplica', '', 'COUNT', '["Si","No","Excep"]', 5, '', 1, 'admin', '2025-11-13T16:58:05.0933333', 'admin', '2025-11-13T16:58:05.0933333');
INSERT INTO dbo.AuditTemplateFields (AuditTemplateFieldId, TableScaleTemplateId, FieldCode, FieldName, FieldType, IsCalculated, CalculationFormula, AcumulationType, FieldOptions, SortOrder, DefaultValue, IsActive, CreatedBy, CreationDate, UpdatedBy, UpdateDate) VALUES ('59AE0B74-5A18-4C8A-8363-DF6941FBD071', '7AF24E1C-7117-4C57-8E10-4A3D883145CB', 'del', 'Del', 'date', 'No aplica', '', NULL, '[]', 1, '', 1, 'admin', '2025-11-13T16:58:05.0933333', 'admin', '2025-11-13T16:58:05.0933333');
INSERT INTO dbo.AuditTemplateFields (AuditTemplateFieldId, TableScaleTemplateId, FieldCode, FieldName, FieldType, IsCalculated, CalculationFormula, AcumulationType, FieldOptions, SortOrder, DefaultValue, IsActive, CreatedBy, CreationDate, UpdatedBy, UpdateDate) VALUES ('49F012E1-F9D4-43BC-8CC1-E39527E8DD19', '4B1EBA56-1DB9-4BDF-BF0B-561EA11A5034', 'fecha', 'Fecha', 'date', 'No aplica', '', NULL, '[]', 1, '', 1, 'admin', '2025-11-13T16:58:05.0933333', 'admin', '2025-11-13T16:58:05.0933333');
INSERT INTO dbo.AuditTemplateFields (AuditTemplateFieldId, TableScaleTemplateId, FieldCode, FieldName, FieldType, IsCalculated, CalculationFormula, AcumulationType, FieldOptions, SortOrder, DefaultValue, IsActive, CreatedBy, CreationDate, UpdatedBy, UpdateDate) VALUES ('4F537F5C-5C06-4A67-A940-E617D147EDF7', 'D09F6B29-3BA7-47EC-8F02-CAAB9A8C0A63', 'desca_vta', 'Sazon descargado por VTA x KG', 'numeric', 'No aplica', '', 'SUM', '[]', 4, '', 1, 'admin', '2025-11-13T16:58:05.0933333', 'admin', '2025-11-18T16:54:20.8104919');
INSERT INTO dbo.AuditTemplateFields (AuditTemplateFieldId, TableScaleTemplateId, FieldCode, FieldName, FieldType, IsCalculated, CalculationFormula, AcumulationType, FieldOptions, SortOrder, DefaultValue, IsActive, CreatedBy, CreationDate, UpdatedBy, UpdateDate) VALUES ('3DBCE8C1-5DF5-4DFD-A589-E6247B3C0259', '4B1EBA56-1DB9-4BDF-BF0B-561EA11A5034', 'prueba', 'Prueba producto', 'select', 'No aplica', '', 'COUNT', '["x","excep"]', 4, '', 1, 'admin', '2025-11-13T16:58:05.0933333', 'admin', '2025-11-13T16:58:05.0933333');
INSERT INTO dbo.AuditTemplateFields (AuditTemplateFieldId, TableScaleTemplateId, FieldCode, FieldName, FieldType, IsCalculated, CalculationFormula, AcumulationType, FieldOptions, SortOrder, DefaultValue, IsActive, CreatedBy, CreationDate, UpdatedBy, UpdateDate) VALUES ('69CEF769-A1EA-4AE6-9A5D-E781DD4F2B25', 'B6661C01-045D-484B-8EA1-D689518C081F', 'efectivo', 'Efectivo', 'numeric', 'No aplica', '', NULL, '[]', 1, '', 1, 'admin', '2025-11-13T16:58:05.0933333', 'admin', '2025-11-13T16:58:05.0933333');
INSERT INTO dbo.AuditTemplateFields (AuditTemplateFieldId, TableScaleTemplateId, FieldCode, FieldName, FieldType, IsCalculated, CalculationFormula, AcumulationType, FieldOptions, SortOrder, DefaultValue, IsActive, CreatedBy, CreationDate, UpdatedBy, UpdateDate) VALUES ('53490156-D9FB-4333-8886-EBA6F0C03244', '7AF24E1C-7117-4C57-8E10-4A3D883145CB', 'faltante_caja', 'Faltantes de Caja Según Sistema Comercial en S/.', 'numeric', 'No aplica', '', 'SUM', '[]', 3, '', 1, 'admin', '2025-11-13T16:58:05.0933333', 'admin', '2025-11-13T16:58:05.0933333');
INSERT INTO dbo.AuditTemplateFields (AuditTemplateFieldId, TableScaleTemplateId, FieldCode, FieldName, FieldType, IsCalculated, CalculationFormula, AcumulationType, FieldOptions, SortOrder, DefaultValue, IsActive, CreatedBy, CreationDate, UpdatedBy, UpdateDate) VALUES ('363210D7-1C39-4F18-8077-EC40556ED3DE', 'F3811101-AC19-4952-AE67-BD7EAF18CCFB', 'insumo', 'Insumo', 'text', 'Excel', 'BM7:BM22', NULL, '[]', 1, '', 1, 'admin', '2025-11-13T16:58:05.0933333', 'admin', '2025-11-17T22:32:25.1692671');
INSERT INTO dbo.AuditTemplateFields (AuditTemplateFieldId, TableScaleTemplateId, FieldCode, FieldName, FieldType, IsCalculated, CalculationFormula, AcumulationType, FieldOptions, SortOrder, DefaultValue, IsActive, CreatedBy, CreationDate, UpdatedBy, UpdateDate) VALUES ('11E08A5D-AA52-4788-9618-EF3239067F41', 'E6195349-5BFD-4E6C-A55F-E0A8C447CF35', 'fecha_deposito', 'Fecha Depósito', 'date', 'No aplica', '', NULL, '[]', 2, '', 1, 'admin', '2025-11-13T16:58:05.0933333', 'admin', '2025-11-13T16:58:05.0933333');
INSERT INTO dbo.AuditTemplateFields (AuditTemplateFieldId, TableScaleTemplateId, FieldCode, FieldName, FieldType, IsCalculated, CalculationFormula, AcumulationType, FieldOptions, SortOrder, DefaultValue, IsActive, CreatedBy, CreationDate, UpdatedBy, UpdateDate) VALUES ('737126D7-F2F7-4278-B9EA-EF4198FEF279', 'E3CEB7C8-8EC6-43C5-8C4A-3204460F6807', 'comentario_preg_tres', 'P3: Comentario/Sustento', 'text', 'No aplica', '', NULL, '[]', 6, '.', 1, 'admin', '2025-11-13T16:58:05.0933333', 'admin', '2025-11-26T16:53:03.7885734');
INSERT INTO dbo.AuditTemplateFields (AuditTemplateFieldId, TableScaleTemplateId, FieldCode, FieldName, FieldType, IsCalculated, CalculationFormula, AcumulationType, FieldOptions, SortOrder, DefaultValue, IsActive, CreatedBy, CreationDate, UpdatedBy, UpdateDate) VALUES ('6A43D139-EA58-4687-AAAE-F1D2A3F9A5A6', '188690D7-B460-488D-84C1-B74937FFBDD8', 'al', 'Al', 'date', 'No aplica', '', NULL, '[]', 2, '', 1, 'admin', '2025-11-13T16:58:05.0933333', 'admin', '2025-11-13T16:58:05.0933333');
INSERT INTO dbo.AuditTemplateFields (AuditTemplateFieldId, TableScaleTemplateId, FieldCode, FieldName, FieldType, IsCalculated, CalculationFormula, AcumulationType, FieldOptions, SortOrder, DefaultValue, IsActive, CreatedBy, CreationDate, UpdatedBy, UpdateDate) VALUES ('9736691A-2723-439F-8CE3-F7BA37E09E53', '52E09CAE-5BD4-42A0-8F3D-67FA7E0F65C2', 'monto_soles', 'S/.', 'numeric', 'No aplica', '', 'SUM', '[]', 1, '', 1, 'admin', '2025-11-13T16:58:05.0933333', 'admin', '2025-11-13T16:58:05.0933333');
INSERT INTO dbo.AuditTemplateFields (AuditTemplateFieldId, TableScaleTemplateId, FieldCode, FieldName, FieldType, IsCalculated, CalculationFormula, AcumulationType, FieldOptions, SortOrder, DefaultValue, IsActive, CreatedBy, CreationDate, UpdatedBy, UpdateDate) VALUES ('1FA2DE00-AF1F-4002-A5AD-F86FD6CCC8C8', 'EDD3492C-AE56-44DE-9E9C-E5D64CF6BC8F', 'neto_cant', 'Neto Cant.', 'numeric', 'Excel', 'P3', 'SUM', '[]', 8, '', 1, 'admin', '2025-11-13T16:58:05.0933333', 'admin', '2025-11-17T22:23:16.3718698');
INSERT INTO dbo.AuditTemplateFields (AuditTemplateFieldId, TableScaleTemplateId, FieldCode, FieldName, FieldType, IsCalculated, CalculationFormula, AcumulationType, FieldOptions, SortOrder, DefaultValue, IsActive, CreatedBy, CreationDate, UpdatedBy, UpdateDate) VALUES ('5E12A561-E43F-45E5-BC9D-F987A980F430', '03827B06-2E75-4DC5-BA6F-C0CCACD51275', 'um', 'UM', 'text', 'Excel', 'AZ7:AZ22', NULL, '[]', 4, '', 1, 'admin', '2025-11-13T16:58:05.0933333', 'admin', '2025-11-17T22:38:16.0816795');
INSERT INTO dbo.AuditTemplateFields (AuditTemplateFieldId, TableScaleTemplateId, FieldCode, FieldName, FieldType, IsCalculated, CalculationFormula, AcumulationType, FieldOptions, SortOrder, DefaultValue, IsActive, CreatedBy, CreationDate, UpdatedBy, UpdateDate) VALUES ('E50DD35A-2C7F-42D7-AC27-F99DFAFFB764', '5B6E23ED-0F56-47A1-AD07-EEE718CA61A5', 'elab_hoja_liq', 'Elaboraron Hoja de Liquidacion', 'select', 'No aplica', '', 'COUNT', '["completa","no_hicieron","parcialmente","excepcion"]', 2, '', 1, 'admin', '2025-11-13T16:58:05.0933333', 'admin', '2025-11-13T16:58:05.0933333');
INSERT INTO dbo.AuditTemplateFields (AuditTemplateFieldId, TableScaleTemplateId, FieldCode, FieldName, FieldType, IsCalculated, CalculationFormula, AcumulationType, FieldOptions, SortOrder, DefaultValue, IsActive, CreatedBy, CreationDate, UpdatedBy, UpdateDate) VALUES ('2D949483-4D1B-4254-8E61-FA8A23001648', 'C9C009BF-7417-4240-A295-2EF1D4BDEB9F', 'cant', 'Cantidad', 'numeric', 'Excel', 'AY8:AY23', 'SUM', '[]', 3, '', 1, 'admin', '2025-11-17T22:56:23.2767836', 'admin', '2025-11-17T22:56:41.9348603');
INSERT INTO dbo.AuditTemplateFields (AuditTemplateFieldId, TableScaleTemplateId, FieldCode, FieldName, FieldType, IsCalculated, CalculationFormula, AcumulationType, FieldOptions, SortOrder, DefaultValue, IsActive, CreatedBy, CreationDate, UpdatedBy, UpdateDate) VALUES ('0F88299C-87B6-4DA9-9EFC-FAA64B88318E', '3F6DA6B5-553C-40EB-90AD-338EFF4B4513', 'justificacion', 'Justificación', 'text', 'No aplica', '', NULL, '[]', 2, '', 1, 'admin', '2025-11-13T16:58:05.0933333', 'admin', '2025-11-13T16:58:05.0933333');
INSERT INTO dbo.AuditTemplateFields (AuditTemplateFieldId, TableScaleTemplateId, FieldCode, FieldName, FieldType, IsCalculated, CalculationFormula, AcumulationType, FieldOptions, SortOrder, DefaultValue, IsActive, CreatedBy, CreationDate, UpdatedBy, UpdateDate) VALUES ('140C6179-E54F-4B38-958C-FB5A41552733', '8CB99D27-6A5A-4206-BBA9-A2B24141708A', 'num_p_descargads', 'Número de pollos descargados por VTA', 'numeric', 'No aplica', '', 'SUM', '[]', 4, '', 1, 'admin', '2025-11-13T16:58:05.0933333', 'admin', '2025-11-18T16:47:56.9916048');
INSERT INTO dbo.AuditTemplateFields (AuditTemplateFieldId, TableScaleTemplateId, FieldCode, FieldName, FieldType, IsCalculated, CalculationFormula, AcumulationType, FieldOptions, SortOrder, DefaultValue, IsActive, CreatedBy, CreationDate, UpdatedBy, UpdateDate) VALUES ('63399FD6-764A-4427-932E-FDAF9C8B14BA', 'B975B8B6-F6D0-4D56-BEC7-094C4A788B5F', 'faltante_inv', 'Faltantes de INVENTARIOS S/Sistema Logistico en S/.', 'numeric', 'No aplica', '', 'SUM', '[]', 3, '', 1, 'admin', '2025-11-13T16:58:05.0933333', 'admin', '2025-11-13T16:58:05.0933333');
INSERT INTO dbo.AuditTemplateFields (AuditTemplateFieldId, TableScaleTemplateId, FieldCode, FieldName, FieldType, IsCalculated, CalculationFormula, AcumulationType, FieldOptions, SortOrder, DefaultValue, IsActive, CreatedBy, CreationDate, UpdatedBy, UpdateDate) VALUES ('616B8814-79E6-4DEA-A39E-FED6D86E966D', 'AC17F068-EF70-49BC-9554-1FB07835DD69', 'comp_validos', 'Comprobantes válidos', 'numeric', 'No aplica', '', NULL, '[]', 2, '', 1, 'admin', '2025-11-13T16:58:05.0933333', 'admin', '2025-11-13T16:58:05.0933333');
INSERT INTO dbo.AuditTemplateFields (AuditTemplateFieldId, TableScaleTemplateId, FieldCode, FieldName, FieldType, IsCalculated, CalculationFormula, AcumulationType, FieldOptions, SortOrder, DefaultValue, IsActive, CreatedBy, CreationDate, UpdatedBy, UpdateDate) VALUES ('680E5B9E-FAC0-4794-9293-FF20B49FED7A', '46B9E394-42A3-4705-BDE2-0B5E475A02B3', 'dias_eval', 'Nro de Días evaluados', 'numeric', 'No aplica', '', NULL, '[]', 3, '', 1, 'admin', '2025-11-13T16:58:05.0933333', 'admin', '2025-11-13T16:58:05.0933333');